sku,make,model,year_from,year_to,confidence,matched_text
DEPO-00003,Mazda,BONGO,,,model_only,BONGO
DEPO-00004,Mazda,BONGO,,,model_only,BONGO
DEPO-00005,Mitsubishi,JUNIOR,,,model_only,JUNIOR
DEPO-00006,Mitsubishi,JUNIOR,,,model_only,JUNIOR
DEPO-00007,Toyota,LEVIN,1997,1997,high,LEVIN
DEPO-00008,Toyota,LEVIN,1997,1997,high,LEVIN
DEPO-00009,Suzuki,VITARA,,,model_only,VITARA
DEPO-00010,Suzuki,VITARA,,,model_only,VITARA
DEPO-00011,Suzuki,SWIFT,,,model_only,SWIFT
DEPO-00012,Suzuki,SWIFT,,,model_only,SWIFT
DEPO-00014,Subaru,FORESTER,,,model_only,FORESTER
DEPO-00015,Subaru,FORESTER,,,model_only,FORESTER
DEPO-00016,Subaru,FORESTER,,,model_only,FORESTER
DEPO-00017,Toyota,IPSUM,2004,2004,high,IPSUM
DEPO-00018,Toyota,STARLET,,,model_only,STARLET
DEPO-00020,Toyota,COROLLA,,,model_only,COROLLA
DEPO-00021,Toyota,CALDINA,,,model_only,CALDINA
DEPO-00023,Toyota,COROLLA,1990,1990,high,COROLLA
DEPO-00024,Nissan,TERRANO,,,model_only,TERRANO
DEPO-00027,Suzuki,APV,,,model_only,APV
DEPO-00028,Toyota,HILUX,1990,1990,high,HILUX
DEPO-00030,Toyota,LEVIN,,,model_only,LEVIN
DEPO-00031,Toyota,LEVIN,,,model_only,LEVIN
DEPO-00032,Toyota,PROBOX,,,model_only,PROBOX
DEPO-00033,Toyota,LITEACE,,,model_only,LITEACE
DEPO-00035,Toyota,HIACE,,,model_only,HIACE
DEPO-00036,Toyota,VIGO,,,model_only,VIGO
DEPO-00037,Honda,,,,make_only,Honda
DEPO-00038,Toyota,IPSUM,,,model_only,IPSUM
DEPO-00040,Toyota,LAND CRUISER,,,model_only,LAND CRUISER
DEPO-00041,Mitsubishi,MONTERO,2002,2002,high,MONTERO
DEPO-00042,Mitsubishi,MONTERO,1998,1998,high,MONTERO
DEPO-00043,Mitsubishi,MONTERO,1998,1998,high,MONTERO
DEPO-00044,Toyota,PROBOX,,,model_only,PROBOX
DEPO-00045,Toyota,PROBOX,,,model_only,PROBOX
DEPO-00046,Toyota,RAV4,,,model_only,RAV4
DEPO-00047,Suzuki,ALTO,,,model_only,ALTO
DEPO-00048,Suzuki,SWIFT,,,model_only,SWIFT
DEPO-00049,Suzuki,SWIFT,,,model_only,SWIFT
DEPO-00050,Suzuki,,,,make_only,Suzuki
DEPO-00051,Toyota,NOAH,,,model_only,NOAH
DEPO-00052,Toyota,HIACE,,,model_only,HIACE
DEPO-00053,Toyota,CALDINA,,,model_only,CALDINA
DEPO-00054,Toyota,COROLLA,,,model_only,COROLLA
DEPO-00055,Mitsubishi,CHARIOT,,,model_only,CHARIOT
DEPO-00056,Toyota,STARLET,,,model_only,STARLET
DEPO-00057,Toyota,COROLLA,,,model_only,COROLLA
DEPO-00060,Nissan,URVAN,,,model_only,URVAN
DEPO-00061,Toyota,HIACE,,,model_only,HIACE
DEPO-00062,Toyota,HIACE,,,model_only,HIACE
DEPO-00065,Subaru,,,,make_only,Subaru
DEPO-00066,Toyota,IPSUM,2000,2000,high,IPSUM
DEPO-00067,Toyota,COROLLA,1990,1990,high,COROLLA
DEPO-00068,Toyota,COROLLA,1984,1984,high,COROLLA
DEPO-00069,Toyota,COROLLA,1984,1984,high,COROLLA
DEPO-00070,Toyota,CALDINA,,,model_only,CALDINA
DEPO-00071,Toyota,CALDINA,,,model_only,CALDINA
DEPO-00072,Mitsubishi,JUNIOR,,,model_only,JUNIOR
DEPO-00073,Subaru,IMPREZA,,,model_only,IMPREZA
DEPO-00074,Subaru,IMPREZA,,,model_only,IMPREZA
DEPO-00075,Toyota,HIACE,1985,1988,high,HIACE
DEPO-00076,Nissan,SUNNY,,,model_only,SUNNY
DEPO-00077,Toyota,IPSUM,,,model_only,IPSUM
DEPO-00079,Toyota,,,,make_only,Toyota
DEPO-00080,Toyota,,,,make_only,Toyota
DEPO-00081,Toyota,HILUX,1996,1996,high,HILUX
DEPO-00083,Subaru,DOMINGO,,,model_only,DOMINGO
DEPO-00084,Subaru,DOMINGO,,,model_only,DOMINGO
DEPO-00085,Subaru,FORESTER,1997,1997,high,FORESTER
DEPO-00086,Honda,CIVIC,,,model_only,CIVIC
DEPO-00087,Mitsubishi,,,,make_only,Mitsubishi
DEPO-00088,Suzuki,,,,make_only,Suzuki
DEPO-00089,Suzuki,VITARA,1997,1997,high,VITARA
DEPO-00090,Toyota,HILUX,,,model_only,HILUX
DEPO-00095,Toyota,,,,make_only,Toyota
DEPO-00096,Mitsubishi,MONTERO,,,model_only,MONTERO
DEPO-00097,Toyota,RAV 4,1998,1998,high,RAV 4
DEPO-00098,Toyota,RAV 4,1998,1998,high,RAV 4
DEPO-00099,Subaru,FORESTER,2000,2000,high,FORESTER
DEPO-00100,Subaru,FORESTER,1997,1997,high,FORESTER
DEPO-00102,Toyota,CARIB,,,model_only,CARIB
DEPO-00103,Toyota,COROLLA,1995,1996,high,COROLLA
DEPO-00104,Toyota,,1990,1990,make_only,Toyota
DEPO-00105,Toyota,,,,make_only,Toyota
DEPO-00107,Subaru,DOMINGO,,,model_only,DOMINGO
DEPO-00108,Subaru,,,,make_only,Subaru
DEPO-00109,Subaru,,,,make_only,Subaru
DEPO-00110,Toyota,,,,make_only,Toyota
DEPO-00111,Toyota,CALDINA,,,model_only,CALDINA
DEPO-00112,Mitsubishi,,,,make_only,Mitsubishi
DEPO-00113,Mitsubishi,LANCER,,,model_only,LANCER
DEPO-00114,Toyota,CALDINA,,,model_only,CALDINA
DEPO-00115,Toyota,CALDINA,,,model_only,CALDINA
DEPO-00116,Toyota,CORONA,,,model_only,CORONA
DEPO-00117,Toyota,CORONA,,,model_only,CORONA
DEPO-00118,Subaru,FORESTER,,,model_only,FORESTER
DEPO-00119,Honda,,,,make_only,Honda
DEPO-00122,Toyota,CAMRY,,,model_only,CAMRY
DEPO-00125,Mitsubishi,CHARIOT,,,model_only,CHARIOT
DEPO-00126,Toyota,COROLLA,1992,1992,high,COROLLA
DEPO-00127,Toyota,SPRINTER,1992,1992,high,SPRINTER
DEPO-00130,Toyota,HIACE,1996,1996,high,HIACE
DEPO-00131,Toyota,HIACE,1996,1996,high,HIACE
DEPO-00132,Honda,,,,make_only,Honda
DEPO-00133,Honda,ACCORD,1996,1996,high,ACCORD
DEPO-00134,Honda,ACCORD,1996,1996,high,ACCORD
DEPO-00135,Honda,ACCORD,,,model_only,ACCORD
DEPO-00136,Honda,,,,make_only,Honda
DEPO-00137,Honda,,,,make_only,Honda
DEPO-00138,Honda,,,,make_only,Honda
DEPO-00139,Honda,,,,make_only,Honda
DEPO-00140,Honda,,1995,1995,make_only,Honda
DEPO-00141,Toyota,LEVIN,,,model_only,LEVIN
DEPO-00142,Toyota,LEVIN,,,model_only,LEVIN
DEPO-00143,Toyota,SPRINTER,,,model_only,SPRINTER
DEPO-00144,Toyota,SPRINTER,,,model_only,SPRINTER
DEPO-00145,Mitsubishi,MONTERO,,,model_only,MONTERO
DEPO-00146,Mitsubishi,MONTERO,,,model_only,MONTERO
DEPO-00147,Mitsubishi,JUNIOR,,,model_only,JUNIOR
DEPO-00150,Mitsubishi,,,,make_only,Mitsubishi
DEPO-00151,Mitsubishi,,,,make_only,Mitsubishi
DEPO-00152,Mitsubishi,LANCER,1992,1992,high,LANCER
DEPO-00153,Mitsubishi,LANCER,1992,1992,high,LANCER
DEPO-00154,Mitsubishi,LANCER,1999,1999,high,LANCER
DEPO-00155,Mitsubishi,MONTERO,,,model_only,MONTERO
DEPO-00156,Mitsubishi,MONTERO,,,model_only,MONTERO
DEPO-00157,Nissan,,,,make_only,Nissan
DEPO-00158,Nissan,,,,make_only,Nissan
DEPO-00159,Nissan,AVENIR,,,model_only,AVENIR
DEPO-00160,Nissan,AVENIR,,,model_only,AVENIR
DEPO-00161,Nissan,B14,,,model_only,B14
DEPO-00162,Nissan,B14,,,model_only,B14
DEPO-00163,Nissan,B14,,,model_only,B14
DEPO-00164,Nissan,B14,,,model_only,B14
DEPO-00165,Mazda,BONGO,,,model_only,BONGO
DEPO-00166,Nissan,,,,make_only,Nissan
DEPO-00167,Nissan,,,,make_only,Nissan
DEPO-00168,Nissan,MARCH,2004,2004,high,MARCH
DEPO-00169,Nissan,MARCH,2004,2004,high,MARCH
DEPO-00170,Nissan,SKYLINE,1987,1987,high,SKYLINE
DEPO-00171,Nissan,MARCH,,,model_only,MARCH
DEPO-00172,Nissan,MARCH,,,model_only,MARCH
DEPO-00173,Nissan,,1997,1997,make_only,Nissan
DEPO-00174,Nissan,PULSAR,1995,1995,high,PULSAR
DEPO-00175,Nissan,PULSAR,1995,1995,high,PULSAR
DEPO-00176,Nissan,,,,make_only,Nissan
DEPO-00177,Nissan,SKYLINE,,,model_only,SKYLINE
DEPO-00178,Nissan,SKYLINE,,,model_only,SKYLINE
DEPO-00179,Nissan,,,,make_only,Nissan
DEPO-00180,Toyota,PROBOX,1998,1998,high,PROBOX
DEPO-00181,Toyota,PROBOX,1998,1998,high,PROBOX
DEPO-00182,Toyota,RAV4,1996,1996,high,RAV4
DEPO-00183,Toyota,RAV4,1996,1996,high,RAV4
DEPO-00185,Toyota,HIACE,2008,2008,high,HIACE
DEPO-00186,Toyota,HILUX,1999,1999,high,HILUX
DEPO-00187,Nissan,,1990,1990,make_only,Nissan
DEPO-00188,Nissan,,1990,1990,make_only,Nissan
DEPO-00189,Subaru,DOMINGO,,,model_only,DOMINGO
DEPO-00190,Subaru,IMPREZA,2000,2000,high,IMPREZA
DEPO-00191,Subaru,IMPREZA,2001,2001,high,IMPREZA
DEPO-00194,Toyota,CAMRY,1992,1992,high,CAMRY
DEPO-00195,Toyota,CAMRY,1992,1992,high,CAMRY
DEPO-00196,Toyota,CAMRY,1988,1988,high,CAMRY
DEPO-00197,Toyota,CAMRY,1988,1988,high,CAMRY
DEPO-00198,Toyota,COROLLA,,,model_only,COROLLA
DEPO-00199,Toyota,CORONA,1993,1993,high,CORONA
DEPO-00200,Toyota,,1990,1990,make_only,Toyota
DEPO-00201,Toyota,,1996,1996,make_only,Toyota
DEPO-00202,Toyota,,,,make_only,Toyota
DEPO-00203,Toyota,,,,make_only,Toyota
DEPO-00204,Toyota,IPSUM,,,model_only,IPSUM
DEPO-00205,Toyota,IPSUM,,,model_only,IPSUM
DEPO-00206,Toyota,IPSUM,,,model_only,IPSUM
DEPO-00207,Toyota,IPSUM,,,model_only,IPSUM
DEPO-00208,Toyota,LEVIN,1990,1990,high,LEVIN
DEPO-00209,Toyota,,1998,1998,make_only,Toyota
DEPO-00210,Toyota,,1998,1998,make_only,Toyota
DEPO-00211,Toyota,,1998,1998,make_only,Toyota
DEPO-00212,Toyota,,1998,1998,make_only,Toyota
DEPO-00213,Toyota,,,,make_only,Toyota
DEPO-00214,Toyota,RAV 4,1999,1999,high,RAV 4
DEPO-00215,Toyota,RAV 4,1999,1999,high,RAV 4
DEPO-00216,Toyota,,,,make_only,Toyota
DEPO-00217,Toyota,SPACIO,,,model_only,SPACIO
DEPO-00218,Toyota,,,,make_only,Toyota
DEPO-00219,Toyota,,,,make_only,Toyota
DEPO-00220,Nissan,URVAN,,,model_only,URVAN
DEPO-00222,Toyota,LEVIN,1995,1995,high,LEVIN
DEPO-00223,Mitsubishi,,,,make_only,Mitsubishi
DEPO-00224,Nissan,,,,make_only,Nissan
DEPO-00225,Toyota,CALDINA,,,model_only,CALDINA
DEPO-00226,Toyota,CALDINA,,,model_only,CALDINA
DEPO-00227,Toyota,CELICA,1990,1990,high,CELICA
DEPO-00228,Toyota,CELICA,1998,1998,high,CELICA
DEPO-00229,Toyota,COROLLA,1990,1990,high,COROLLA
DEPO-00230,Toyota,,,,make_only,Toyota
DEPO-00231,Toyota,,,,make_only,Toyota
DEPO-00233,Toyota,LEVIN,1995,1995,high,LEVIN
DEPO-00236,Nissan,,,,make_only,Nissan
DEPO-00237,Nissan,,,,make_only,Nissan
DEPO-00238,Nissan,,1997,1997,make_only,Nissan
DEPO-00239,Nissan,,1997,1997,make_only,Nissan
DEPO-00240,Toyota,,,,make_only,Toyota
DEPO-00241,Toyota,,2000,2000,make_only,Toyota
DEPO-00242,Toyota,,,,make_only,Toyota
DEPO-00243,Toyota,,,,make_only,Toyota
DEPO-00244,Toyota,,,,make_only,Toyota
DEPO-00245,Toyota,,,,make_only,Toyota
DEPO-00246,Toyota,IPSUM,,,model_only,IPSUM
DEPO-00247,Toyota,IPSUM,,,model_only,IPSUM
DEPO-00249,Toyota,HILUX,,,model_only,HILUX
DEPO-00250,Toyota,HILUX,,,model_only,HILUX
DEPO-00251,Toyota,RAV4,,,model_only,RAV4
DEPO-00253,Subaru,,,,make_only,Subaru
DEPO-00254,Toyota,,,,make_only,Toyota
DEPO-00257,Suzuki,,,,make_only,Suzuki
DEPO-00259,Mitsubishi,ASX,2011,2014,high,ASX
DEPO-00260,Mitsubishi,ASX,2011,2014,high,ASX
DEPO-00261,Mitsubishi,CHARIOT,,,model_only,CHARIOT
DEPO-00262,Mitsubishi,CHARIOT,,,model_only,CHARIOT
DEPO-00263,Toyota,COROLLA,1990,1990,high,COROLLA
DEPO-00264,Toyota,COROLLA,1990,1990,high,COROLLA
DEPO-00267,Mitsubishi,,,,make_only,Mitsubishi
DEPO-00268,Mitsubishi,,,,make_only,Mitsubishi
DEPO-00271,Ford,,2014,2017,make_only,Ford
DEPO-00272,Ford,,2014,2017,make_only,Ford
DEPO-00273,Subaru,FORESTER,1997,1997,high,FORESTER
DEPO-00274,Suzuki,VITARA,,,model_only,VITARA
DEPO-00275,Suzuki,VITARA,,,model_only,VITARA
DEPO-00276,Honda,CIVIC,2016,2018,high,CIVIC
DEPO-00277,Honda,CIVIC,,,model_only,CIVIC
DEPO-00278,Honda,CIVIC,,,model_only,CIVIC
DEPO-00279,Honda,,,,make_only,Honda
DEPO-00280,Hyundai,ACCENT,2011,2014,high,ACCENT
DEPO-00281,Hyundai,I10,2013,2016,high,I10
DEPO-00282,Hyundai,I10,2013,2016,high,I10
DEPO-00283,Hyundai,I10,2011,2012,high,I10
DEPO-00284,Hyundai,I10,2011,2012,high,I10
DEPO-00285,Jeep,CHEROKEE,2005,2007,high,CHEROKEE
DEPO-00286,Jeep,CHEROKEE,2005,2007,high,CHEROKEE
DEPO-00287,Kia,SPORTAGE,2000,2002,high,SPORTAGE
DEPO-00288,Kia,SPORTAGE,2000,2002,high,SPORTAGE
DEPO-00289,Kia,SPORTAGE,2000,2002,high,SPORTAGE
DEPO-00290,Kia,SPORTAGE,2000,2002,high,SPORTAGE
DEPO-00291,Mitsubishi,LANCER,2000,2002,high,LANCER
DEPO-00292,Mitsubishi,LANCER,2000,2002,high,LANCER
DEPO-00293,Mitsubishi,LANCER,2000,2001,high,LANCER
DEPO-00294,Mitsubishi,LANCER,2000,2001,high,LANCER
DEPO-00295,Toyota,LEVIN,1990,1990,high,LEVIN
DEPO-00296,Mazda,BT-50,2015,2017,high,BT-50
DEPO-00297,Mazda,BT-50,2015,2017,high,BT-50
DEPO-00298,Mitsubishi,ECLIPSE,2000,2002,high,ECLIPSE
DEPO-00299,Mitsubishi,ECLIPSE,2000,2002,high,ECLIPSE
DEPO-00300,Mitsubishi,GALANT,,,model_only,GALANT
DEPO-00301,Mitsubishi,MONTERO,2000,2006,high,MONTERO
DEPO-00302,Mitsubishi,MONTERO,2000,2006,high,MONTERO
DEPO-00303,Nissan,B13,,,model_only,B13
DEPO-00304,Nissan,B13,,,model_only,B13
DEPO-00305,Nissan,B13,,,model_only,B13
DEPO-00308,Renault,DUSTER,2013,2016,high,DUSTER
DEPO-00309,Renault,DUSTER,2013,2016,high,DUSTER
DEPO-00310,Renault,KWID,2017,2020,high,KWID
DEPO-00311,Renault,KWID,2017,2020,high,KWID
DEPO-00314,Toyota,STARLET,,,model_only,STARLET
DEPO-00315,Toyota,STARLET,,,model_only,STARLET
DEPO-00316,Subaru,DOMINGO,,,model_only,DOMINGO
DEPO-00317,Subaru,DOMINGO,,,model_only,DOMINGO
DEPO-00318,Subaru,IMPREZA,,,model_only,IMPREZA
DEPO-00319,Subaru,IMPREZA,1997,1999,high,IMPREZA
DEPO-00320,Subaru,IMPREZA,1997,1999,high,IMPREZA
DEPO-00326,Suzuki,VITARA,2005,2008,high,VITARA
DEPO-00327,Suzuki,VITARA,2005,2008,high,VITARA
DEPO-00328,Suzuki,SWIFT,2017,2020,high,SWIFT
DEPO-00329,Suzuki,SWIFT,2017,2020,high,SWIFT
DEPO-00330,Toyota,CALDINA,,,model_only,CALDINA
DEPO-00331,Toyota,CALDINA,,,model_only,CALDINA
DEPO-00332,Toyota,CARIB,1996,1996,high,CARIB
DEPO-00333,Toyota,CARIB,1996,1996,high,CARIB
DEPO-00334,Toyota,CORONA,,,model_only,CORONA
DEPO-00335,Toyota,CORONA,,,model_only,CORONA
DEPO-00336,Toyota,CORONA,,,model_only,CORONA
DEPO-00337,Toyota,,,,make_only,Toyota
DEPO-00338,Toyota,,,,make_only,Toyota
DEPO-00339,Toyota,,,,make_only,Toyota
DEPO-00340,Toyota,,,,make_only,Toyota
DEPO-00341,Toyota,,,,make_only,Toyota
DEPO-00342,Toyota,,,,make_only,Toyota
DEPO-00343,Toyota,,,,make_only,Toyota
DEPO-00346,Volkswagen,GOLF,1998,2002,high,GOLF
DEPO-00347,Volkswagen,GOLF,1998,2002,high,GOLF
DEPO-00349,Toyota,HIACE,,,model_only,HIACE
DEPO-00350,Toyota,HIACE,,,model_only,HIACE
DEPO-00351,Toyota,SPRINTER,,,model_only,SPRINTER
DEPO-00352,Toyota,COROLLA,2002,2002,high,COROLLA
DEPO-00353,Nissan,,,,make_only,Nissan
DEPO-00354,Toyota,TOWNACE,,,model_only,TOWNACE
DEPO-00355,Suzuki,,,,make_only,SUZUQUI
DEPO-00356,Toyota,HILUX,,,model_only,HILUX
DEPO-00361,Nissan,,2004,2004,make_only,Nissan
DEPO-00362,Suzuki,SWIFT,,,model_only,SWIFT
DEPO-00363,Toyota,CALDINA,,,model_only,CALDINA
DEPO-00364,Toyota,,,,make_only,Toyota
DEPO-00368,Suzuki,VITARA,,,model_only,VITARA
DEPO-00369,Suzuki,VITARA,,,model_only,VITARA
DEPO-00370,Toyota,COROLLA,1990,1990,high,COROLLA
DEPO-00371,Toyota,COROLLA,,,model_only,COROLLA
DEPO-00372,Mitsubishi,MONTERO,,,model_only,MONTERO
DEPO-00373,Suzuki,SAMURAI,,,model_only,SAMURAI
DEPO-00374,Suzuki,SAMURAI,,,model_only,SAMURAI
DEPO-00375,Mitsubishi,ECLIPSE,,,model_only,ECLIPSE
DEPO-00378,Toyota,CALDINA,,,model_only,CALDINA
DEPO-00379,Toyota,CARINA,1991,1991,high,CARINA
DEPO-00380,Toyota,CARINA,,,model_only,CARINA
DEPO-00381,Toyota,CARINA,,,model_only,CARINA
DEPO-00382,Toyota,CARINA,,,model_only,CARINA
DEPO-00383,Toyota,CARINA,,,model_only,CARINA
DEPO-00384,Toyota,CARINA,,,model_only,CARINA
DEPO-00385,Toyota,CARINA,,,model_only,CARINA
DEPO-00390,Toyota,COROLLA,,,model_only,COROLLA
DEPO-00391,Toyota,COROLLA,,,model_only,COROLLA
DEPO-00392,Toyota,COROLLA,1984,1984,high,COROLLA
DEPO-00393,Toyota,COROLLA,1984,1984,high,COROLLA
DEPO-00394,Toyota,COROLLA,,,model_only,COROLLA
DEPO-00395,Toyota,CORONA,,,model_only,CORONA
DEPO-00398,Toyota,CALDINA,,,model_only,CALDINA
DEPO-00399,Subaru,IMPREZA,,,model_only,IMPREZA
DEPO-00400,Toyota,CELICA,1990,1990,high,CELICA
DEPO-00401,Toyota,CELICA,1990,1990,high,CELICA
DEPO-00404,Subaru,DOMINGO,,,model_only,DOMINGO
DEPO-00405,Subaru,DOMINGO,,,model_only,DOMINGO
DEPO-00406,Honda,CIVIC,1991,1991,high,CIVIC
DEPO-00407,Honda,CIVIC,1991,1991,high,CIVIC
DEPO-00408,Honda,CIVIC,1991,1991,high,CIVIC
DEPO-00409,Mitsubishi,JUNIOR,,,model_only,JUNIOR
DEPO-00410,Mitsubishi,JUNIOR,,,model_only,JUNIOR
DEPO-00411,Honda,CIVIC,1988,1988,high,CIVIC
DEPO-00412,Honda,CIVIC,1988,1988,high,CIVIC
DEPO-00413,Subaru,IMPREZA,2000,2000,high,IMPREZA
DEPO-00414,Subaru,IMPREZA,2000,2000,high,IMPREZA
DEPO-00415,Mitsubishi,CHARIOT,,,model_only,CHARIOT
DEPO-00416,Mitsubishi,CHARIOT,,,model_only,CHARIOT
DEPO-00417,Toyota,SURF,,,model_only,SURF
DEPO-00418,Toyota,SURF,,,model_only,SURF
DEPO-00419,Subaru,DOMINGO,,,model_only,DOMINGO
DEPO-00426,Toyota,HILUX,,,model_only,HILUX
DEPO-00427,Toyota,HILUX,,,model_only,HILUX
DEPO-00428,Toyota,CALDINA,,,model_only,CALDINA
DEPO-00429,Toyota,CALDINA,,,model_only,CALDINA
DEPO-00432,Subaru,FORESTER,,,model_only,FORESTER
DEPO-00433,Subaru,FORESTER,,,model_only,FORESTER
DEPO-00434,Toyota,RAV 4,2000,2000,high,RAV 4
DEPO-00435,Toyota,RAV 4,2000,2000,high,RAV 4
DEPO-00436,Subaru,IMPREZA,,,model_only,IMPREZA
DEPO-00437,Subaru,IMPREZA,,,model_only,IMPREZA
DEPO-00438,Mitsubishi,LANCER,1992,1992,high,LANCER
DEPO-00439,Mitsubishi,LANCER,1992,1992,high,LANCER
DEPO-00440,Toyota,LEVIN,1996,1996,high,LEVIN
DEPO-00441,Toyota,LEVIN,1996,1996,high,LEVIN
DEPO-00442,Mitsubishi,MONTERO,,,model_only,MONTERO
DEPO-00443,Mitsubishi,MONTERO,,,model_only,MONTERO
DEPO-00444,Nissan,,,,make_only,Nissan
DEPO-00445,Nissan,,,,make_only,Nissan
DEPO-00446,Nissan,,,,make_only,Nissan
DEPO-00447,Nissan,,,,make_only,Nissan
DEPO-00448,Nissan,SUNNY,,,model_only,SUNNY
DEPO-00449,Nissan,SUNNY,,,model_only,SUNNY
DEPO-00450,Nissan,SUNNY,,,model_only,SUNNY
DEPO-00451,Nissan,SUNNY,,,model_only,SUNNY
DEPO-00452,Nissan,SUNNY,,,model_only,SUNNY
DEPO-00453,Nissan,SUNNY,,,model_only,SUNNY
DEPO-00454,Nissan,PRIMERA,,,model_only,PRIMERA
DEPO-00458,Subaru,DOMINGO,,,model_only,DOMINGO
DEPO-00459,Subaru,FORESTER,2005,2005,high,FORESTER
DEPO-00460,Subaru,FORESTER,2005,2005,high,FORESTER
DEPO-00461,Nissan,SUNNY,,,model_only,SUNNY
DEPO-00462,Nissan,SUNNY,,,model_only,SUNNY
DEPO-00463,Toyota,SURF,,,model_only,SURF
DEPO-00466,Suzuki,,,,make_only,Suzuki
DEPO-00468,Toyota,,,,make_only,Toyota
DEPO-00469,Toyota,,,,make_only,Toyota
DEPO-00470,Toyota,LITEACE,,,model_only,LITEACE
DEPO-00471,Toyota,COROLLA,1990,1990,high,COROLLA
DEPO-00472,Toyota,COROLLA,1990,1990,high,COROLLA
DEPO-00475,Mitsubishi,MONTERO,1990,1990,high,MONTERO
DEPO-00476,Mitsubishi,MONTERO,1990,1990,high,MONTERO
DEPO-00478,Subaru,,,,make_only,Subaru
DEPO-00480,Toyota,COROLLA,1987,2026,high,COROLLA
DEPO-00484,Toyota,HILUX,1992,1992,high,HILUX
DEPO-00487,Toyota,CALDINA,,,model_only,CALDINA
DEPO-00488,Toyota,CARIB,1998,1998,high,CARIB
DEPO-00490,Mitsubishi,CHARIOT,,,model_only,CHARIOT
DEPO-00491,Subaru,IMPREZA,,,model_only,IMPREZA
DEPO-00492,Toyota,CALDINA,,,model_only,CALDINA
DEPO-00493,Suzuki,VITARA,,,model_only,VITARA
DEPO-00494,Toyota,IPSUM,1996,1996,high,IPSUM
DEPO-00495,Nissan,,,,make_only,Nissan
DEPO-00496,Subaru,FORESTER,2000,2000,high,FORESTER
DEPO-00499,Toyota,CARIB,,,model_only,CARIB
DEPO-00500,Toyota,CARINA,1985,1985,high,CARINA
DEPO-00501,Toyota,CARINA,1985,1985,high,CARINA
DEPO-00502,Toyota,CARINA,1989,1989,high,CARINA
DEPO-00503,Toyota,HIACE,1992,1992,high,HIACE
DEPO-00507,Nissan,SUNNY,,,model_only,SUNNY
DEPO-00509,Toyota,HIACE,1989,1989,high,HIACE
DEPO-00510,Toyota,HIACE,1985,1985,high,HIACE
DEPO-00511,Toyota,LEVIN,1986,1986,high,LEVIN
DEPO-00512,Toyota,,,,make_only,Toyota
DEPO-00513,Mitsubishi,MONTERO,,,model_only,MONTERO
DEPO-00514,Nissan,MARCH,,,model_only,MARCH
DEPO-00515,Nissan,MARCH,,,model_only,MARCH
DEPO-00517,Suzuki,SAMURAI,,,model_only,SAMURAI
DEPO-00518,Toyota,,,,make_only,Toyota
DEPO-00519,Toyota,,,,make_only,Toyota
DEPO-00520,Toyota,,,,make_only,Toyota
DEPO-00521,Toyota,HIACE,,,model_only,HIACE
DEPO-00522,Nissan,URVAN,,,model_only,URVAN
DEPO-00523,Nissan,URVAN,,,model_only,URVAN
DEPO-00525,Suzuki,VITARA,,,model_only,VITARA
DEPO-00527,Nissan,,,,make_only,Nissan
DEPO-00528,Datsun,,,,make_only,Datsun
DEPO-00529,Toyota,CALDINA,1998,1998,high,CALDINA
DEPO-00530,Mitsubishi,MONTERO,1990,1990,high,MONTERO
DEPO-00531,Toyota,SURF,,,model_only,SURF
DEPO-00532,Mazda,BONGO,,,model_only,BONGO
DEPO-00533,Mazda,BONGO,,,model_only,BONGO
DEPO-00534,Toyota,COROLLA,1984,1986,high,COROLLA
DEPO-00535,Toyota,COROLLA,1984,1986,high,COROLLA
DEPO-00536,Toyota,COROLLA,1993,1995,high,COROLLA
DEPO-00537,Toyota,COROLLA,1993,1995,high,COROLLA
DEPO-00538,Toyota,COROLLA,1999,1999,high,COROLLA
DEPO-00539,Toyota,COROLLA,1999,1999,high,COROLLA
DEPO-00541,Mitsubishi,GALANT,1990,1993,high,GALANT
DEPO-00542,Mitsubishi,GALANT,1990,1993,high,GALANT
DEPO-00543,Mitsubishi,GALANT,1990,1993,high,GALANT
DEPO-00544,Toyota,HIACE,,,model_only,HIACE
DEPO-00545,Toyota,HIACE,,,model_only,HIACE
DEPO-00546,Honda,ACCORD,1991,1991,high,ACCORD
DEPO-00547,Honda,CIVIC,,,model_only,CIVIC
DEPO-00548,Honda,CIVIC,,,model_only,CIVIC
DEPO-00549,Honda,CIVIC,,,model_only,CIVIC
DEPO-00550,Honda,CIVIC,,,model_only,CIVIC
DEPO-00551,Honda,PRELUDE,1992,1996,high,PRELUDE
DEPO-00552,Honda,PRELUDE,1992,1996,high,PRELUDE
DEPO-00553,Mitsubishi,LANCER,1993,1996,high,LANCER
DEPO-00554,Mitsubishi,LANCER,1993,1996,high,LANCER
DEPO-00555,Mazda,BONGO,2000,2002,high,BONGO
DEPO-00556,Mazda,BONGO,2000,2002,high,BONGO
DEPO-00559,Nissan,,,,make_only,Nissan
DEPO-00560,Nissan,,,,make_only,Nissan
DEPO-00565,Nissan,SUNNY,,,model_only,SUNNY
DEPO-00566,Suzuki,,,,make_only,Suzuki
DEPO-00569,Toyota,,1996,1996,make_only,Toyota
DEPO-00570,Toyota,,1996,1996,make_only,Toyota
DEPO-00571,Toyota,HIACE,1989,1989,high,HIACE
DEPO-00572,Toyota,HIACE,2002,2002,high,HIACE
DEPO-00573,Toyota,,1982,1982,make_only,Toyota
DEPO-00574,Toyota,,1982,1982,make_only,Toyota
DEPO-00575,Toyota,NOAH,1997,1998,high,NOAH
DEPO-00580,Toyota,LITEACE,,,model_only,LITEACE
DEPO-00581,Mazda,BONGO,,,model_only,BONGO
DEPO-00583,Toyota,CALDINA,,,model_only,CALDINA
DEPO-00584,Toyota,COROLLA,1978,1978,high,COROLLA
DEPO-00585,Toyota,HIACE,2015,2015,high,HIACE
DEPO-00586,Toyota,HIACE,1989,1989,high,HIACE
DEPO-00587,Toyota,HIACE,2015,2015,high,HIACE
DEPO-00590,Nissan,,,,make_only,Nissan
DEPO-00591,Toyota,PROBOX,,,model_only,PROBOX
DEPO-00592,Suzuki,SWIFT,,,model_only,SWIFT
DEPO-00593,Toyota,NOAH,,,model_only,NOAH
DEPO-00594,Toyota,PROBOX,,,model_only,PROBOX
DEPO-00599,Toyota,HIACE,,,model_only,HIACE
DEPO-00600,Nissan,,,,make_only,Nissan
DEPO-00601,Toyota,PROBOX,,,model_only,PROBOX
DEPO-00602,Toyota,CALDINA,1997,1997,high,CALDINA
DEPO-00603,Toyota,COROLLA,1990,1990,high,COROLLA
DEPO-00604,Toyota,COROLLA,1990,1990,high,COROLLA
DEPO-00605,Toyota,HIACE,,,model_only,HIACE
DEPO-00607,Toyota,NOAH,,,model_only,NOAH
DEPO-00608,Toyota,LAND CRUISER,,,model_only,LAND CRUISER
DEPO-00609,Nissan,URVAN,1990,1990,high,URVAN
DEPO-00610,Nissan,URVAN,1990,1990,high,URVAN
DEPO-00611,Toyota,RAV 4,,,model_only,RAV 4
DEPO-00612,Toyota,HILUX,,,model_only,HILUX
DEPO-00613,Toyota,HILUX,,,model_only,HILUX
DEPO-00614,Toyota,PROBOX,,,model_only,PROBOX
DEPO-00615,Nissan,SKYLINE,,,model_only,SKYLINE
DEPO-00616,Nissan,SKYLINE,,,model_only,SKYLINE
DEPO-00617,Nissan,,,,make_only,Nissan
DEPO-00618,Toyota,CARINA,,,model_only,CARINA
DEPO-00619,Toyota,COROLLA,1998,1998,high,COROLLA
DEPO-00620,Suzuki,VITARA,1999,1999,high,VITARA
DEPO-00621,Toyota,HILUX,1993,1993,high,HILUX
DEPO-00622,Mitsubishi,,,,make_only,Mitsubishi
DEPO-00623,Nissan,,,,make_only,Nissan
DEPO-00624,Nissan,SUNNY,,,model_only,SUNNY
DEPO-00625,Mitsubishi,PAJERO,,,model_only,PAJERO
DEPO-00626,Toyota,STARLET,,,model_only,STARLET
DEPO-00627,Suzuki,VITARA,,,model_only,VITARA
DEPO-00628,Toyota,CALDINA,,,model_only,CALDINA
DEPO-00629,Toyota,LEVIN,1996,1996,high,LEVIN
DEPO-00631,Subaru,FORESTER,,,model_only,FORESTER
DEPO-00632,Toyota,CALDINA,,,model_only,CALDINA
DEPO-00634,Subaru,FORESTER,1997,1997,high,FORESTER
DEPO-00635,Mazda,BONGO,,,model_only,BONGO
DEPO-00636,Mitsubishi,JUNIOR,,,model_only,JUNIOR
DEPO-00637,Nissan,,,,make_only,Nissan
DEPO-00638,Toyota,COROLLA,1990,1990,high,COROLLA
DEPO-00640,Subaru,FORESTER,2000,2000,high,FORESTER
DEPO-00641,Toyota,SURF,1996,1996,high,SURF
DEPO-00642,Toyota,HILUX,1996,1996,high,HILUX
DEPO-00643,Suzuki,VITARA,,,model_only,VITARA
DEPO-00645,Subaru,,,,make_only,Subaru
DEPO-00646,Nissan,TERRANO,1997,1999,high,TERRANO
DEPO-00648,Subaru,FORESTER,,,model_only,FORESTER
DEPO-00649,Toyota,CELICA,,,model_only,CELICA
DEPO-00650,Mitsubishi,CHARIOT,,,model_only,CHARIOT
DEPO-00651,Toyota,SURF,,,model_only,SURF
DEPO-00652,Subaru,DOMINGO,,,model_only,DOMINGO
DEPO-00653,Subaru,FORESTER,,,model_only,FORESTER
DEPO-00654,Subaru,FORESTER,,,model_only,FORESTER
DEPO-00655,Subaru,FORESTER,,,model_only,FORESTER
DEPO-00656,Mitsubishi,LANCER,,,model_only,LANCER
DEPO-00657,Mitsubishi,LANCER,,,model_only,LANCER
DEPO-00658,Mitsubishi,LANCER,,,model_only,LANCER
DEPO-00659,Mitsubishi,LANCER,,,model_only,LANCER
DEPO-00660,Suzuki,VITARA,1999,1999,high,VITARA
DEPO-00661,Suzuki,VITARA,1999,1999,high,VITARA
DEPO-00662,Suzuki,VITARA,1999,1999,high,VITARA
DEPO-00663,Suzuki,VITARA,1999,1999,high,VITARA
DEPO-00664,Toyota,IPSUM,,,model_only,IPSUM
DEPO-00665,Toyota,CALDINA,,,model_only,CALDINA
DEPO-00666,Toyota,CALDINA,,,model_only,CALDINA
DEPO-00667,Mitsubishi,JUNIOR,,,model_only,JUNIOR
DEPO-00668,Nissan,URVAN,,,model_only,URVAN
DEPO-00669,Toyota,CALDINA,,,model_only,CALDINA
DEPO-00670,Jeep,RENEGADE,2015,2020,high,RENEGADE
DEPO-00671,Toyota,COROLLA,,,model_only,COROLLA
DEPO-00672,Toyota,COROLLA,,,model_only,COROLLA
DEPO-00674,Subaru,,,,make_only,Subaru
DEPO-00675,Nissan,BLUBIRT,1996,1996,high,BLUBIRT
DEPO-00676,Toyota,CORONA,1990,1990,high,CORONA
DEPO-00677,Toyota,CORONA,1990,1990,high,CORONA
DEPO-00678,Toyota,CORONA,1990,1990,high,CORONA
DEPO-00679,Toyota,CORONA,1990,1990,high,CORONA
DEPO-00680,Toyota,CORONA,1990,1990,high,CORONA
DEPO-00681,Toyota,CORONA,1990,1990,high,CORONA
DEPO-00682,Nissan,,,,make_only,Nissan
DEPO-00693,Nissan,B14,,,model_only,B14
DEPO-00694,Nissan,B14,,,model_only,B14
DEPO-00695,Mazda,BONGO,,,model_only,BONGO
DEPO-00698,Toyota,CALDINA,,,model_only,CALDINA
DEPO-00699,Toyota,CALDINA,,,model_only,CALDINA
DEPO-00700,Toyota,CALDINA,,,model_only,CALDINA
DEPO-00701,Toyota,CALDINA,,,model_only,CALDINA
DEPO-00702,Toyota,CALDINA,,,model_only,CALDINA
DEPO-00703,Toyota,CARIB,1980,1980,high,CARIB
DEPO-00704,Toyota,CARIB,1990,1990,high,CARIB
DEPO-00705,Toyota,CARIB,1990,1990,high,CARIB
DEPO-00706,Toyota,CARIB,,,model_only,CARIB
DEPO-00707,Toyota,CARIB,,,model_only,CARIB
DEPO-00708,Toyota,CARINA,,,model_only,CARINA
DEPO-00709,Toyota,CARINA,,,model_only,CARINA
DEPO-00712,Toyota,CELICA,1990,1990,high,CELICA
DEPO-00713,Toyota,CELICA,1999,1999,high,CELICA
DEPO-00714,Toyota,CELICA,1999,1999,high,CELICA
DEPO-00717,Mitsubishi,COLT,,,model_only,COLT
DEPO-00718,Mitsubishi,COLT,,,model_only,COLT
DEPO-00719,Toyota,COROLLA,,,model_only,COROLLA
DEPO-00720,Toyota,COROLLA,,,model_only,COROLLA
DEPO-00721,Toyota,COROLLA,1978,1978,high,COROLLA
DEPO-00722,Toyota,COROLLA,1983,1983,high,COROLLA
DEPO-00723,Toyota,COROLLA,1989,1989,high,COROLLA
DEPO-00724,Toyota,COROLLA,1990,1990,high,COROLLA
DEPO-00725,Toyota,COROLLA,1992,1992,high,COROLLA
DEPO-00726,Toyota,COROLLA,1992,1992,high,COROLLA
DEPO-00727,Toyota,COROLLA,,,model_only,COROLLA
DEPO-00728,Toyota,COROLLA,,,model_only,COROLLA
DEPO-00729,Toyota,COROLLA,,,model_only,COROLLA
DEPO-00730,Toyota,COROLLA,,,model_only,COROLLA
DEPO-00733,Toyota,CORONA,,,model_only,CORONA
DEPO-00734,Toyota,CORONA,1999,1999,high,CORONA
DEPO-00735,Toyota,CORONA,1999,1999,high,CORONA
DEPO-00738,Daihatsu,,1995,1995,make_only,Daihatsu
DEPO-00739,Datsun,B310,1979,1979,high,B310
DEPO-00740,Datsun,B310,1979,1979,high,B310
DEPO-00741,Datsun,B310,1979,1979,high,B310
DEPO-00742,Datsun,B310,1979,1979,high,B310
DEPO-00743,Subaru,LEGACY,,,model_only,LEGACY
DEPO-00744,Subaru,LEGACY,,,model_only,LEGACY
DEPO-00745,Dodge,RAM,2002,2006,high,RAM
DEPO-00746,Dodge,RAM,2002,2006,high,RAM
DEPO-00747,Ford,RANGER,2008,2011,high,RANGER
DEPO-00753,Toyota,HIACE,,,model_only,HIACE
DEPO-00754,Toyota,HIACE,1984,1984,high,HIACE
DEPO-00755,Toyota,HILUX,1996,1996,high,HILUX
DEPO-00756,Toyota,HILUX,1996,1996,high,HILUX
DEPO-00757,Honda,CRV,,,model_only,CRV
DEPO-00758,Honda,CRV,,,model_only,CRV
DEPO-00759,Mitsubishi,,,,make_only,Mitsubishi
DEPO-00760,Mitsubishi,,,,make_only,Mitsubishi
DEPO-00761,Honda,,,,make_only,Honda
DEPO-00762,Honda,,,,make_only,Honda
DEPO-00763,Honda,,,,make_only,Honda
DEPO-00764,Honda,,,,make_only,Honda
DEPO-00765,Honda,,,,make_only,Honda
DEPO-00766,Honda,,,,make_only,Honda
DEPO-00767,Subaru,IMPREZA,,,model_only,IMPREZA
DEPO-00768,Subaru,IMPREZA,,,model_only,IMPREZA
DEPO-00769,Honda,,,,make_only,Honda
DEPO-00770,Honda,,,,make_only,Honda
DEPO-00773,Toyota,IPSUM,,,model_only,IPSUM
DEPO-00774,Toyota,LAND CRUISSER,1981,1981,high,LAND CRUISSER
DEPO-00775,Toyota,LAND CRUISSER,1981,1981,high,LAND CRUISSER
DEPO-00776,Toyota,LEVIN,1992,1992,high,LEVIN
DEPO-00777,Toyota,LEVIN,1990,1990,high,LEVIN
DEPO-00778,Toyota,LEVIN,1990,1990,high,LEVIN
DEPO-00783,Nissan,MARCH,,,model_only,MARCH
DEPO-00784,Nissan,MARCH,,,model_only,MARCH
DEPO-00785,Mazda,BT-50,2012,2014,high,BT-50
DEPO-00786,Mazda,BT-50,2012,2014,high,BT-50
DEPO-00787,Mazda,BT-50,2015,2020,high,BT-50
DEPO-00788,Mazda,BT-50,2015,2020,high,BT-50
DEPO-00789,Mitsubishi,CHARIOT,,,model_only,CHARIOT
DEPO-00790,Mitsubishi,CHARIOT,,,model_only,CHARIOT
DEPO-00791,Mitsubishi,,1989,1989,make_only,Mitsubishi
DEPO-00792,Mitsubishi,,1989,1989,make_only,Mitsubishi
DEPO-00793,Mitsubishi,GALANT,,,model_only,GALANT
DEPO-00794,Mitsubishi,JUNIOR,,,model_only,JUNIOR
DEPO-00795,Mitsubishi,LANCER,1992,1996,high,LANCER
DEPO-00798,Mitsubishi,MONTERO,,,model_only,MONTERO
DEPO-00799,Mitsubishi,MONTERO,,,model_only,MONTERO
DEPO-00800,Nissan,URVAN,2020,2020,high,URVAN
DEPO-00801,Nissan,URVAN,2020,2020,high,URVAN
DEPO-00802,Nissan,,,,make_only,Nissan
DEPO-00803,Nissan,,,,make_only,Nissan
DEPO-00804,Nissan,,,,make_only,Nissan
DEPO-00805,Nissan,,,,make_only,Nissan
DEPO-00806,Nissan,,2024,2024,make_only,Nissan
DEPO-00807,Nissan,,2024,2024,make_only,Nissan
DEPO-00808,Nissan,MARCH,1997,1997,high,MARCH
DEPO-00809,Nissan,MARCH,1997,1997,high,MARCH
DEPO-00810,Nissan,PULSAR,,,model_only,PULSAR
DEPO-00811,Nissan,PULSAR,,,model_only,PULSAR
DEPO-00812,Nissan,,,,make_only,Nissan
DEPO-00813,Nissan,,,,make_only,Nissan
DEPO-00814,Nissan,SUNNY,,,model_only,SUNNY
DEPO-00815,Nissan,SUNNY,,,model_only,SUNNY
DEPO-00816,Nissan,SUNNY,,,model_only,SUNNY
DEPO-00817,Nissan,SUNNY,,,model_only,SUNNY
DEPO-00818,Nissan,URVAN,,,model_only,URVAN
DEPO-00819,Honda,PRELUDE,,,model_only,PRELUDE
DEPO-00820,Honda,PRELUDE,,,model_only,PRELUDE
DEPO-00824,Renault,SANDERO,2012,2015,high,SANDERO
DEPO-00831,Toyota,SPRINTER,1993,1993,high,SPRINTER
DEPO-00832,Toyota,STARLET,,,model_only,STARLET
DEPO-00833,Toyota,STARLET,,,model_only,STARLET
DEPO-00834,Toyota,STARLET,,,model_only,STARLET
DEPO-00835,Toyota,STARLET,,,model_only,STARLET
DEPO-00836,Toyota,STARLET,,,model_only,STARLET
DEPO-00837,Subaru,DOMINGO,,,model_only,DOMINGO
DEPO-00838,Subaru,DOMINGO,,,model_only,DOMINGO
DEPO-00839,Subaru,,1997,1997,make_only,Subaru
DEPO-00840,Subaru,,1997,1997,make_only,Subaru
DEPO-00841,Subaru,DOMINGO,,,model_only,DOMINGO
DEPO-00842,Subaru,DOMINGO,,,model_only,DOMINGO
DEPO-00843,Subaru,LEGACY,1992,1992,high,LEGACY
DEPO-00844,Nissan,SUNNY,,,model_only,SUNNY
DEPO-00845,Nissan,SUNNY,,,model_only,SUNNY
DEPO-00846,Suzuki,SAMURAI,,,model_only,SAMURAI
DEPO-00847,Suzuki,ERTIGA,2011,2014,high,ERTIGA
DEPO-00848,Suzuki,VITARA,2005,2005,high,VITARA
DEPO-00849,Suzuki,VITARA,2005,2005,high,VITARA
DEPO-00850,Toyota,,2013,2017,make_only,Toyota
DEPO-00851,Toyota,,2013,2017,make_only,Toyota
DEPO-00852,Toyota,CARINA,1991,1991,high,CARINA
DEPO-00853,Toyota,CARINA,1991,1991,high,CARINA
DEPO-00854,Toyota,COROLLA,,,model_only,COROLLA
DEPO-00855,Toyota,CORONA,,,model_only,CORONA
DEPO-00856,Toyota,LEVIN,,,model_only,LEVIN
DEPO-00857,Toyota,LEVIN,,,model_only,LEVIN
DEPO-00858,Toyota,,,,make_only,Toyota
DEPO-00859,Toyota,,,,make_only,Toyota
DEPO-00860,Toyota,,,,make_only,Toyota
DEPO-00861,Toyota,TERCEL,,,model_only,TERCEL
DEPO-00862,Toyota,TERCEL,,,model_only,TERCEL
DEPO-00863,Toyota,,,,make_only,Toyota
DEPO-00864,Toyota,,,,make_only,Toyota
DEPO-00871,Suzuki,VITARA,,,model_only,VITARA
DEPO-00872,Suzuki,VITARA,2015,2017,high,VITARA
DEPO-00873,Suzuki,VITARA,2015,2017,high,VITARA
DEPO-00875,Volkswagen,,2010,2015,make_only,VOLKSWAGEN
DEPO-00876,Volkswagen,,2010,2015,make_only,VOLKSWAGEN
DEPO-00877,Mitsubishi,LANCER,1992,1992,high,LANCER
DEPO-00879,Subaru,FORESTER,,,model_only,FORESTER
DEPO-00880,Subaru,FORESTER,2000,2002,high,FORESTER
DEPO-00881,Subaru,FORESTER,2000,2002,high,FORESTER
DEPO-00882,Toyota,,,,make_only,Toyota
DEPO-00883,Toyota,,,,make_only,Toyota
DEPO-00886,Subaru,FORESTER,,,model_only,FORESTER
DEPO-00887,Subaru,IMPREZA,,,model_only,IMPREZA
DEPO-00888,Subaru,,,,make_only,Subaru
DEPO-00889,Toyota,CORONA,,,model_only,CORONA
DEPO-00892,Nissan,,,,make_only,Nissan
DEPO-00893,Nissan,,,,make_only,Nissan
DEPO-00894,Nissan,URVAN,,,model_only,URVAN
DEPO-00895,Mitsubishi,MONTERO,,,model_only,MONTERO
DEPO-00896,Mitsubishi,MONTERO,,,model_only,MONTERO
DEPO-00897,Toyota,CAMRY,1992,1992,high,CAMRY
DEPO-00898,Toyota,,,,make_only,Toyota
DEPO-00899,Toyota,,,,make_only,Toyota
DEPO-00900,Honda,,,,make_only,Honda
DEPO-00901,Toyota,IPSUM,,,model_only,IPSUM
DEPO-00902,Toyota,MARK 2,,,model_only,MARK 2
DEPO-00903,Toyota,LEVIN,1992,1992,high,LEVIN
DEPO-00904,Honda,PRELUDE,,,model_only,PRELUDE
DEPO-00905,Honda,PRELUDE,,,model_only,PRELUDE
DEPO-00906,Nissan,B14,,,model_only,B14
DEPO-00907,Nissan,B14,,,model_only,B14
DEPO-00908,Nissan,PULSAR,,,model_only,PULSAR
DEPO-00909,Subaru,IMPREZA,,,model_only,IMPREZA
DEPO-00910,Subaru,IMPREZA,,,model_only,IMPREZA
DEPO-00911,Mitsubishi,,,,make_only,Mitsubishi
DEPO-00912,Daihatsu,,,,make_only,Daihatsu
DEPO-00913,Nissan,E25,,,model_only,E25
DEPO-00914,Toyota,HILUX,,,model_only,HILUX
DEPO-00915,Toyota,STARLET,,,model_only,STARLET
DEPO-00916,Toyota,CALDINA,,,model_only,CALDINA
DEPO-00917,Toyota,CALDINA,,,model_only,CALDINA
DEPO-00918,Toyota,CORONA,1983,1983,high,CORONA
DEPO-00919,Toyota,CARIB,1980,1980,high,CARIB
DEPO-00920,Mitsubishi,LANCER,,,model_only,LANCER
DEPO-00921,Mitsubishi,LANCER,,,model_only,LANCER
DEPO-00922,Toyota,,,,make_only,Toyota
DEPO-00923,Toyota,RAV 4,1997,1997,high,RAV 4
DEPO-00924,Toyota,RAV 4,1997,1997,high,RAV 4
DEPO-00925,Nissan,BLUBIRT,1996,1996,high,BLUBIRT
DEPO-00926,Toyota,,,,make_only,TOYOTASPACIO
DEPO-00927,Toyota,SPACIO,,,model_only,SPACIO
DEPO-00930,Toyota,COROLLA,1990,1990,high,COROLLA
DEPO-00931,Toyota,COROLLA,1990,1990,high,COROLLA
DEPO-00934,Nissan,SUNNY,2005,2005,high,SUNNY
DEPO-00935,Nissan,SUNNY,2005,2005,high,SUNNY
DEPO-00936,Mazda,BONGO,1995,1995,high,BONGO
DEPO-00937,Mazda,BONGO,1995,1995,high,BONGO
DEPO-00938,Mitsubishi,MONTERO,1990,1990,high,MONTERO
DEPO-00941,Toyota,GAIA,,,model_only,GAIA
DEPO-00942,Toyota,GAIA,,,model_only,GAIA
DEPO-00943,Toyota,GRANVIA,,,model_only,GRANVIA
DEPO-00944,Toyota,GRANVIA,,,model_only,GRANVIA
DEPO-00949,Subaru,DOMINGO,,,model_only,DOMINGO
DEPO-00950,Mitsubishi,GRANDIS,,,model_only,GRANDIS
DEPO-00951,Subaru,DOMINGO,,,model_only,DOMINGO
DEPO-00952,Subaru,DOMINGO,,,model_only,DOMINGO
DEPO-00953,Subaru,DOMINGO,,,model_only,DOMINGO
DEPO-00954,Subaru,DOMINGO,,,model_only,DOMINGO
DEPO-00955,Toyota,CALDINA,,,model_only,CALDINA
DEPO-00956,Toyota,COROLLA,,,model_only,COROLLA
DEPO-00957,Toyota,COROLLA,,,model_only,COROLLA
DEPO-00964,Toyota,RAV 4,,,model_only,RAV 4
DEPO-00965,Suzuki,SWIFT,,,model_only,SWIFT
DEPO-00966,Nissan,,,,make_only,NISSAAN
DEPO-00967,Mitsubishi,JUNIOR,,,model_only,JUNIOR
DEPO-00968,Subaru,FORESTER,,,model_only,FORESTER
DEPO-00969,Subaru,IMPREZA,,,model_only,IMPREZA
DEPO-00971,Subaru,,,,make_only,Subaru
DEPO-00972,Toyota,CALDINA,1997,1997,high,CALDINA
DEPO-00973,Toyota,CALDINA,1997,1997,high,CALDINA
DEPO-00975,Subaru,FORESTER,2000,2000,high,FORESTER
DEPO-00976,Toyota,COROLLA,1989,1989,high,COROLLA
DEPO-00977,Mitsubishi,MONTERO,,,model_only,MONTERO
DEPO-00978,Hyundai,I10,,,model_only,I10
DEPO-00979,Hyundai,I10,,,model_only,I10
DEPO-00980,Hyundai,I10,,,model_only,I10
DEPO-00982,Suzuki,VITARA,,,model_only,VITARA
DEPO-00983,Suzuki,VITARA,,,model_only,VITARA
DEPO-00985,Mazda,BT50,2015,2015,high,BT50
DEPO-00986,Mazda,BT50,2015,2015,high,BT50
DEPO-00987,Mitsubishi,LANCER,1995,1995,high,LANCER
DEPO-00988,Mitsubishi,LANCER,1995,1995,high,LANCER
DEPO-00990,Mitsubishi,PAJERO,1996,1996,high,PAJERO
DEPO-00991,Mitsubishi,PAJERO,1996,1996,high,PAJERO
DEPO-00992,Toyota,HILUX,2011,2011,high,HILUX
DEPO-00993,Nissan,PATROL,1995,1995,high,PATROL
DEPO-00994,Honda,CIVIC,1988,1988,high,CIVIC
DEPO-00995,Honda,CIVIC,1988,1988,high,CIVIC
DEPO-00996,Suzuki,SWIFT,,,model_only,SWIFT
DEPO-00997,Suzuki,SWIFT,,,model_only,SWIFT
DEPO-00998,Toyota,FJ40,,,model_only,FJ40
DEPO-00999,Mitsubishi,ECLIPSE,,,model_only,ECLIPSE
DEPO-01000,Mitsubishi,ECLIPSE,,,model_only,ECLIPSE
DEPO-01007,Suzuki,APV,,,model_only,APV
DEPO-01008,Suzuki,APV,,,model_only,APV
DEPO-01009,Nissan,,,,make_only,Nissan
DEPO-01010,Nissan,,,,make_only,Nissan
DEPO-01013,Mitsubishi,,,,make_only,Mitsubishi
DEPO-01014,Suzuki,VITARA,,,model_only,VITARA
DEPO-01015,Nissan,B13,,,model_only,B13
DEPO-01016,Nissan,B13,,,model_only,B13
DEPO-01017,Toyota,HILUX,,,model_only,HILUX
DEPO-01019,Toyota,HILUX,,,model_only,HILUX
DEPO-01020,Suzuki,ALTO,2011,2011,high,ALTO
DEPO-01021,Suzuki,ALTO,2011,2011,high,ALTO
DEPO-01024,Jeep,CHEROKEE,,,model_only,CHEROKEE
DEPO-01026,Nissan,SKYLINE,,,model_only,SKYLINE
DEPO-01027,Nissan,SKYLINE,,,model_only,SKYLINE
DEPO-01033,Subaru,FORESTER,,,model_only,FORESTER
DEPO-01035,Suzuki,VITARA,,,model_only,VITARA
DEPO-01036,Suzuki,VITARA,,,model_only,VITARA
DEPO-01037,Honda,,,,make_only,Honda
DEPO-01038,Honda,,,,make_only,Honda
DEPO-01039,Toyota,COROLLA,1995,1996,high,COROLLA
DEPO-01041,Toyota,RAV 4,1999,1999,high,RAV 4
DEPO-01042,Toyota,RAV 4,1999,1999,high,RAV 4
DEPO-01043,Nissan,SUNNY,,,model_only,SUNNY
DEPO-01047,Toyota,PROBOX,,,model_only,PROBOX
DEPO-01048,Suzuki,APV,,,model_only,APV
DEPO-01050,Toyota,HILUX,,,model_only,HILUX
DEPO-01051,Toyota,RAV 4,,,model_only,RAV 4
DEPO-01052,Mitsubishi,CHARIOT,,,model_only,CHARIOT
DEPO-01054,Toyota,HIACE,,,model_only,HIACE
DEPO-01055,Subaru,,2020,2020,make_only,Subaru
DEPO-01056,Toyota,TERCEL,,,model_only,TERCEL
DEPO-01057,Nissan,VANNETE,,,model_only,VANNETE
DEPO-01058,Toyota,PROBOX,,,model_only,PROBOX
DEPO-01059,Mitsubishi,MONTERO,,,model_only,MONTERO
DEPO-01060,Mitsubishi,MONTERO,,,model_only,MONTERO
DEPO-01061,Toyota,HIACE,,,model_only,HIACE
DEPO-01062,Mitsubishi,MIRAGE,,,model_only,MIRAGE
DEPO-01063,Subaru,FORESTER,,,model_only,FORESTER
DEPO-01064,Mitsubishi,COLT,1987,1987,high,COLT
DEPO-01067,Mitsubishi,MONTERO,,,model_only,MONTERO
DEPO-01068,Mitsubishi,MONTERO,,,model_only,MONTERO
DEPO-01070,Nissan,PATROL,,,model_only,PATROL
DEPO-01071,Nissan,PATROL,,,model_only,PATROL
DEPO-01078,Toyota,HILUX,,,model_only,HILUX
DEPO-01079,Volkswagen,,,,make_only,VOLKSWAGEN
DEPO-01082,Mazda,BONGO,,,model_only,BONGO
DEPO-01083,Nissan,SUNNY,,,model_only,SUNNY
DEPO-01084,Toyota,HILUX,,,model_only,HILUX
DEPO-01085,Toyota,HILUX,,,model_only,HILUX
DEPO-01086,Nissan,PATROL,1987,1987,high,PATROL
DEPO-01087,Nissan,PATROL,1987,1987,high,PATROL
DEPO-01088,Chevrolet,COLORADO,,,model_only,COLORADO
DEPO-01089,Chevrolet,COLORADO,,,model_only,COLORADO
DEPO-01090,Toyota,HIACE,,,model_only,HIACE
DEPO-01091,Toyota,HIACE,,,model_only,HIACE
DEPO-01092,Toyota,CELICA,,,model_only,CELICA
DEPO-01093,Toyota,CELICA,,,model_only,CELICA
DEPO-01094,Jeep,RENEGADE,,,model_only,RENEGADE
DEPO-01095,Toyota,HILUX,,,model_only,HILUX
DEPO-01097,Toyota,COROLLA,1990,1990,high,COROLLA
DEPO-01098,Toyota,COROLLA,1990,1990,high,COROLLA
DEPO-01099,Toyota,IPSUM,,,model_only,IPSUM
DEPO-01100,Toyota,,,,make_only,TOYORA
DEPO-01101,Renault,KIWID,,,model_only,KIWID
DEPO-01102,Nissan,SUNNY,1990,1990,high,SUNNY
DEPO-01103,Mitsubishi,LANCER,1989,1989,high,LANCER
DEPO-01104,Nissan,,,,make_only,Nissan
DEPO-01105,Nissan,,,,make_only,Nissan
DEPO-01106,Nissan,SUNNY,1990,1990,high,SUNNY
DEPO-01107,Mitsubishi,MONTERO,1992,1992,high,MONTERO
DEPO-01108,Ford,EXPLORER,1999,1999,high,EXPLORER
DEPO-01109,Ford,EXPLORER,1999,1999,high,EXPLORER
DEPO-01110,Toyota,COROLLA,1992,1992,high,COROLLA
DEPO-01111,Toyota,COROLLA,1992,1992,high,COROLLA
DEPO-01112,Toyota,CALDINA,,,model_only,CALDINA
DEPO-01113,Toyota,CALDINA,,,model_only,CALDINA
DEPO-01114,Suzuki,VITARA,,,model_only,VITARA
DEPO-01115,Suzuki,VITARA,,,model_only,VITARA
DEPO-01116,Toyota,SPRINTER,1992,1992,high,SPRINTER
DEPO-01118,Toyota,IPSUM,,,model_only,IPSUM
DEPO-01119,Toyota,IPSUM,,,model_only,IPSUM
