sku,branch_code,qty,condition,note
DEPO-00001,SIN_ASIGNAR,1,defective,marked Defectuoso
DEPO-00002,SIN_ASIGNAR,2,good,location unknown in legacy file
DEPO-00003,TELEFERICO,1,good,opening count 2023-01
DEPO-00004,TELEFERICO,1,good,opening count 2023-01
DEPO-00005,SIN_ASIGNAR,1,good,location unknown in legacy file
DEPO-00006,SIN_ASIGNAR,1,good,location unknown in legacy file
DEPO-00007,SIN_ASIGNAR,1,good,location unknown in legacy file
DEPO-00008,SIN_ASIGNAR,1,good,location unknown in legacy file
DEPO-00009,TELEFERICO,1,good,opening count 2023-01
DEPO-00010,TELEFERICO,1,good,opening count 2023-01
DEPO-00011,3MARIAS,1,good,opening count 2023-01
DEPO-00012,3MARIAS,1,good,opening count 2023-01
DEPO-00013,3MARIAS,1,good,opening count 2023-01
DEPO-00014,SIN_ASIGNAR,1,good,location unknown in legacy file
DEPO-00015,3MARIAS,4,good,opening count 2023-01
DEPO-00016,3MARIAS,2,good,opening count 2023-01
DEPO-00017,TELEFERICO,1,good,opening count 2023-01
DEPO-00017,SIN_ASIGNAR,2,good,location unknown in legacy file
DEPO-00018,TELEFERICO,1,good,opening count 2023-01
DEPO-00019,SIN_ASIGNAR,2,good,location unknown in legacy file
DEPO-00020,TELEFERICO,1,good,opening count 2023-01
DEPO-00020,SIN_ASIGNAR,4,good,location unknown in legacy file
DEPO-00021,TELEFERICO,10,good,opening count 2023-01
DEPO-00021,SIN_ASIGNAR,5,good,location unknown in legacy file
DEPO-00022,3MARIAS,1,good,opening count 2023-01
DEPO-00022,TELEFERICO,1,good,opening count 2023-01
DEPO-00022,SIN_ASIGNAR,1,good,location unknown in legacy file
DEPO-00023,3MARIAS,4,good,opening count 2023-01
DEPO-00024,3MARIAS,5,good,opening count 2023-01
DEPO-00024,TELEFERICO,1,good,opening count 2023-01
DEPO-00025,SIN_ASIGNAR,44,good,location unknown in legacy file
DEPO-00026,SIN_ASIGNAR,7,good,location unknown in legacy file
DEPO-00027,SIN_ASIGNAR,1,good,location unknown in legacy file
DEPO-00028,SIN_ASIGNAR,1,good,location unknown in legacy file
DEPO-00029,3MARIAS,3,good,opening count 2023-01
DEPO-00029,TELEFERICO,1,good,opening count 2023-01
DEPO-00030,SIN_ASIGNAR,1,good,location unknown in legacy file
DEPO-00031,SIN_ASIGNAR,1,good,location unknown in legacy file
DEPO-00032,3MARIAS,3,good,opening count 2023-01
DEPO-00032,TELEFERICO,1,good,opening count 2023-01
DEPO-00033,3MARIAS,1,good,opening count 2023-01
DEPO-00033,TELEFERICO,1,good,opening count 2023-01
DEPO-00034,3MARIAS,3,good,opening count 2023-01
DEPO-00034,SIN_ASIGNAR,2,good,location unknown in legacy file
DEPO-00035,3MARIAS,8,good,opening count 2023-01
DEPO-00035,TELEFERICO,1,good,opening count 2023-01
DEPO-00035,SIN_ASIGNAR,3,good,location unknown in legacy file
DEPO-00036,TELEFERICO,2,good,opening count 2023-01
DEPO-00037,3MARIAS,2,good,opening count 2023-01
DEPO-00037,SIN_ASIGNAR,2,good,location unknown in legacy file
DEPO-00038,3MARIAS,2,good,opening count 2023-01
DEPO-00039,3MARIAS,3,good,opening count 2023-01
DEPO-00039,TELEFERICO,1,good,opening count 2023-01
DEPO-00040,TELEFERICO,1,good,opening count 2023-01
DEPO-00040,SIN_ASIGNAR,20,good,location unknown in legacy file
DEPO-00041,TELEFERICO,1,good,opening count 2023-01
DEPO-00041,SIN_ASIGNAR,3,good,location unknown in legacy file
DEPO-00042,SIN_ASIGNAR,1,good,location unknown in legacy file
DEPO-00043,3MARIAS,1,good,opening count 2023-01
DEPO-00043,SIN_ASIGNAR,1,good,location unknown in legacy file
DEPO-00044,3MARIAS,1,good,opening count 2023-01
DEPO-00044,TELEFERICO,2,good,opening count 2023-01
DEPO-00045,3MARIAS,4,good,opening count 2023-01
DEPO-00045,TELEFERICO,1,good,opening count 2023-01
DEPO-00046,SIN_ASIGNAR,1,good,location unknown in legacy file
DEPO-00047,SIN_ASIGNAR,2,good,location unknown in legacy file
DEPO-00048,3MARIAS,1,good,opening count 2023-01
DEPO-00049,3MARIAS,1,good,opening count 2023-01
DEPO-00050,3MARIAS,3,good,opening count 2023-01
DEPO-00050,TELEFERICO,1,good,opening count 2023-01
DEPO-00051,3MARIAS,3,good,opening count 2023-01
DEPO-00052,TELEFERICO,8,good,opening count 2023-01
DEPO-00052,SIN_ASIGNAR,10,good,location unknown in legacy file
DEPO-00053,SIN_ASIGNAR,1,good,location unknown in legacy file
DEPO-00054,TELEFERICO,1,good,opening count 2023-01
DEPO-00054,SIN_ASIGNAR,14,good,location unknown in legacy file
DEPO-00055,TELEFERICO,1,good,opening count 2023-01
DEPO-00056,SIN_ASIGNAR,3,good,location unknown in legacy file
DEPO-00057,SIN_ASIGNAR,2,good,location unknown in legacy file
DEPO-00058,TELEFERICO,1,good,opening count 2023-01
DEPO-00058,SIN_ASIGNAR,9,good,location unknown in legacy file
DEPO-00059,TELEFERICO,1,good,opening count 2023-01
DEPO-00059,SIN_ASIGNAR,2,good,location unknown in legacy file
DEPO-00060,SIN_ASIGNAR,1,good,location unknown in legacy file
DEPO-00061,TELEFERICO,2,good,opening count 2023-01
DEPO-00061,SIN_ASIGNAR,14,good,location unknown in legacy file
DEPO-00062,3MARIAS,3,good,opening count 2023-01
DEPO-00062,TELEFERICO,1,good,opening count 2023-01
DEPO-00063,SIN_ASIGNAR,1,good,location unknown in legacy file
DEPO-00064,SIN_ASIGNAR,2,good,location unknown in legacy file
DEPO-00065,SIN_ASIGNAR,7,good,location unknown in legacy file
DEPO-00066,SIN_ASIGNAR,7,good,location unknown in legacy file
DEPO-00067,SIN_ASIGNAR,1,good,location unknown in legacy file
DEPO-00068,3MARIAS,1,good,opening count 2023-01
DEPO-00069,3MARIAS,2,good,opening count 2023-01
DEPO-00070,SIN_ASIGNAR,1,good,location unknown in legacy file
DEPO-00071,SIN_ASIGNAR,1,good,location unknown in legacy file
DEPO-00072,SIN_ASIGNAR,1,good,location unknown in legacy file
DEPO-00073,SIN_ASIGNAR,1,good,location unknown in legacy file
DEPO-00074,SIN_ASIGNAR,1,good,location unknown in legacy file
DEPO-00075,3MARIAS,3,good,opening count 2023-01
DEPO-00076,3MARIAS,1,good,opening count 2023-01
DEPO-00077,SIN_ASIGNAR,4,good,location unknown in legacy file
DEPO-00078,SIN_ASIGNAR,26,good,location unknown in legacy file
DEPO-00079,SIN_ASIGNAR,6,good,location unknown in legacy file
DEPO-00080,SIN_ASIGNAR,11,good,location unknown in legacy file
DEPO-00081,SIN_ASIGNAR,1,good,location unknown in legacy file
DEPO-00082,SIN_ASIGNAR,6,good,location unknown in legacy file
DEPO-00083,SIN_ASIGNAR,1,good,location unknown in legacy file
DEPO-00084,SIN_ASIGNAR,1,good,location unknown in legacy file
DEPO-00085,SIN_ASIGNAR,1,good,location unknown in legacy file
DEPO-00086,SIN_ASIGNAR,2,good,location unknown in legacy file
DEPO-00087,SIN_ASIGNAR,1,good,location unknown in legacy file
DEPO-00088,SIN_ASIGNAR,1,good,location unknown in legacy file
DEPO-00089,SIN_ASIGNAR,1,good,location unknown in legacy file
DEPO-00090,SIN_ASIGNAR,1,good,location unknown in legacy file
DEPO-00091,SIN_ASIGNAR,25,good,location unknown in legacy file
DEPO-00092,3MARIAS,38,good,opening count 2023-01
DEPO-00092,SIN_ASIGNAR,2,good,location unknown in legacy file
DEPO-00093,SIN_ASIGNAR,45,good,location unknown in legacy file
DEPO-00094,SIN_ASIGNAR,23,good,location unknown in legacy file
DEPO-00095,SIN_ASIGNAR,10,good,location unknown in legacy file
DEPO-00096,SIN_ASIGNAR,4,good,location unknown in legacy file
DEPO-00097,SIN_ASIGNAR,1,good,location unknown in legacy file
DEPO-00098,3MARIAS,1,good,opening count 2023-01
DEPO-00099,SIN_ASIGNAR,1,good,location unknown in legacy file
DEPO-00100,3MARIAS,1,good,opening count 2023-01
DEPO-00101,SIN_ASIGNAR,13,good,location unknown in legacy file
DEPO-00102,SIN_ASIGNAR,3,good,location unknown in legacy file
DEPO-00103,TELEFERICO,1,good,opening count 2023-01
DEPO-00104,3MARIAS,6,good,opening count 2023-01
DEPO-00104,SIN_ASIGNAR,1,good,location unknown in legacy file
DEPO-00105,3MARIAS,1,good,opening count 2023-01
DEPO-00105,SIN_ASIGNAR,1,good,location unknown in legacy file
DEPO-00106,3MARIAS,12,good,opening count 2023-01
DEPO-00106,SIN_ASIGNAR,1,good,location unknown in legacy file
DEPO-00107,SIN_ASIGNAR,1,good,location unknown in legacy file
DEPO-00108,3MARIAS,1,good,opening count 2023-01
DEPO-00109,3MARIAS,2,good,opening count 2023-01
DEPO-00111,3MARIAS,1,good,opening count 2023-01
DEPO-00112,3MARIAS,1,good,opening count 2023-01
DEPO-00113,3MARIAS,1,good,opening count 2023-01
DEPO-00114,SIN_ASIGNAR,1,defective,marked Defectuoso
DEPO-00115,SIN_ASIGNAR,1,good,location unknown in legacy file
DEPO-00116,SIN_ASIGNAR,1,good,location unknown in legacy file
DEPO-00117,SIN_ASIGNAR,1,good,location unknown in legacy file
DEPO-00118,SIN_ASIGNAR,2,good,location unknown in legacy file
DEPO-00119,3MARIAS,2,good,opening count 2023-01
DEPO-00120,3MARIAS,1,good,opening count 2023-01
DEPO-00121,3MARIAS,1,good,opening count 2023-01
DEPO-00122,3MARIAS,1,good,opening count 2023-01
DEPO-00123,3MARIAS,1,good,opening count 2023-01
DEPO-00124,3MARIAS,1,good,opening count 2023-01
DEPO-00125,3MARIAS,2,good,opening count 2023-01
DEPO-00125,TELEFERICO,1,good,opening count 2023-01
DEPO-00126,3MARIAS,1,good,opening count 2023-01
DEPO-00127,SIN_ASIGNAR,1,good,location unknown in legacy file
DEPO-00128,TELEFERICO,2,good,opening count 2023-01
DEPO-00129,TELEFERICO,2,good,opening count 2023-01
DEPO-00129,SIN_ASIGNAR,7,good,location unknown in legacy file
DEPO-00130,TELEFERICO,1,good,opening count 2023-01
DEPO-00131,3MARIAS,1,good,opening count 2023-01
DEPO-00133,3MARIAS,1,good,opening count 2023-01
DEPO-00133,SIN_ASIGNAR,1,good,location unknown in legacy file
DEPO-00134,SIN_ASIGNAR,1,good,location unknown in legacy file
DEPO-00135,3MARIAS,1,good,opening count 2023-01
DEPO-00136,3MARIAS,1,good,opening count 2023-01
DEPO-00137,SIN_ASIGNAR,1,good,location unknown in legacy file
DEPO-00138,3MARIAS,1,good,opening count 2023-01
DEPO-00139,3MARIAS,2,good,opening count 2023-01
DEPO-00140,3MARIAS,1,good,opening count 2023-01
DEPO-00141,SIN_ASIGNAR,3,good,location unknown in legacy file
DEPO-00142,SIN_ASIGNAR,2,good,location unknown in legacy file
DEPO-00143,TELEFERICO,2,good,opening count 2023-01
DEPO-00144,TELEFERICO,1,good,opening count 2023-01
DEPO-00145,SIN_ASIGNAR,1,good,location unknown in legacy file
DEPO-00146,SIN_ASIGNAR,2,good,location unknown in legacy file
DEPO-00147,3MARIAS,1,good,opening count 2023-01
DEPO-00148,3MARIAS,1,good,opening count 2023-01
DEPO-00148,TELEFERICO,1,good,opening count 2023-01
DEPO-00149,3MARIAS,1,good,opening count 2023-01
DEPO-00149,TELEFERICO,1,good,opening count 2023-01
DEPO-00150,3MARIAS,2,good,opening count 2023-01
DEPO-00151,3MARIAS,1,good,opening count 2023-01
DEPO-00152,3MARIAS,1,good,opening count 2023-01
DEPO-00153,3MARIAS,1,good,opening count 2023-01
DEPO-00154,3MARIAS,1,good,opening count 2023-01
DEPO-00155,3MARIAS,1,good,opening count 2023-01
DEPO-00155,SIN_ASIGNAR,1,good,location unknown in legacy file
DEPO-00156,SIN_ASIGNAR,1,good,location unknown in legacy file
DEPO-00157,SIN_ASIGNAR,1,good,location unknown in legacy file
DEPO-00158,SIN_ASIGNAR,1,good,location unknown in legacy file
DEPO-00159,3MARIAS,1,good,opening count 2023-01
DEPO-00160,3MARIAS,1,good,opening count 2023-01
DEPO-00161,3MARIAS,3,good,opening count 2023-01
DEPO-00161,SIN_ASIGNAR,1,good,location unknown in legacy file
DEPO-00162,3MARIAS,3,good,opening count 2023-01
DEPO-00163,SIN_ASIGNAR,1,good,location unknown in legacy file
DEPO-00164,3MARIAS,1,good,opening count 2023-01
DEPO-00165,3MARIAS,1,good,opening count 2023-01
DEPO-00166,TELEFERICO,1,good,opening count 2023-01
DEPO-00167,3MARIAS,2,good,opening count 2023-01
DEPO-00168,3MARIAS,2,good,opening count 2023-01
DEPO-00168,SIN_ASIGNAR,1,good,location unknown in legacy file
DEPO-00169,3MARIAS,3,good,opening count 2023-01
DEPO-00169,SIN_ASIGNAR,1,good,location unknown in legacy file
DEPO-00170,3MARIAS,1,good,opening count 2023-01
DEPO-00171,TELEFERICO,1,good,opening count 2023-01
DEPO-00172,3MARIAS,1,good,opening count 2023-01
DEPO-00173,3MARIAS,1,good,opening count 2023-01
DEPO-00174,3MARIAS,1,good,opening count 2023-01
DEPO-00175,3MARIAS,3,good,opening count 2023-01
DEPO-00175,SIN_ASIGNAR,1,good,location unknown in legacy file
DEPO-00176,3MARIAS,1,good,opening count 2023-01
DEPO-00177,3MARIAS,1,good,opening count 2023-01
DEPO-00178,3MARIAS,1,good,opening count 2023-01
DEPO-00179,SIN_ASIGNAR,1,good,location unknown in legacy file
DEPO-00180,3MARIAS,1,good,opening count 2023-01
DEPO-00180,TELEFERICO,1,good,opening count 2023-01
DEPO-00181,TELEFERICO,1,good,opening count 2023-01
DEPO-00182,3MARIAS,1,good,opening count 2023-01
DEPO-00183,3MARIAS,3,good,opening count 2023-01
DEPO-00184,SIN_ASIGNAR,2,good,location unknown in legacy file
DEPO-00185,3MARIAS,1,good,opening count 2023-01
DEPO-00186,TELEFERICO,1,good,opening count 2023-01
DEPO-00187,3MARIAS,1,good,opening count 2023-01
DEPO-00188,3MARIAS,2,good,opening count 2023-01
DEPO-00188,TELEFERICO,1,good,opening count 2023-01
DEPO-00189,TELEFERICO,1,good,opening count 2023-01
DEPO-00190,3MARIAS,4,good,opening count 2023-01
DEPO-00190,TELEFERICO,1,good,opening count 2023-01
DEPO-00190,SIN_ASIGNAR,7,good,location unknown in legacy file
DEPO-00191,3MARIAS,7,good,opening count 2023-01
DEPO-00191,TELEFERICO,1,good,opening count 2023-01
DEPO-00191,SIN_ASIGNAR,6,good,location unknown in legacy file
DEPO-00192,3MARIAS,1,good,opening count 2023-01
DEPO-00193,3MARIAS,1,good,opening count 2023-01
DEPO-00194,3MARIAS,2,good,opening count 2023-01
DEPO-00194,TELEFERICO,1,good,opening count 2023-01
DEPO-00194,SIN_ASIGNAR,2,good,location unknown in legacy file
DEPO-00195,3MARIAS,2,good,opening count 2023-01
DEPO-00195,TELEFERICO,1,good,opening count 2023-01
DEPO-00196,3MARIAS,1,good,opening count 2023-01
DEPO-00197,3MARIAS,1,good,opening count 2023-01
DEPO-00198,3MARIAS,1,good,opening count 2023-01
DEPO-00199,3MARIAS,1,good,opening count 2023-01
DEPO-00200,3MARIAS,2,good,opening count 2023-01
DEPO-00201,3MARIAS,1,good,opening count 2023-01
DEPO-00202,3MARIAS,3,good,opening count 2023-01
DEPO-00202,TELEFERICO,1,good,opening count 2023-01
DEPO-00203,3MARIAS,2,good,opening count 2023-01
DEPO-00203,TELEFERICO,1,good,opening count 2023-01
DEPO-00204,3MARIAS,2,good,opening count 2023-01
DEPO-00204,TELEFERICO,1,good,opening count 2023-01
DEPO-00205,3MARIAS,1,good,opening count 2023-01
DEPO-00205,TELEFERICO,1,good,opening count 2023-01
DEPO-00205,SIN_ASIGNAR,2,good,location unknown in legacy file
DEPO-00206,3MARIAS,1,good,opening count 2023-01
DEPO-00208,SIN_ASIGNAR,1,good,location unknown in legacy file
DEPO-00209,3MARIAS,1,good,opening count 2023-01
DEPO-00210,3MARIAS,1,good,opening count 2023-01
DEPO-00211,3MARIAS,1,good,opening count 2023-01
DEPO-00212,3MARIAS,1,good,opening count 2023-01
DEPO-00213,3MARIAS,2,good,opening count 2023-01
DEPO-00213,TELEFERICO,1,good,opening count 2023-01
DEPO-00214,3MARIAS,1,good,opening count 2023-01
DEPO-00214,TELEFERICO,1,good,opening count 2023-01
DEPO-00215,3MARIAS,1,good,opening count 2023-01
DEPO-00215,TELEFERICO,1,good,opening count 2023-01
DEPO-00216,TELEFERICO,1,good,opening count 2023-01
DEPO-00217,3MARIAS,3,good,opening count 2023-01
DEPO-00218,3MARIAS,1,good,opening count 2023-01
DEPO-00219,3MARIAS,5,good,opening count 2023-01
DEPO-00220,3MARIAS,4,good,opening count 2023-01
DEPO-00220,TELEFERICO,1,good,opening count 2023-01
DEPO-00221,SIN_ASIGNAR,1,good,location unknown in legacy file
DEPO-00222,SIN_ASIGNAR,1,good,location unknown in legacy file
DEPO-00223,TELEFERICO,1,good,opening count 2023-01
DEPO-00224,3MARIAS,1,good,opening count 2023-01
DEPO-00225,3MARIAS,1,good,opening count 2023-01
DEPO-00225,TELEFERICO,1,good,opening count 2023-01
DEPO-00226,TELEFERICO,1,good,opening count 2023-01
DEPO-00227,3MARIAS,1,good,opening count 2023-01
DEPO-00227,TELEFERICO,1,good,opening count 2023-01
DEPO-00228,3MARIAS,2,good,opening count 2023-01
DEPO-00229,TELEFERICO,1,good,opening count 2023-01
DEPO-00230,3MARIAS,1,good,opening count 2023-01
DEPO-00231,3MARIAS,1,good,opening count 2023-01
DEPO-00232,SIN_ASIGNAR,1,good,location unknown in legacy file
DEPO-00233,3MARIAS,1,good,opening count 2023-01
DEPO-00234,3MARIAS,1,good,opening count 2023-01
DEPO-00235,3MARIAS,2,good,opening count 2023-01
DEPO-00236,3MARIAS,1,good,opening count 2023-01
DEPO-00236,TELEFERICO,1,good,opening count 2023-01
DEPO-00237,TELEFERICO,1,good,opening count 2023-01
DEPO-00238,3MARIAS,1,good,opening count 2023-01
DEPO-00239,3MARIAS,1,good,opening count 2023-01
DEPO-00240,SIN_ASIGNAR,1,good,location unknown in legacy file
DEPO-00241,TELEFERICO,1,good,opening count 2023-01
DEPO-00242,3MARIAS,3,good,opening count 2023-01
DEPO-00243,3MARIAS,1,good,opening count 2023-01
DEPO-00244,3MARIAS,1,good,opening count 2023-01
DEPO-00244,TELEFERICO,1,good,opening count 2023-01
DEPO-00245,3MARIAS,1,good,opening count 2023-01
DEPO-00245,TELEFERICO,1,good,opening count 2023-01
DEPO-00245,SIN_ASIGNAR,1,defective,marked Defectuoso
DEPO-00246,TELEFERICO,2,good,opening count 2023-01
DEPO-00246,SIN_ASIGNAR,5,good,location unknown in legacy file
DEPO-00247,3MARIAS,4,good,opening count 2023-01
DEPO-00247,TELEFERICO,6,good,opening count 2023-01
DEPO-00248,3MARIAS,4,good,opening count 2023-01
DEPO-00248,TELEFERICO,4,good,opening count 2023-01
DEPO-00248,SIN_ASIGNAR,2,good,location unknown in legacy file
DEPO-00249,3MARIAS,2,good,opening count 2023-01
DEPO-00249,TELEFERICO,2,good,opening count 2023-01
DEPO-00250,3MARIAS,2,good,opening count 2023-01
DEPO-00250,SIN_ASIGNAR,2,good,location unknown in legacy file
DEPO-00251,3MARIAS,14,good,opening count 2023-01
DEPO-00251,TELEFERICO,2,good,opening count 2023-01
DEPO-00252,TELEFERICO,1,good,opening count 2023-01
DEPO-00253,3MARIAS,14,good,opening count 2023-01
DEPO-00254,3MARIAS,8,good,opening count 2023-01
DEPO-00255,SIN_ASIGNAR,1,good,location unknown in legacy file
DEPO-00256,3MARIAS,1,good,opening count 2023-01
DEPO-00257,TELEFERICO,1,good,opening count 2023-01
DEPO-00258,SIN_ASIGNAR,1,good,location unknown in legacy file
DEPO-00259,TELEFERICO,1,good,opening count 2023-01
DEPO-00260,TELEFERICO,1,good,opening count 2023-01
DEPO-00261,TELEFERICO,1,good,opening count 2023-01
DEPO-00262,TELEFERICO,1,good,opening count 2023-01
DEPO-00263,SIN_ASIGNAR,1,good,location unknown in legacy file
DEPO-00263,SIN_ASIGNAR,1,defective,marked Defectuoso
DEPO-00264,SIN_ASIGNAR,2,good,location unknown in legacy file
DEPO-00265,SIN_ASIGNAR,1,good,location unknown in legacy file
DEPO-00266,SIN_ASIGNAR,1,good,location unknown in legacy file
DEPO-00267,TELEFERICO,1,good,opening count 2023-01
DEPO-00268,TELEFERICO,1,good,opening count 2023-01
DEPO-00269,TELEFERICO,1,good,opening count 2023-01
DEPO-00270,TELEFERICO,1,good,opening count 2023-01
DEPO-00271,3MARIAS,1,good,opening count 2023-01
DEPO-00272,3MARIAS,1,good,opening count 2023-01
DEPO-00273,SIN_ASIGNAR,1,good,location unknown in legacy file
DEPO-00275,SIN_ASIGNAR,1,good,location unknown in legacy file
DEPO-00276,SIN_ASIGNAR,1,good,location unknown in legacy file
DEPO-00277,SIN_ASIGNAR,1,good,location unknown in legacy file
DEPO-00278,SIN_ASIGNAR,1,good,location unknown in legacy file
DEPO-00279,SIN_ASIGNAR,1,good,location unknown in legacy file
DEPO-00280,SIN_ASIGNAR,1,good,location unknown in legacy file
DEPO-00281,3MARIAS,2,good,opening count 2023-01
DEPO-00282,SIN_ASIGNAR,1,good,location unknown in legacy file
DEPO-00283,3MARIAS,1,good,opening count 2023-01
DEPO-00283,TELEFERICO,1,good,opening count 2023-01
DEPO-00284,TELEFERICO,1,good,opening count 2023-01
DEPO-00285,TELEFERICO,1,good,opening count 2023-01
DEPO-00285,SIN_ASIGNAR,1,good,location unknown in legacy file
DEPO-00286,SIN_ASIGNAR,1,good,location unknown in legacy file
DEPO-00287,SIN_ASIGNAR,1,good,location unknown in legacy file
DEPO-00288,SIN_ASIGNAR,1,good,location unknown in legacy file
DEPO-00289,SIN_ASIGNAR,1,good,location unknown in legacy file
DEPO-00290,SIN_ASIGNAR,1,good,location unknown in legacy file
DEPO-00291,SIN_ASIGNAR,4,good,location unknown in legacy file
DEPO-00292,SIN_ASIGNAR,4,good,location unknown in legacy file
DEPO-00293,3MARIAS,1,good,opening count 2023-01
DEPO-00294,3MARIAS,1,good,opening count 2023-01
DEPO-00295,3MARIAS,2,good,opening count 2023-01
DEPO-00296,SIN_ASIGNAR,1,good,location unknown in legacy file
DEPO-00297,SIN_ASIGNAR,1,good,location unknown in legacy file
DEPO-00298,SIN_ASIGNAR,1,good,location unknown in legacy file
DEPO-00299,SIN_ASIGNAR,1,good,location unknown in legacy file
DEPO-00300,TELEFERICO,1,good,opening count 2023-01
DEPO-00301,SIN_ASIGNAR,1,good,location unknown in legacy file
DEPO-00302,3MARIAS,1,good,opening count 2023-01
DEPO-00303,3MARIAS,2,good,opening count 2023-01
DEPO-00304,3MARIAS,3,good,opening count 2023-01
DEPO-00304,TELEFERICO,1,good,opening count 2023-01
DEPO-00304,SIN_ASIGNAR,1,good,location unknown in legacy file
DEPO-00305,TELEFERICO,1,good,opening count 2023-01
DEPO-00305,SIN_ASIGNAR,1,good,location unknown in legacy file
DEPO-00306,TELEFERICO,1,good,opening count 2023-01
DEPO-00307,TELEFERICO,1,good,opening count 2023-01
DEPO-00308,SIN_ASIGNAR,1,good,location unknown in legacy file
DEPO-00309,SIN_ASIGNAR,1,good,location unknown in legacy file
DEPO-00310,SIN_ASIGNAR,1,good,location unknown in legacy file
DEPO-00311,SIN_ASIGNAR,1,good,location unknown in legacy file
DEPO-00312,3MARIAS,5,good,opening count 2023-01
DEPO-00313,3MARIAS,3,good,opening count 2023-01
DEPO-00313,SIN_ASIGNAR,2,good,location unknown in legacy file
DEPO-00314,SIN_ASIGNAR,5,good,location unknown in legacy file
DEPO-00315,3MARIAS,3,good,opening count 2023-01
DEPO-00315,TELEFERICO,1,good,opening count 2023-01
DEPO-00316,TELEFERICO,1,good,opening count 2023-01
DEPO-00317,TELEFERICO,1,good,opening count 2023-01
DEPO-00318,TELEFERICO,1,good,opening count 2023-01
DEPO-00319,3MARIAS,1,good,opening count 2023-01
DEPO-00320,SIN_ASIGNAR,1,good,location unknown in legacy file
DEPO-00321,SIN_ASIGNAR,1,good,location unknown in legacy file
DEPO-00322,SIN_ASIGNAR,1,good,location unknown in legacy file
DEPO-00323,SIN_ASIGNAR,1,good,location unknown in legacy file
DEPO-00324,SIN_ASIGNAR,1,good,location unknown in legacy file
DEPO-00325,SIN_ASIGNAR,2,good,location unknown in legacy file
DEPO-00326,TELEFERICO,1,good,opening count 2023-01
DEPO-00327,SIN_ASIGNAR,1,good,location unknown in legacy file
DEPO-00328,SIN_ASIGNAR,1,good,location unknown in legacy file
DEPO-00329,SIN_ASIGNAR,1,good,location unknown in legacy file
DEPO-00330,TELEFERICO,2,good,opening count 2023-01
DEPO-00331,TELEFERICO,1,good,opening count 2023-01
DEPO-00332,TELEFERICO,1,good,opening count 2023-01
DEPO-00333,TELEFERICO,1,good,opening count 2023-01
DEPO-00334,SIN_ASIGNAR,1,good,location unknown in legacy file
DEPO-00335,SIN_ASIGNAR,2,good,location unknown in legacy file
DEPO-00336,SIN_ASIGNAR,1,good,location unknown in legacy file
DEPO-00338,TELEFERICO,1,good,opening count 2023-01
DEPO-00339,TELEFERICO,1,good,opening count 2023-01
DEPO-00340,SIN_ASIGNAR,2,good,location unknown in legacy file
DEPO-00341,3MARIAS,1,good,opening count 2023-01
DEPO-00342,3MARIAS,1,good,opening count 2023-01
DEPO-00343,SIN_ASIGNAR,1,good,location unknown in legacy file
DEPO-00344,3MARIAS,1,good,opening count 2023-01
DEPO-00345,3MARIAS,1,good,opening count 2023-01
DEPO-00346,SIN_ASIGNAR,1,good,location unknown in legacy file
DEPO-00347,SIN_ASIGNAR,1,good,location unknown in legacy file
DEPO-00348,3MARIAS,8,good,opening count 2023-01
DEPO-00348,SIN_ASIGNAR,2,good,location unknown in legacy file
DEPO-00349,SIN_ASIGNAR,5,good,location unknown in legacy file
DEPO-00350,SIN_ASIGNAR,1,good,location unknown in legacy file
DEPO-00351,SIN_ASIGNAR,6,good,location unknown in legacy file
DEPO-00352,SIN_ASIGNAR,1,good,location unknown in legacy file
DEPO-00353,SIN_ASIGNAR,5,good,location unknown in legacy file
DEPO-00354,SIN_ASIGNAR,3,good,location unknown in legacy file
DEPO-00355,SIN_ASIGNAR,6,good,location unknown in legacy file
DEPO-00356,3MARIAS,5,good,opening count 2023-01
DEPO-00356,SIN_ASIGNAR,3,good,location unknown in legacy file
DEPO-00357,3MARIAS,1,good,opening count 2023-01
DEPO-00357,SIN_ASIGNAR,1,good,location unknown in legacy file
DEPO-00358,SIN_ASIGNAR,60,good,location unknown in legacy file
DEPO-00359,SIN_ASIGNAR,20,good,location unknown in legacy file
DEPO-00360,SIN_ASIGNAR,60,good,location unknown in legacy file
DEPO-00361,3MARIAS,1,good,opening count 2023-01
DEPO-00362,SIN_ASIGNAR,1,defective,marked Defectuoso
DEPO-00363,3MARIAS,1,good,opening count 2023-01
DEPO-00364,3MARIAS,1,good,opening count 2023-01
DEPO-00365,TELEFERICO,1,good,opening count 2023-01
DEPO-00365,SIN_ASIGNAR,22,good,location unknown in legacy file
DEPO-00366,3MARIAS,1,good,opening count 2023-01
DEPO-00366,SIN_ASIGNAR,1,good,location unknown in legacy file
DEPO-00367,3MARIAS,1,good,opening count 2023-01
DEPO-00367,SIN_ASIGNAR,1,good,location unknown in legacy file
DEPO-00368,3MARIAS,1,good,opening count 2023-01
DEPO-00369,3MARIAS,1,good,opening count 2023-01
DEPO-00370,TELEFERICO,1,good,opening count 2023-01
DEPO-00371,3MARIAS,1,good,opening count 2023-01
DEPO-00372,TELEFERICO,1,good,opening count 2023-01
DEPO-00373,SIN_ASIGNAR,1,good,location unknown in legacy file
DEPO-00374,SIN_ASIGNAR,1,good,location unknown in legacy file
DEPO-00375,TELEFERICO,1,good,opening count 2023-01
DEPO-00376,TELEFERICO,1,good,opening count 2023-01
DEPO-00377,3MARIAS,1,good,opening count 2023-01
DEPO-00377,TELEFERICO,1,good,opening count 2023-01
DEPO-00378,3MARIAS,1,good,opening count 2023-01
DEPO-00379,TELEFERICO,1,good,opening count 2023-01
DEPO-00380,SIN_ASIGNAR,1,good,location unknown in legacy file
DEPO-00381,SIN_ASIGNAR,1,good,location unknown in legacy file
DEPO-00384,TELEFERICO,1,good,opening count 2023-01
DEPO-00384,SIN_ASIGNAR,2,good,location unknown in legacy file
DEPO-00385,SIN_ASIGNAR,1,good,location unknown in legacy file
DEPO-00386,TELEFERICO,1,good,opening count 2023-01
DEPO-00387,TELEFERICO,1,good,opening count 2023-01
DEPO-00388,TELEFERICO,1,good,opening count 2023-01
DEPO-00389,TELEFERICO,1,good,opening count 2023-01
DEPO-00390,TELEFERICO,1,good,opening count 2023-01
DEPO-00391,TELEFERICO,1,good,opening count 2023-01
DEPO-00392,3MARIAS,1,good,opening count 2023-01
DEPO-00393,3MARIAS,1,good,opening count 2023-01
DEPO-00394,3MARIAS,1,good,opening count 2023-01
DEPO-00395,3MARIAS,1,good,opening count 2023-01
DEPO-00396,3MARIAS,1,good,opening count 2023-01
DEPO-00396,SIN_ASIGNAR,1,defective,marked Defectuoso
DEPO-00397,TELEFERICO,2,good,opening count 2023-01
DEPO-00397,SIN_ASIGNAR,1,good,location unknown in legacy file
DEPO-00398,TELEFERICO,1,good,opening count 2023-01
DEPO-00399,SIN_ASIGNAR,1,good,location unknown in legacy file
DEPO-00400,TELEFERICO,1,good,opening count 2023-01
DEPO-00400,SIN_ASIGNAR,2,good,location unknown in legacy file
DEPO-00401,TELEFERICO,1,good,opening count 2023-01
DEPO-00401,SIN_ASIGNAR,2,good,location unknown in legacy file
DEPO-00402,3MARIAS,1,good,opening count 2023-01
DEPO-00402,TELEFERICO,1,good,opening count 2023-01
DEPO-00403,3MARIAS,1,good,opening count 2023-01
DEPO-00403,TELEFERICO,1,good,opening count 2023-01
DEPO-00404,SIN_ASIGNAR,1,defective,marked Defectuoso
DEPO-00405,SIN_ASIGNAR,1,good,location unknown in legacy file
DEPO-00406,TELEFERICO,2,good,opening count 2023-01
DEPO-00407,3MARIAS,1,good,opening count 2023-01
DEPO-00407,SIN_ASIGNAR,1,good,location unknown in legacy file
DEPO-00408,3MARIAS,1,good,opening count 2023-01
DEPO-00408,SIN_ASIGNAR,1,good,location unknown in legacy file
DEPO-00409,SIN_ASIGNAR,1,good,location unknown in legacy file
DEPO-00410,SIN_ASIGNAR,1,good,location unknown in legacy file
DEPO-00411,3MARIAS,1,good,opening count 2023-01
DEPO-00412,SIN_ASIGNAR,1,good,location unknown in legacy file
DEPO-00413,SIN_ASIGNAR,2,good,location unknown in legacy file
DEPO-00414,SIN_ASIGNAR,2,good,location unknown in legacy file
DEPO-00415,TELEFERICO,1,good,opening count 2023-01
DEPO-00416,TELEFERICO,1,good,opening count 2023-01
DEPO-00417,TELEFERICO,1,good,opening count 2023-01
DEPO-00418,TELEFERICO,1,good,opening count 2023-01
DEPO-00419,TELEFERICO,1,good,opening count 2023-01
DEPO-00419,SIN_ASIGNAR,1,good,location unknown in legacy file
DEPO-00420,3MARIAS,1,good,opening count 2023-01
DEPO-00420,TELEFERICO,1,good,opening count 2023-01
DEPO-00420,SIN_ASIGNAR,8,good,location unknown in legacy file
DEPO-00421,3MARIAS,3,good,opening count 2023-01
DEPO-00422,3MARIAS,8,good,opening count 2023-01
DEPO-00423,3MARIAS,5,good,opening count 2023-01
DEPO-00423,TELEFERICO,1,good,opening count 2023-01
DEPO-00423,SIN_ASIGNAR,1,good,location unknown in legacy file
DEPO-00424,3MARIAS,8,good,opening count 2023-01
DEPO-00424,SIN_ASIGNAR,2,good,location unknown in legacy file
DEPO-00425,TELEFERICO,1,good,opening count 2023-01
DEPO-00425,SIN_ASIGNAR,1,good,location unknown in legacy file
DEPO-00426,SIN_ASIGNAR,1,good,location unknown in legacy file
DEPO-00427,SIN_ASIGNAR,1,defective,marked Defectuoso
DEPO-00428,TELEFERICO,1,good,opening count 2023-01
DEPO-00429,TELEFERICO,1,good,opening count 2023-01
DEPO-00430,TELEFERICO,1,good,opening count 2023-01
DEPO-00431,TELEFERICO,1,good,opening count 2023-01
DEPO-00432,SIN_ASIGNAR,1,good,location unknown in legacy file
DEPO-00433,SIN_ASIGNAR,1,good,location unknown in legacy file
DEPO-00434,TELEFERICO,1,good,opening count 2023-01
DEPO-00435,TELEFERICO,1,good,opening count 2023-01
DEPO-00436,TELEFERICO,1,good,opening count 2023-01
DEPO-00436,SIN_ASIGNAR,1,good,location unknown in legacy file
DEPO-00437,TELEFERICO,1,good,opening count 2023-01
DEPO-00437,SIN_ASIGNAR,1,good,location unknown in legacy file
DEPO-00438,TELEFERICO,1,good,opening count 2023-01
DEPO-00439,TELEFERICO,1,good,opening count 2023-01
DEPO-00440,SIN_ASIGNAR,1,good,location unknown in legacy file
DEPO-00441,SIN_ASIGNAR,1,good,location unknown in legacy file
DEPO-00442,TELEFERICO,1,good,opening count 2023-01
DEPO-00443,SIN_ASIGNAR,1,defective,marked Defectuoso
DEPO-00444,3MARIAS,1,good,opening count 2023-01
DEPO-00445,3MARIAS,1,good,opening count 2023-01
DEPO-00446,SIN_ASIGNAR,1,good,location unknown in legacy file
DEPO-00447,SIN_ASIGNAR,1,good,location unknown in legacy file
DEPO-00448,3MARIAS,5,good,opening count 2023-01
DEPO-00448,TELEFERICO,1,good,opening count 2023-01
DEPO-00449,3MARIAS,2,good,opening count 2023-01
DEPO-00449,TELEFERICO,1,good,opening count 2023-01
DEPO-00450,3MARIAS,5,good,opening count 2023-01
DEPO-00451,3MARIAS,8,good,opening count 2023-01
DEPO-00452,3MARIAS,6,good,opening count 2023-01
DEPO-00452,SIN_ASIGNAR,1,defective,marked Defectuoso
DEPO-00453,3MARIAS,5,good,opening count 2023-01
DEPO-00453,SIN_ASIGNAR,1,good,location unknown in legacy file
DEPO-00454,TELEFERICO,1,good,opening count 2023-01
DEPO-00455,SIN_ASIGNAR,1,good,location unknown in legacy file
DEPO-00456,SIN_ASIGNAR,1,good,location unknown in legacy file
DEPO-00457,TELEFERICO,1,good,opening count 2023-01
DEPO-00458,TELEFERICO,1,good,opening count 2023-01
DEPO-00459,SIN_ASIGNAR,1,good,location unknown in legacy file
DEPO-00460,SIN_ASIGNAR,1,good,location unknown in legacy file
DEPO-00461,SIN_ASIGNAR,1,good,location unknown in legacy file
DEPO-00462,TELEFERICO,1,good,opening count 2023-01
DEPO-00462,SIN_ASIGNAR,2,good,location unknown in legacy file
DEPO-00463,TELEFERICO,1,good,opening count 2023-01
DEPO-00464,TELEFERICO,1,good,opening count 2023-01
DEPO-00465,TELEFERICO,1,good,opening count 2023-01
DEPO-00466,3MARIAS,1,good,opening count 2023-01
DEPO-00467,TELEFERICO,1,good,opening count 2023-01
DEPO-00468,SIN_ASIGNAR,1,good,location unknown in legacy file
DEPO-00469,TELEFERICO,1,good,opening count 2023-01
DEPO-00470,TELEFERICO,1,good,opening count 2023-01
DEPO-00472,SIN_ASIGNAR,1,good,location unknown in legacy file
DEPO-00473,SIN_ASIGNAR,4,good,location unknown in legacy file
DEPO-00474,3MARIAS,4,good,opening count 2023-01
DEPO-00474,TELEFERICO,1,good,opening count 2023-01
DEPO-00474,SIN_ASIGNAR,1,good,location unknown in legacy file
DEPO-00475,3MARIAS,2,good,opening count 2023-01
DEPO-00476,3MARIAS,2,good,opening count 2023-01
DEPO-00477,SIN_ASIGNAR,17,good,location unknown in legacy file
DEPO-00478,SIN_ASIGNAR,1,good,location unknown in legacy file
DEPO-00479,SIN_ASIGNAR,2,good,location unknown in legacy file
DEPO-00480,SIN_ASIGNAR,7,good,location unknown in legacy file
DEPO-00481,SIN_ASIGNAR,30,good,location unknown in legacy file
DEPO-00482,SIN_ASIGNAR,2,good,location unknown in legacy file
DEPO-00483,SIN_ASIGNAR,3,good,location unknown in legacy file
DEPO-00484,SIN_ASIGNAR,1,good,location unknown in legacy file
DEPO-00485,SIN_ASIGNAR,24,good,location unknown in legacy file
DEPO-00486,SIN_ASIGNAR,30,good,location unknown in legacy file
DEPO-00487,SIN_ASIGNAR,4,good,location unknown in legacy file
DEPO-00488,SIN_ASIGNAR,2,good,location unknown in legacy file
DEPO-00489,3MARIAS,1,good,opening count 2023-01
DEPO-00490,3MARIAS,1,good,opening count 2023-01
DEPO-00490,SIN_ASIGNAR,1,defective,marked Defectuoso
DEPO-00491,3MARIAS,1,good,opening count 2023-01
DEPO-00492,3MARIAS,2,good,opening count 2023-01
DEPO-00493,3MARIAS,1,good,opening count 2023-01
DEPO-00493,SIN_ASIGNAR,1,good,location unknown in legacy file
DEPO-00494,3MARIAS,1,good,opening count 2023-01
DEPO-00495,3MARIAS,1,good,opening count 2023-01
DEPO-00496,3MARIAS,2,good,opening count 2023-01
DEPO-00497,SIN_ASIGNAR,1,good,location unknown in legacy file
DEPO-00498,3MARIAS,1,good,opening count 2023-01
DEPO-00499,TELEFERICO,1,good,opening count 2023-01
DEPO-00500,TELEFERICO,1,good,opening count 2023-01
DEPO-00500,SIN_ASIGNAR,1,good,location unknown in legacy file
DEPO-00501,SIN_ASIGNAR,1,good,location unknown in legacy file
DEPO-00502,SIN_ASIGNAR,1,good,location unknown in legacy file
DEPO-00503,TELEFERICO,1,good,opening count 2023-01
DEPO-00504,TELEFERICO,1,good,opening count 2023-01
DEPO-00505,SIN_ASIGNAR,1,good,location unknown in legacy file
DEPO-00506,3MARIAS,1,good,opening count 2023-01
DEPO-00507,3MARIAS,1,good,opening count 2023-01
DEPO-00508,3MARIAS,1,good,opening count 2023-01
DEPO-00509,TELEFERICO,1,good,opening count 2023-01
DEPO-00510,SIN_ASIGNAR,1,defective,marked Defectuoso
DEPO-00511,3MARIAS,1,good,opening count 2023-01
DEPO-00512,3MARIAS,1,good,opening count 2023-01
DEPO-00513,3MARIAS,1,good,opening count 2023-01
DEPO-00514,3MARIAS,1,good,opening count 2023-01
DEPO-00515,3MARIAS,1,good,opening count 2023-01
DEPO-00516,TELEFERICO,1,good,opening count 2023-01
DEPO-00517,3MARIAS,1,good,opening count 2023-01
DEPO-00518,3MARIAS,1,good,opening count 2023-01
DEPO-00519,3MARIAS,1,good,opening count 2023-01
DEPO-00520,3MARIAS,1,good,opening count 2023-01
DEPO-00521,SIN_ASIGNAR,1,good,location unknown in legacy file
DEPO-00522,3MARIAS,1,good,opening count 2023-01
DEPO-00523,3MARIAS,3,good,opening count 2023-01
DEPO-00523,SIN_ASIGNAR,1,defective,marked Defectuoso
DEPO-00524,SIN_ASIGNAR,4,good,location unknown in legacy file
DEPO-00525,SIN_ASIGNAR,1,good,location unknown in legacy file
DEPO-00526,3MARIAS,1,good,opening count 2023-01
DEPO-00527,SIN_ASIGNAR,1,good,location unknown in legacy file
DEPO-00528,3MARIAS,1,good,opening count 2023-01
DEPO-00529,SIN_ASIGNAR,1,good,location unknown in legacy file
DEPO-00530,SIN_ASIGNAR,1,good,location unknown in legacy file
DEPO-00531,3MARIAS,1,good,opening count 2023-01
DEPO-00532,TELEFERICO,1,good,opening count 2023-01
DEPO-00533,TELEFERICO,1,good,opening count 2023-01
DEPO-00534,SIN_ASIGNAR,1,defective,marked Defectuoso
DEPO-00535,SIN_ASIGNAR,1,defective,marked Defectuoso
DEPO-00536,SIN_ASIGNAR,8,good,location unknown in legacy file
DEPO-00537,SIN_ASIGNAR,15,good,location unknown in legacy file
DEPO-00538,SIN_ASIGNAR,1,good,location unknown in legacy file
DEPO-00539,SIN_ASIGNAR,1,good,location unknown in legacy file
DEPO-00540,SIN_ASIGNAR,1,good,location unknown in legacy file
DEPO-00541,3MARIAS,1,good,opening count 2023-01
DEPO-00541,SIN_ASIGNAR,1,good,location unknown in legacy file
DEPO-00542,SIN_ASIGNAR,1,good,location unknown in legacy file
DEPO-00543,SIN_ASIGNAR,1,good,location unknown in legacy file
DEPO-00544,3MARIAS,3,good,opening count 2023-01
DEPO-00544,SIN_ASIGNAR,1,good,location unknown in legacy file
DEPO-00545,3MARIAS,5,good,opening count 2023-01
DEPO-00546,TELEFERICO,1,good,opening count 2023-01
DEPO-00547,3MARIAS,1,good,opening count 2023-01
DEPO-00548,3MARIAS,2,good,opening count 2023-01
DEPO-00549,3MARIAS,2,good,opening count 2023-01
DEPO-00550,3MARIAS,2,good,opening count 2023-01
DEPO-00551,3MARIAS,2,good,opening count 2023-01
DEPO-00552,3MARIAS,2,good,opening count 2023-01
DEPO-00553,SIN_ASIGNAR,1,good,location unknown in legacy file
DEPO-00554,SIN_ASIGNAR,1,good,location unknown in legacy file
DEPO-00555,TELEFERICO,1,good,opening count 2023-01
DEPO-00556,TELEFERICO,1,good,opening count 2023-01
DEPO-00557,3MARIAS,1,good,opening count 2023-01
DEPO-00558,3MARIAS,1,good,opening count 2023-01
DEPO-00559,3MARIAS,8,good,opening count 2023-01
DEPO-00559,SIN_ASIGNAR,3,good,location unknown in legacy file
DEPO-00560,3MARIAS,7,good,opening count 2023-01
DEPO-00560,SIN_ASIGNAR,3,good,location unknown in legacy file
DEPO-00561,TELEFERICO,1,good,opening count 2023-01
DEPO-00562,TELEFERICO,1,good,opening count 2023-01
DEPO-00563,TELEFERICO,1,good,opening count 2023-01
DEPO-00564,TELEFERICO,1,good,opening count 2023-01
DEPO-00565,3MARIAS,1,good,opening count 2023-01
DEPO-00566,3MARIAS,2,good,opening count 2023-01
DEPO-00567,SIN_ASIGNAR,1,good,location unknown in legacy file
DEPO-00568,SIN_ASIGNAR,1,good,location unknown in legacy file
DEPO-00569,SIN_ASIGNAR,2,good,location unknown in legacy file
DEPO-00570,SIN_ASIGNAR,1,good,location unknown in legacy file
DEPO-00571,SIN_ASIGNAR,2,defective,marked Defectuoso
DEPO-00572,3MARIAS,5,good,opening count 2023-01
DEPO-00572,TELEFERICO,1,good,opening count 2023-01
DEPO-00573,TELEFERICO,1,good,opening count 2023-01
DEPO-00574,TELEFERICO,1,good,opening count 2023-01
DEPO-00575,TELEFERICO,1,good,opening count 2023-01
DEPO-00576,TELEFERICO,1,good,opening count 2023-01
DEPO-00576,SIN_ASIGNAR,2,good,location unknown in legacy file
DEPO-00577,SIN_ASIGNAR,7,good,location unknown in legacy file
DEPO-00578,SIN_ASIGNAR,2,good,location unknown in legacy file
DEPO-00579,SIN_ASIGNAR,3,good,location unknown in legacy file
DEPO-00580,TELEFERICO,3,good,opening count 2023-01
DEPO-00580,SIN_ASIGNAR,10,good,location unknown in legacy file
DEPO-00581,3MARIAS,8,good,opening count 2023-01
DEPO-00581,SIN_ASIGNAR,12,good,location unknown in legacy file
DEPO-00582,3MARIAS,1,good,opening count 2023-01
DEPO-00582,TELEFERICO,2,good,opening count 2023-01
DEPO-00582,SIN_ASIGNAR,2,good,location unknown in legacy file
DEPO-00583,SIN_ASIGNAR,4,good,location unknown in legacy file
DEPO-00584,TELEFERICO,1,good,opening count 2023-01
DEPO-00585,3MARIAS,4,good,opening count 2023-01
DEPO-00585,TELEFERICO,10,good,opening count 2023-01
DEPO-00586,SIN_ASIGNAR,1,good,location unknown in legacy file
DEPO-00587,3MARIAS,8,good,opening count 2023-01
DEPO-00588,TELEFERICO,2,good,opening count 2023-01
DEPO-00589,3MARIAS,1,good,opening count 2023-01
DEPO-00589,TELEFERICO,1,good,opening count 2023-01
DEPO-00590,3MARIAS,1,good,opening count 2023-01
DEPO-00590,SIN_ASIGNAR,1,good,location unknown in legacy file
DEPO-00591,TELEFERICO,6,good,opening count 2023-01
DEPO-00592,3MARIAS,8,good,opening count 2023-01
DEPO-00593,3MARIAS,2,good,opening count 2023-01
DEPO-00593,TELEFERICO,1,good,opening count 2023-01
DEPO-00594,3MARIAS,5,good,opening count 2023-01
DEPO-00594,SIN_ASIGNAR,2,good,location unknown in legacy file
DEPO-00595,SIN_ASIGNAR,2,good,location unknown in legacy file
DEPO-00596,SIN_ASIGNAR,18,good,location unknown in legacy file
DEPO-00597,TELEFERICO,2,good,opening count 2023-01
DEPO-00598,3MARIAS,12,good,opening count 2023-01
DEPO-00599,TELEFERICO,1,good,opening count 2023-01
DEPO-00599,SIN_ASIGNAR,17,good,location unknown in legacy file
DEPO-00600,SIN_ASIGNAR,4,good,location unknown in legacy file
DEPO-00601,SIN_ASIGNAR,6,good,location unknown in legacy file
DEPO-00602,3MARIAS,3,good,opening count 2023-01
DEPO-00602,SIN_ASIGNAR,12,good,location unknown in legacy file
DEPO-00603,SIN_ASIGNAR,11,good,location unknown in legacy file
DEPO-00604,SIN_ASIGNAR,16,good,location unknown in legacy file
DEPO-00605,TELEFERICO,2,good,opening count 2023-01
DEPO-00605,SIN_ASIGNAR,2,good,location unknown in legacy file
DEPO-00606,SIN_ASIGNAR,4,good,location unknown in legacy file
DEPO-00607,TELEFERICO,6,good,opening count 2023-01
DEPO-00607,SIN_ASIGNAR,9,good,location unknown in legacy file
DEPO-00608,TELEFERICO,1,good,opening count 2023-01
DEPO-00609,TELEFERICO,2,good,opening count 2023-01
DEPO-00609,SIN_ASIGNAR,30,good,location unknown in legacy file
DEPO-00610,TELEFERICO,2,good,opening count 2023-01
DEPO-00610,SIN_ASIGNAR,24,good,location unknown in legacy file
DEPO-00611,SIN_ASIGNAR,10,good,location unknown in legacy file
DEPO-00612,TELEFERICO,2,good,opening count 2023-01
DEPO-00613,TELEFERICO,2,good,opening count 2023-01
DEPO-00614,3MARIAS,2,good,opening count 2023-01
DEPO-00614,TELEFERICO,4,good,opening count 2023-01
DEPO-00615,3MARIAS,1,good,opening count 2023-01
DEPO-00616,3MARIAS,1,good,opening count 2023-01
DEPO-00617,3MARIAS,1,good,opening count 2023-01
DEPO-00618,3MARIAS,1,good,opening count 2023-01
DEPO-00619,3MARIAS,1,good,opening count 2023-01
DEPO-00620,3MARIAS,1,good,opening count 2023-01
DEPO-00621,3MARIAS,1,good,opening count 2023-01
DEPO-00622,3MARIAS,1,good,opening count 2023-01
DEPO-00623,3MARIAS,2,good,opening count 2023-01
DEPO-00624,3MARIAS,1,good,opening count 2023-01
DEPO-00625,3MARIAS,1,good,opening count 2023-01
DEPO-00626,3MARIAS,1,good,opening count 2023-01
DEPO-00627,SIN_ASIGNAR,1,good,location unknown in legacy file
DEPO-00628,3MARIAS,1,good,opening count 2023-01
DEPO-00629,3MARIAS,1,good,opening count 2023-01
DEPO-00630,3MARIAS,1,good,opening count 2023-01
DEPO-00631,3MARIAS,1,good,opening count 2023-01
DEPO-00632,3MARIAS,2,good,opening count 2023-01
DEPO-00633,3MARIAS,1,good,opening count 2023-01
DEPO-00633,SIN_ASIGNAR,1,good,location unknown in legacy file
DEPO-00634,3MARIAS,1,good,opening count 2023-01
DEPO-00634,SIN_ASIGNAR,1,defective,marked Defectuoso
DEPO-00635,3MARIAS,2,good,opening count 2023-01
DEPO-00636,3MARIAS,1,good,opening count 2023-01
DEPO-00637,3MARIAS,1,good,opening count 2023-01
DEPO-00638,3MARIAS,1,good,opening count 2023-01
DEPO-00639,3MARIAS,1,good,opening count 2023-01
DEPO-00640,3MARIAS,1,good,opening count 2023-01
DEPO-00641,3MARIAS,1,good,opening count 2023-01
DEPO-00642,3MARIAS,1,good,opening count 2023-01
DEPO-00643,3MARIAS,1,good,opening count 2023-01
DEPO-00644,SIN_ASIGNAR,7,good,location unknown in legacy file
DEPO-00645,SIN_ASIGNAR,9,good,location unknown in legacy file
DEPO-00646,3MARIAS,4,good,opening count 2023-01
DEPO-00646,TELEFERICO,2,good,opening count 2023-01
DEPO-00647,SIN_ASIGNAR,21,good,location unknown in legacy file
DEPO-00648,3MARIAS,2,good,opening count 2023-01
DEPO-00649,3MARIAS,1,good,opening count 2023-01
DEPO-00650,3MARIAS,1,good,opening count 2023-01
DEPO-00651,3MARIAS,1,good,opening count 2023-01
DEPO-00652,3MARIAS,1,good,opening count 2023-01
DEPO-00653,3MARIAS,1,good,opening count 2023-01
DEPO-00654,SIN_ASIGNAR,1,good,location unknown in legacy file
DEPO-00655,3MARIAS,1,good,opening count 2023-01
DEPO-00656,3MARIAS,1,good,opening count 2023-01
DEPO-00657,3MARIAS,1,good,opening count 2023-01
DEPO-00658,3MARIAS,1,good,opening count 2023-01
DEPO-00659,3MARIAS,1,good,opening count 2023-01
DEPO-00660,3MARIAS,1,good,opening count 2023-01
DEPO-00661,3MARIAS,1,good,opening count 2023-01
DEPO-00662,3MARIAS,1,good,opening count 2023-01
DEPO-00663,3MARIAS,1,good,opening count 2023-01
DEPO-00664,3MARIAS,1,good,opening count 2023-01
DEPO-00665,SIN_ASIGNAR,1,good,location unknown in legacy file
DEPO-00666,SIN_ASIGNAR,1,good,location unknown in legacy file
DEPO-00667,3MARIAS,1,good,opening count 2023-01
DEPO-00668,3MARIAS,1,good,opening count 2023-01
DEPO-00668,TELEFERICO,1,good,opening count 2023-01
DEPO-00669,3MARIAS,1,good,opening count 2023-01
DEPO-00670,SIN_ASIGNAR,1,good,location unknown in legacy file
DEPO-00671,TELEFERICO,1,good,opening count 2023-01
DEPO-00672,TELEFERICO,1,good,opening count 2023-01
DEPO-00673,SIN_ASIGNAR,2,good,location unknown in legacy file
DEPO-00674,SIN_ASIGNAR,2,good,location unknown in legacy file
DEPO-00675,SIN_ASIGNAR,1,good,location unknown in legacy file
DEPO-00676,3MARIAS,2,good,opening count 2023-01
DEPO-00676,SIN_ASIGNAR,1,good,location unknown in legacy file
DEPO-00677,3MARIAS,1,good,opening count 2023-01
DEPO-00677,SIN_ASIGNAR,1,good,location unknown in legacy file
DEPO-00678,3MARIAS,3,good,opening count 2023-01
DEPO-00678,TELEFERICO,1,good,opening count 2023-01
DEPO-00679,3MARIAS,5,good,opening count 2023-01
DEPO-00679,TELEFERICO,1,good,opening count 2023-01
DEPO-00680,3MARIAS,1,good,opening count 2023-01
DEPO-00680,TELEFERICO,1,good,opening count 2023-01
DEPO-00681,3MARIAS,2,good,opening count 2023-01
DEPO-00681,TELEFERICO,1,good,opening count 2023-01
DEPO-00682,3MARIAS,1,good,opening count 2023-01
DEPO-00683,SIN_ASIGNAR,9,good,location unknown in legacy file
DEPO-00684,SIN_ASIGNAR,2,good,location unknown in legacy file
DEPO-00685,3MARIAS,6,good,opening count 2023-01
DEPO-00685,SIN_ASIGNAR,8,good,location unknown in legacy file
DEPO-00686,3MARIAS,7,good,opening count 2023-01
DEPO-00686,SIN_ASIGNAR,3,good,location unknown in legacy file
DEPO-00687,TELEFERICO,1,good,opening count 2023-01
DEPO-00688,3MARIAS,1,good,opening count 2023-01
DEPO-00689,3MARIAS,1,good,opening count 2023-01
DEPO-00690,3MARIAS,1,good,opening count 2023-01
DEPO-00691,SIN_ASIGNAR,1,good,location unknown in legacy file
DEPO-00692,TELEFERICO,1,good,opening count 2023-01
DEPO-00693,3MARIAS,1,good,opening count 2023-01
DEPO-00693,SIN_ASIGNAR,1,good,location unknown in legacy file
DEPO-00694,3MARIAS,3,good,opening count 2023-01
DEPO-00694,SIN_ASIGNAR,1,good,location unknown in legacy file
DEPO-00695,3MARIAS,1,good,opening count 2023-01
DEPO-00695,TELEFERICO,1,good,opening count 2023-01
DEPO-00696,TELEFERICO,1,good,opening count 2023-01
DEPO-00697,TELEFERICO,1,good,opening count 2023-01
DEPO-00698,SIN_ASIGNAR,1,good,location unknown in legacy file
DEPO-00699,3MARIAS,3,good,opening count 2023-01
DEPO-00700,TELEFERICO,1,good,opening count 2023-01
DEPO-00701,3MARIAS,1,good,opening count 2023-01
DEPO-00702,3MARIAS,1,good,opening count 2023-01
DEPO-00703,3MARIAS,1,good,opening count 2023-01
DEPO-00704,TELEFERICO,1,good,opening count 2023-01
DEPO-00704,SIN_ASIGNAR,2,good,location unknown in legacy file
DEPO-00705,TELEFERICO,1,good,opening count 2023-01
DEPO-00705,SIN_ASIGNAR,1,good,location unknown in legacy file
DEPO-00706,TELEFERICO,1,good,opening count 2023-01
DEPO-00707,TELEFERICO,1,good,opening count 2023-01
DEPO-00708,3MARIAS,5,good,opening count 2023-01
DEPO-00708,SIN_ASIGNAR,1,good,location unknown in legacy file
DEPO-00709,3MARIAS,4,good,opening count 2023-01
DEPO-00709,SIN_ASIGNAR,1,defective,marked Defectuoso
DEPO-00710,3MARIAS,2,good,opening count 2023-01
DEPO-00710,TELEFERICO,1,good,opening count 2023-01
DEPO-00711,TELEFERICO,1,good,opening count 2023-01
DEPO-00712,SIN_ASIGNAR,1,good,location unknown in legacy file
DEPO-00713,3MARIAS,1,good,opening count 2023-01
DEPO-00714,TELEFERICO,1,good,opening count 2023-01
DEPO-00714,SIN_ASIGNAR,1,good,location unknown in legacy file
DEPO-00715,TELEFERICO,1,good,opening count 2023-01
DEPO-00716,3MARIAS,1,good,opening count 2023-01
DEPO-00716,TELEFERICO,1,good,opening count 2023-01
DEPO-00717,SIN_ASIGNAR,1,good,location unknown in legacy file
DEPO-00718,SIN_ASIGNAR,1,good,location unknown in legacy file
DEPO-00719,3MARIAS,2,good,opening count 2023-01
DEPO-00719,TELEFERICO,1,good,opening count 2023-01
DEPO-00720,3MARIAS,1,good,opening count 2023-01
DEPO-00720,SIN_ASIGNAR,1,good,location unknown in legacy file
DEPO-00721,3MARIAS,1,good,opening count 2023-01
DEPO-00722,TELEFERICO,1,good,opening count 2023-01
DEPO-00723,3MARIAS,1,good,opening count 2023-01
DEPO-00724,3MARIAS,1,good,opening count 2023-01
DEPO-00725,TELEFERICO,1,good,opening count 2023-01
DEPO-00726,3MARIAS,1,good,opening count 2023-01
DEPO-00727,SIN_ASIGNAR,1,defective,marked Defectuoso
DEPO-00728,3MARIAS,1,good,opening count 2023-01
DEPO-00729,3MARIAS,1,good,opening count 2023-01
DEPO-00730,TELEFERICO,1,good,opening count 2023-01
DEPO-00731,3MARIAS,1,good,opening count 2023-01
DEPO-00732,3MARIAS,1,good,opening count 2023-01
DEPO-00733,SIN_ASIGNAR,1,good,location unknown in legacy file
DEPO-00734,3MARIAS,1,good,opening count 2023-01
DEPO-00734,SIN_ASIGNAR,1,good,location unknown in legacy file
DEPO-00735,3MARIAS,3,good,opening count 2023-01
DEPO-00735,SIN_ASIGNAR,1,good,location unknown in legacy file
DEPO-00736,3MARIAS,1,good,opening count 2023-01
DEPO-00737,3MARIAS,1,good,opening count 2023-01
DEPO-00738,3MARIAS,1,good,opening count 2023-01
DEPO-00739,3MARIAS,1,good,opening count 2023-01
DEPO-00741,SIN_ASIGNAR,2,good,location unknown in legacy file
DEPO-00741,SIN_ASIGNAR,2,defective,marked Defectuoso
DEPO-00742,3MARIAS,2,good,opening count 2023-01
DEPO-00742,SIN_ASIGNAR,1,defective,marked Defectuoso
DEPO-00743,3MARIAS,3,good,opening count 2023-01
DEPO-00744,3MARIAS,1,good,opening count 2023-01
DEPO-00745,TELEFERICO,1,good,opening count 2023-01
DEPO-00746,TELEFERICO,1,good,opening count 2023-01
DEPO-00747,TELEFERICO,1,good,opening count 2023-01
DEPO-00748,3MARIAS,1,good,opening count 2023-01
DEPO-00749,SIN_ASIGNAR,1,good,location unknown in legacy file
DEPO-00750,SIN_ASIGNAR,1,good,location unknown in legacy file
DEPO-00751,SIN_ASIGNAR,1,good,location unknown in legacy file
DEPO-00752,SIN_ASIGNAR,1,good,location unknown in legacy file
DEPO-00753,3MARIAS,1,good,opening count 2023-01
DEPO-00754,3MARIAS,3,good,opening count 2023-01
DEPO-00754,SIN_ASIGNAR,1,defective,marked Defectuoso
DEPO-00755,SIN_ASIGNAR,1,good,location unknown in legacy file
DEPO-00756,3MARIAS,1,good,opening count 2023-01
DEPO-00756,SIN_ASIGNAR,1,good,location unknown in legacy file
DEPO-00757,TELEFERICO,1,good,opening count 2023-01
DEPO-00758,TELEFERICO,1,good,opening count 2023-01
DEPO-00759,3MARIAS,1,good,opening count 2023-01
DEPO-00760,3MARIAS,1,good,opening count 2023-01
DEPO-00761,3MARIAS,3,good,opening count 2023-01
DEPO-00762,3MARIAS,2,good,opening count 2023-01
DEPO-00763,SIN_ASIGNAR,1,good,location unknown in legacy file
DEPO-00764,3MARIAS,1,good,opening count 2023-01
DEPO-00764,SIN_ASIGNAR,1,good,location unknown in legacy file
DEPO-00765,3MARIAS,1,good,opening count 2023-01
DEPO-00766,3MARIAS,1,good,opening count 2023-01
DEPO-00767,SIN_ASIGNAR,1,good,location unknown in legacy file
DEPO-00768,SIN_ASIGNAR,1,good,location unknown in legacy file
DEPO-00769,3MARIAS,1,good,opening count 2023-01
DEPO-00770,3MARIAS,1,good,opening count 2023-01
DEPO-00771,TELEFERICO,1,good,opening count 2023-01
DEPO-00772,TELEFERICO,1,good,opening count 2023-01
DEPO-00772,SIN_ASIGNAR,1,good,location unknown in legacy file
DEPO-00773,TELEFERICO,1,good,opening count 2023-01
DEPO-00774,SIN_ASIGNAR,1,good,location unknown in legacy file
DEPO-00775,SIN_ASIGNAR,1,good,location unknown in legacy file
DEPO-00776,SIN_ASIGNAR,1,good,location unknown in legacy file
DEPO-00777,3MARIAS,7,good,opening count 2023-01
DEPO-00778,3MARIAS,3,good,opening count 2023-01
DEPO-00778,TELEFERICO,1,good,opening count 2023-01
DEPO-00779,3MARIAS,4,good,opening count 2023-01
DEPO-00780,3MARIAS,3,good,opening count 2023-01
DEPO-00781,3MARIAS,1,good,opening count 2023-01
DEPO-00782,3MARIAS,1,good,opening count 2023-01
DEPO-00783,3MARIAS,1,good,opening count 2023-01
DEPO-00784,3MARIAS,1,good,opening count 2023-01
DEPO-00785,SIN_ASIGNAR,1,good,location unknown in legacy file
DEPO-00786,SIN_ASIGNAR,1,good,location unknown in legacy file
DEPO-00787,SIN_ASIGNAR,2,good,location unknown in legacy file
DEPO-00788,TELEFERICO,1,good,opening count 2023-01
DEPO-00788,SIN_ASIGNAR,1,good,location unknown in legacy file
DEPO-00789,TELEFERICO,1,good,opening count 2023-01
DEPO-00790,TELEFERICO,1,good,opening count 2023-01
DEPO-00791,SIN_ASIGNAR,1,good,location unknown in legacy file
DEPO-00792,SIN_ASIGNAR,1,good,location unknown in legacy file
DEPO-00793,3MARIAS,1,good,opening count 2023-01
DEPO-00794,3MARIAS,1,good,opening count 2023-01
DEPO-00794,SIN_ASIGNAR,1,good,location unknown in legacy file
DEPO-00795,TELEFERICO,1,good,opening count 2023-01
DEPO-00796,3MARIAS,1,good,opening count 2023-01
DEPO-00796,TELEFERICO,1,good,opening count 2023-01
DEPO-00797,3MARIAS,1,good,opening count 2023-01
DEPO-00797,TELEFERICO,1,good,opening count 2023-01
DEPO-00798,SIN_ASIGNAR,1,good,location unknown in legacy file
DEPO-00799,SIN_ASIGNAR,1,good,location unknown in legacy file
DEPO-00800,3MARIAS,1,good,opening count 2023-01
DEPO-00800,SIN_ASIGNAR,1,good,location unknown in legacy file
DEPO-00801,3MARIAS,2,good,opening count 2023-01
DEPO-00801,SIN_ASIGNAR,1,defective,marked Defectuoso
DEPO-00802,TELEFERICO,1,good,opening count 2023-01
DEPO-00803,3MARIAS,9,good,opening count 2023-01
DEPO-00803,SIN_ASIGNAR,1,good,location unknown in legacy file
DEPO-00804,3MARIAS,6,good,opening count 2023-01
DEPO-00804,SIN_ASIGNAR,1,good,location unknown in legacy file
DEPO-00805,TELEFERICO,1,good,opening count 2023-01
DEPO-00806,3MARIAS,2,good,opening count 2023-01
DEPO-00806,TELEFERICO,1,good,opening count 2023-01
DEPO-00807,3MARIAS,2,good,opening count 2023-01
DEPO-00807,TELEFERICO,1,good,opening count 2023-01
DEPO-00808,TELEFERICO,1,good,opening count 2023-01
DEPO-00809,TELEFERICO,1,good,opening count 2023-01
DEPO-00810,3MARIAS,2,good,opening count 2023-01
DEPO-00811,3MARIAS,2,good,opening count 2023-01
DEPO-00812,3MARIAS,1,good,opening count 2023-01
DEPO-00812,TELEFERICO,1,good,opening count 2023-01
DEPO-00812,SIN_ASIGNAR,1,good,location unknown in legacy file
DEPO-00813,3MARIAS,1,good,opening count 2023-01
DEPO-00813,TELEFERICO,1,good,opening count 2023-01
DEPO-00813,SIN_ASIGNAR,1,good,location unknown in legacy file
DEPO-00814,3MARIAS,2,good,opening count 2023-01
DEPO-00814,SIN_ASIGNAR,2,defective,marked Defectuoso
DEPO-00815,SIN_ASIGNAR,6,good,location unknown in legacy file
DEPO-00815,SIN_ASIGNAR,1,defective,marked Defectuoso
DEPO-00816,TELEFERICO,1,good,opening count 2023-01
DEPO-00816,SIN_ASIGNAR,6,good,location unknown in legacy file
DEPO-00816,SIN_ASIGNAR,4,defective,marked Defectuoso
DEPO-00817,TELEFERICO,1,good,opening count 2023-01
DEPO-00817,SIN_ASIGNAR,10,good,location unknown in legacy file
DEPO-00817,SIN_ASIGNAR,3,defective,marked Defectuoso
DEPO-00818,3MARIAS,1,good,opening count 2023-01
DEPO-00820,3MARIAS,1,good,opening count 2023-01
DEPO-00821,3MARIAS,1,good,opening count 2023-01
DEPO-00822,3MARIAS,1,good,opening count 2023-01
DEPO-00822,TELEFERICO,1,good,opening count 2023-01
DEPO-00823,3MARIAS,1,good,opening count 2023-01
DEPO-00824,SIN_ASIGNAR,1,good,location unknown in legacy file
DEPO-00825,SIN_ASIGNAR,1,good,location unknown in legacy file
DEPO-00826,SIN_ASIGNAR,1,good,location unknown in legacy file
DEPO-00827,3MARIAS,1,good,opening count 2023-01
DEPO-00828,3MARIAS,2,good,opening count 2023-01
DEPO-00829,3MARIAS,28,good,opening count 2023-01
DEPO-00829,TELEFERICO,1,good,opening count 2023-01
DEPO-00830,3MARIAS,27,good,opening count 2023-01
DEPO-00830,TELEFERICO,1,good,opening count 2023-01
DEPO-00830,SIN_ASIGNAR,1,good,location unknown in legacy file
DEPO-00831,TELEFERICO,1,good,opening count 2023-01
DEPO-00832,3MARIAS,5,good,opening count 2023-01
DEPO-00832,SIN_ASIGNAR,1,good,location unknown in legacy file
DEPO-00833,3MARIAS,8,good,opening count 2023-01
DEPO-00834,3MARIAS,2,good,opening count 2023-01
DEPO-00836,3MARIAS,1,good,opening count 2023-01
DEPO-00837,3MARIAS,1,good,opening count 2023-01
DEPO-00838,3MARIAS,1,good,opening count 2023-01
DEPO-00839,3MARIAS,1,good,opening count 2023-01
DEPO-00840,3MARIAS,1,good,opening count 2023-01
DEPO-00841,TELEFERICO,1,good,opening count 2023-01
DEPO-00842,TELEFERICO,2,good,opening count 2023-01
DEPO-00843,3MARIAS,1,good,opening count 2023-01
DEPO-00844,3MARIAS,2,good,opening count 2023-01
DEPO-00844,SIN_ASIGNAR,1,good,location unknown in legacy file
DEPO-00844,SIN_ASIGNAR,2,defective,marked Defectuoso
DEPO-00845,SIN_ASIGNAR,5,good,location unknown in legacy file
DEPO-00845,SIN_ASIGNAR,14,defective,marked Defectuoso
DEPO-00846,SIN_ASIGNAR,1,good,location unknown in legacy file
DEPO-00847,TELEFERICO,1,good,opening count 2023-01
DEPO-00848,SIN_ASIGNAR,1,good,location unknown in legacy file
DEPO-00849,SIN_ASIGNAR,1,good,location unknown in legacy file
DEPO-00850,SIN_ASIGNAR,1,good,location unknown in legacy file
DEPO-00851,3MARIAS,1,good,opening count 2023-01
DEPO-00851,SIN_ASIGNAR,1,good,location unknown in legacy file
DEPO-00852,SIN_ASIGNAR,5,good,location unknown in legacy file
DEPO-00853,3MARIAS,4,good,opening count 2023-01
DEPO-00854,TELEFERICO,1,good,opening count 2023-01
DEPO-00855,3MARIAS,2,good,opening count 2023-01
DEPO-00855,TELEFERICO,1,good,opening count 2023-01
DEPO-00855,SIN_ASIGNAR,1,good,location unknown in legacy file
DEPO-00856,TELEFERICO,1,good,opening count 2023-01
DEPO-00857,TELEFERICO,1,good,opening count 2023-01
DEPO-00858,3MARIAS,1,good,opening count 2023-01
DEPO-00859,TELEFERICO,1,good,opening count 2023-01
DEPO-00860,TELEFERICO,1,good,opening count 2023-01
DEPO-00861,SIN_ASIGNAR,1,good,location unknown in legacy file
DEPO-00862,SIN_ASIGNAR,1,good,location unknown in legacy file
DEPO-00863,3MARIAS,1,good,opening count 2023-01
DEPO-00864,3MARIAS,1,good,opening count 2023-01
DEPO-00865,3MARIAS,1,good,opening count 2023-01
DEPO-00866,3MARIAS,1,good,opening count 2023-01
DEPO-00868,TELEFERICO,1,good,opening count 2023-01
DEPO-00869,3MARIAS,1,good,opening count 2023-01
DEPO-00870,3MARIAS,1,good,opening count 2023-01
DEPO-00870,SIN_ASIGNAR,1,good,location unknown in legacy file
DEPO-00871,3MARIAS,1,good,opening count 2023-01
DEPO-00871,SIN_ASIGNAR,1,good,location unknown in legacy file
DEPO-00872,TELEFERICO,1,good,opening count 2023-01
DEPO-00873,TELEFERICO,1,good,opening count 2023-01
DEPO-00874,TELEFERICO,1,good,opening count 2023-01
DEPO-00875,3MARIAS,1,good,opening count 2023-01
DEPO-00875,TELEFERICO,1,good,opening count 2023-01
DEPO-00876,TELEFERICO,1,good,opening count 2023-01
DEPO-00877,3MARIAS,1,good,opening count 2023-01
DEPO-00878,SIN_ASIGNAR,1,good,location unknown in legacy file
DEPO-00879,TELEFERICO,1,good,opening count 2023-01
DEPO-00879,SIN_ASIGNAR,4,good,location unknown in legacy file
DEPO-00880,SIN_ASIGNAR,1,good,location unknown in legacy file
DEPO-00881,SIN_ASIGNAR,1,good,location unknown in legacy file
DEPO-00882,TELEFERICO,1,good,opening count 2023-01
DEPO-00883,3MARIAS,1,good,opening count 2023-01
DEPO-00884,3MARIAS,1,good,opening count 2023-01
DEPO-00885,SIN_ASIGNAR,1,good,location unknown in legacy file
DEPO-00886,SIN_ASIGNAR,1,good,location unknown in legacy file
DEPO-00887,SIN_ASIGNAR,1,good,location unknown in legacy file
DEPO-00888,SIN_ASIGNAR,1,good,location unknown in legacy file
DEPO-00889,3MARIAS,1,good,opening count 2023-01
DEPO-00890,TELEFERICO,1,good,opening count 2023-01
DEPO-00891,TELEFERICO,1,good,opening count 2023-01
DEPO-00892,3MARIAS,4,good,opening count 2023-01
DEPO-00892,SIN_ASIGNAR,2,good,location unknown in legacy file
DEPO-00893,3MARIAS,4,good,opening count 2023-01
DEPO-00893,TELEFERICO,1,good,opening count 2023-01
DEPO-00894,3MARIAS,1,good,opening count 2023-01
