sku,part_code,base_code,side,category,description,unit_price,legacy_row_id,needs_review
DEPO-00001,2644-R,2644,R,212-15d5,212-15D5 DE HICE,,512,false
DEPO-00002,SAE-40,SAE-40,,Aceite,Aceite PARA MOTOR,20.0,1182,false
DEPO-00003,210-0202-002-L,210-0202-002,L,Alógeno,Alogeno BONGO,200.0,146,false
DEPO-00004,210-0202-002-R,210-0202-002,R,Alógeno,Alogeno BONGO,200.0,147,false
DEPO-00005,846-L,846,L,Alógeno,Alogeno JUNIOR,200.0,148,false
DEPO-00006,846-R,846,R,Alógeno,Alogeno JUNIOR,200.0,149,false
DEPO-00007,13-42-L,13-42,L,Alógeno,Alogeno LEVIN 97,250.0,1200,false
DEPO-00008,13-42-R,13-42,R,Alógeno,Alogeno LEVIN 97,250.0,1201,false
DEPO-00009,19027-L,19027,L,Alógeno,Alogeno SUZUKI VITARA,200.0,158,false
DEPO-00010,19027-R,19027,R,Alógeno,Alogeno SUZUKI VITARA,200.0,159,false
DEPO-00011,400-L,400,L,Alógeno,Alogeno SWIFT,150.0,156,false
DEPO-00012,400-R,400,R,Alógeno,Alogeno SWIFT,150.0,157,false
DEPO-00013,A-VAR,A-VAR,,Alógeno,Alogeno VARIOS,1.0,1010,false
DEPO-00014,114-20257-TW-R,114-20257-TW,R,Alógeno,Alogeno FORESTER,160.0,155,false
DEPO-00015,20597-C,20597-C,,Alógeno,Alogeno FORESTER,190.0,150,false
DEPO-00016,20597-Y,20597-Y,,Alógeno,Alogeno FORESTER AMARILLO,700.0,152,false
DEPO-00017,870118-G,870118-G,,Amortiguador,Amortiguador IPSUM 2004 TRASERO,125.0,145,false
DEPO-00018,121118,121118,,Amortiguador,Amortiguador TOYOTA STARLET,142.5,1181,false
DEPO-00019,87017,87017,,Amortiguador,Amortiguador CARRY TRASERO,142.5,1171,false
DEPO-00020,870014,870014,,Amortiguador,Amortiguador COROLLA TRASERO L,155.0,28,false
DEPO-00021,870025-G,870025-G,,Amortiguador,Amortiguador DE CALDINA RTRASERO A MUELLE,68.0,142,false
DEPO-00022,870106-G,870106-G,,Amortiguador,Amortiguador DE CARRY,150.0,36,false
DEPO-00023,87009-O,87009-O,,Amortiguador,Amortiguador DE COROLLA TRASERO 90 º,63.0,144,false
DEPO-00024,870077-G,870077-G,,Amortiguador,Amortiguador DE PATHINDER TERRANO TRASERO 56210-0W001,75.0,1135,false
DEPO-00025,AP-P,AP-P,,Amortiguador,Amortiguador DE Puerta PARES,100.0,161,false
DEPO-00026,AP-S,AP-S,,Amortiguador,Amortiguador DE Puerta SUELTOS,50.0,162,false
DEPO-00027,870089,870089,,Amortiguador,Amortiguador DELANTERO APV,142.5,1186,false
DEPO-00028,DS-2007,DS-2007,,Amortiguador,Amortiguador DELANTERO HILUX 90,125.0,1172,false
DEPO-00029,870059-G,870059-G,,Amortiguador,Amortiguador DELANTERO L,130.0,30,false
DEPO-00030,870028,870028,,Amortiguador,Amortiguador DELANTERO LEVIN TRUENO L,142.5,1178,false
DEPO-00031,870027,870027,,Amortiguador,Amortiguador DELANTERO LEVIN TRUENO R,142.5,1179,false
DEPO-00032,870044,870044,,Amortiguador,Amortiguador DELANTERO PROBOX (L),135.0,29,false
DEPO-00033,870047-G,870047-G,,Amortiguador,Amortiguador Delantero R-L NOAH LITEACE 97-02 GAS,72.0,1144,false
DEPO-00034,870105-G,870105-G,,Amortiguador,Amortiguador DELNTERO CARRY,23.0,35,false
DEPO-00035,870021-G,870021-G,,Amortiguador,Amortiguador HIACE,34.5,141,false
DEPO-00036,341372,341372,,Amortiguador,Amortiguador HIALUX VIGO DELANTERO SHIBUMI,230.0,1134,false
DEPO-00037,870065-G,870065-G,,Amortiguador,Amortiguador HONDA EG TRASERO,130.0,33,false
DEPO-00038,870100-G,870100-G,,Amortiguador,Amortiguador IPSUM MODERNO DELANTERO,68.0,34,false
DEPO-00039,2618,2618,,Amortiguador,Amortiguador IZUSU TROPER DELANTERO SHIBUMI,63.0,1136,false
DEPO-00040,870026-G,870026-G,,Amortiguador,Amortiguador LAND CRUISER,65.5,1130,false
DEPO-00041,870063-G,870063-G,,Amortiguador,Amortiguador MONTERO DELANTERO 02,130.0,32,false
DEPO-00042,870051-G,870051-G,,Amortiguador,Amortiguador MONTERO TRASER 98,65.5,1169,false
DEPO-00043,870051-O,870051-O,,Amortiguador,Amortiguador MONTERO TRASER 98,65.5,1146,false
DEPO-00044,870045,870045,,Amortiguador,Amortiguador PROBOX 4WD 1NZ 4X4 RH,42.5,1014,false
DEPO-00045,870058-G,870058-G,,Amortiguador,Amortiguador PROBOX NOAH TRASERO,72.0,1137,false
DEPO-00046,870068-G,870068-G,,Amortiguador,Amortiguador RAV4 DELANTERO,168.0,1180,false
DEPO-00047,870122,870122,,Amortiguador,Amortiguador SUZUKI ALTO,34.0,38,false
DEPO-00048,A-2159,A-2159,,Amortiguador,Amortiguador SUZUKI SWIFT L,168.0,1142,false
DEPO-00049,A-2158,A-2158,,Amortiguador,Amortiguador SUZUKI SWIFT R,168.0,1141,false
DEPO-00050,870060-G,870060-G,,Amortiguador,Amortiguador SUZUKI VITRA R,130.0,31,false
DEPO-00051,870047-O,870047-O,,Amortiguador,Amortiguador TOWN ACE NOAH DELANTERO,65.5,1143,false
DEPO-00052,870086-G,870086-G,,Amortiguador,Amortiguador TOYOTA DELANTERO HIACE,68.0,143,false
DEPO-00053,870033-G,870033-G,,Amortiguador,Amortiguador TRASERO CALDINA ESPIRAL (L),142.5,1188,false
DEPO-00054,870009-G,870009-G,,Amortiguador,Amortiguador TRASERO DE COROLLA A GAS,68.0,140,false
DEPO-00055,870103-G,870103-G,,Amortiguador,Amortiguador TRASERO MITSUBISHI CHARIOT RVR,125.0,1187,false
DEPO-00056,120079,120079,,Amortiguador,Amortiguador TRASERO STARLET EP82,50.0,2,false
DEPO-00057,870013-G,870013-G,,Amortiguador,Amortiguador Trasero TOY COROLLA RH AE101-CE100 GAS YOITOKI,142.5,1013,false
DEPO-00058,870007-G,870007-G,,Amortiguador,Amortiguador Trasero TOY DIESEL/GASOLINA COR/VAG TOKICO GAS,65.5,1147,false
DEPO-00059,870007-O,870007-O,,Amortiguador,Amortiguador Trasero TOY DIESEL/GASOLINA COR/VAG TOKICO OIL,65.5,1170,false
DEPO-00060,810100-G,810100-G,,Amortiguador,Amortiguador URVAN CHANCHO E25 DELANTERO,65.5,1173,false
DEPO-00061,870008-G,870008-G,,Amortiguador,Amortiguador HIACE TRSERO,59.5,139,false
DEPO-00062,870096-G,870096-G,,Amortiguador,Amortiguador TRASERO HIACE 2001-2005 OREJA GRANDE,145.0,1145,false
DEPO-00063,SK-A,SK-A,,Anticongelante,Anticongelante SUPER KOTE COLOR AMARILLO,75.0,1192,false
DEPO-00064,SK-V,SK-V,,Anticongelante,Anticongelante SUPER KOTE COLOR VERDE,46.0,1191,false
DEPO-00065,16X7JJ-5,16X7JJ-5,,Aro,Aro SUBARU DORADO,300.0,1009,false
DEPO-00066,GPC-1001,GPC-1001,,Aspa,"Aspa IPSUM 96~97~98~99~2000 VENTILADOR COMPLETO 36,5cmX35,4cm",160.0,942,false
DEPO-00067,53131-13020-R,53131-13020,R,Bisel,Bisel COROLLA 90,1.0,961,false
DEPO-00068,13-31-R,13-31,R,Bisel,Bisel COROLLA KE70 84 212-1231,20.0,1049,false
DEPO-00069,13-28-R,13-28,R,Bisel,Bisel COROLLA KE70 84 CON FRANJA BLANCA 212-1227,20.0,1048,false
DEPO-00070,BF-CALDINA-L,BF-CALDINA,L,Bisel,Bisel DE Farol CALDINA GT,1.0,975,false
DEPO-00071,BF-CALDINA-R,BF-CALDINA,R,Bisel,Bisel DE Farol CALDINA GT,1.0,976,false
DEPO-00072,BM-JUNIOR,BM-JUNIOR,,Bisel,Bisel DE Mascara JUNIOR,1.0,974,false
DEPO-00073,BS-IMPREZA-L,BS-IMPREZA,L,Bisel,Bisel DE Stop SUBARU IMPREZA,1.0,972,false
DEPO-00074,BS-IMPREZA-R,BS-IMPREZA,R,Bisel,Bisel DE Stop SUBARU IMPREZA,1.0,973,false
DEPO-00075,53130-95J05-R,53130-95J05,R,Bisel,"Bisel HIACE Mod,85~88 Foco CUADRADO 212-1221",25.0,1051,false
DEPO-00076,74081-EX0100-L,74081-EX0100,L,Bisel,Bisel SUNNY 310,1.0,1050,false
DEPO-00077,860033,860033,,Brazo,"Brazo de cremallera HIDRAULICO IPSUM (Hilo fino x 1.5 ext.)16X14X1,5",33.0,11,false
DEPO-00078,860030,860030,,Brazo,Brazo de cremallera HIDRAULICO YOITOKI UNIVERSAL 14X16,25.0,10,false
DEPO-00079,860029,860029,,Brazo,Brazo de cremallera TOYOTA LARGO YOITOKI Mecanico 14X14,36.0,9,false
DEPO-00080,860096,860096,,Brazo,Brazo de cremallera TOYOTA/NISSAN LARGO YOITOKI Mecanico 14X15,26.0,1138,false
DEPO-00081,BU-SURF-F-R,BU-SURF-F,R,Buchera,Buchera HILUX SURF 96 FIBRA,35.0,164,false
DEPO-00082,CALIPER-VAR,CALIPER-VAR,,Caliper,Caliper STI MORDAZA,350.0,900,false
DEPO-00083,GF-DOMINGO-L,GF-DOMINGO,L,Cantonera,Cantonera METALICA DE SUBARU DOMINGO,70.0,174,false
DEPO-00084,GF-DOMINGO-R,GF-DOMINGO,R,Cantonera,Cantonera METALICA DE SUBARU DOMINGO,70.0,175,false
DEPO-00085,C-FORESTER-97,C-FORESTER-97,,Capota,Capota FORESTER 97,1.0,170,false
DEPO-00086,C-CIVIC-92,C-CIVIC-92,,Capota,Capota HONDA CIVIC EG,300.0,169,false
DEPO-00087,C-EVO4,C-EVO4,,Capota,Capota MITSUBISHI EVOLUTION 4,1000.0,171,false
DEPO-00088,C-CULTUS-91,C-CULTUS-91,,Capota,Capota SUZUKI CULTUS,300.0,176,false
DEPO-00089,C-VITARA-97,C-VITARA-97,,Capota,Capota SUZUKI VITARA 97 ESCUDO,700.0,177,false
DEPO-00090,C-SURF-96,C-SURF-96,,Capota,Capota TOYOTA HILUX SURF,700.0,178,false
DEPO-00091,CAT-300,CAT-300,,Capuchón,Capuchón CON TOPE DE Amortiguador,11.0,1084,false
DEPO-00092,400402,400402,,Capuchón,Capuchón de cremallera HIDRAULICO CORTO MAMUT,9.0,1086,false
DEPO-00093,400001,400001,,Capuchón,Capuchón de JUNTA CE90/AE90 MAMUT,9.0,1129,false
DEPO-00094,400002,400002,,Capuchón,Capuchón de JUNTA CE90/AE90 MAMUT,7.0,1085,false
DEPO-00095,400200,400200,,Capuchón,Capuchón de TRICETA Toyota AE90~CE90 MAMUT,9.0,1087,false
DEPO-00096,CHI-P-M,CHI-P-M,,Chisguete,Chisguete DE PARCHOQUE MONTERO,25.0,565,false
DEPO-00097,CP-RAV4-F,CP-RAV4-F,,Cola,Cola DE PATO RAV 4 98 FIBRA,150.0,1081,false
DEPO-00098,CP-RAV4,CP-RAV4,,Cola,Cola DE PATO RAV 4 98 ORIGINAL,300.0,1081,false
DEPO-00099,CP-FORESTER00-F,CP-FORESTER00-F,,Cola,Cola DE PATO SUBARU FORESTER 2000 Fibra vidrio,150.0,1082,false
DEPO-00100,CP-FORESTER97,CP-FORESTER97,,Cola,Cola DE PATO SUBARU FORESTER 97,50.0,1082,false
DEPO-00101,CON-VAR,CON-VAR,,Consola,Consola CENTRAL,50.0,902,false
DEPO-00102,CON-R-VAR,CON-R-VAR,,Consola,Consola de Radio CARIB Café,66.0,1199,false
DEPO-00103,212-1592-L,212-1592,L,Media,Media luz COROLLA Mod. 95 ~ 96 AE110. SAPITO,20.0,47,false
DEPO-00104,121222,121222,,Cruceta,Cruceta de dirección Completa TOYOTA AE 90 ( CARDAN ) YOI-273,40.0,1132,false
DEPO-00105,121219,121219,,Cruceta,Cruceta de dirección Completa TOYOTA TURING HIDRAULICO CORTO YOI-265,40.0,1133,false
DEPO-00106,121221,121221,,Cruceta,Cruceta de dirección Completa YOI-272 UNIVERSAL,40.0,1131,false
DEPO-00107,FJD005U,FJD005U,,Disco,Disco Subaru DOMINGO,261.0,1205,false
DEPO-00108,CPU-1F,CPU-1F,,Ecu,ECU SUBARU,700.0,908,false
DEPO-00109,CPU-4W,CPU-4W,,Ecu,ECU SUBARU,700.0,907,false
DEPO-00110,CPU-3S-G,CPU-3S-G,,Ecu,ECU TOYOTA 3SG,400.0,897,false
DEPO-00111,21-32-R,21-32,R,Embellecedor,Embellecedor CALDINA TURING,150.0,332,false
DEPO-00112,1149-204-L,1149-204,L,Embellecedor,"Embellecedor MITSUBISHI EVOLUCION LANCER1,2,3",200.0,614,false
DEPO-00113,1149-204-R,1149-204,R,Embellecedor,"Embellecedor MITSUBISHI EVOLUCION LANCER 1,2,3",200.0,615,false
DEPO-00114,2143-L,2143,L,Embellecedor,Embellecedor CALDINA GT,,1110,false
DEPO-00115,2143-R,2143,R,Embellecedor,Embellecedor CALDINA GT,50.0,1111,false
DEPO-00116,20-207-L,20-207,L,Embellecedor,Embellecedor CORONA 88-89,70.0,1019,false
DEPO-00117,20-207-R,20-207,R,Embellecedor,Embellecedor CORONA 88-89,70.0,1020,false
DEPO-00118,EM-FORESTER-F,EM-FORESTER-F,,Embellecedor,Embellecedor FORESTER FIBRA,75.0,1080,false
DEPO-00119,11216-R,11216,R,Espejo,Espejo HONDA EG ELECTRICO 3 PINES,45.0,196,false
DEPO-00120,010467-L,010467,L,Espejo,Espejo ATRAIL CROMADO,100.0,186,false
DEPO-00121,010467-R,010467,R,Espejo,Espejo ATRAIL CROMADO,100.0,187,false
DEPO-00122,547139-L,547139,L,Espejo,Espejo CAMRY,75.0,271,false
DEPO-00123,2960-L,2960,L,Espejo,Espejo CHAPULIN HUEVO,75.0,181,false
DEPO-00124,2960-R,2960,R,Espejo,Espejo CHAPULIN HUEVO,75.0,182,false
DEPO-00125,3719-L,3719,L,Espejo,Espejo CHARIOT RVR,100.0,216,false
DEPO-00126,2277-L,2277,L,Espejo,Espejo COROLLA 92 ELECTRICO 3 PINES,100.0,274,false
DEPO-00127,222111-R,222111,R,Espejo,Espejo COROLLA 92 NEGRO R/L Retrovisor MAMUT Unidad CARIB SPRINTER,75.0,1122,false
DEPO-00128,010466-L,010466,L,Espejo,Espejo DATAUN ATRAIL NEGRO,75.0,188,false
DEPO-00129,E-PT-VAR,E-PT-VAR,,Espejo,Espejo DE MALETERO UNIVERSAL VARIOS CON BRAZO,70.0,204,false
DEPO-00130,3366-R,3366,R,Espejo,Espejo HIACE 96,100.0,957,false
DEPO-00131,3367-L,3367,L,Espejo,Espejo HIACE 96 LOBO CHINO,100.0,983,false
DEPO-00132,E-HONDA-VAR,E-HONDA-VAR,,Espejo,Espejo HONDA VARIOS,75.0,202,false
DEPO-00133,2787-L,2787,L,Espejo,Espejo HONDA ACCORD 96 ELECTRICO,70.0,977,false
DEPO-00134,2787-R,2787,R,Espejo,Espejo HONDA ACCORD 96 ELECTRICO,70.0,978,false
DEPO-00135,19050-R,19050,R,Espejo,Espejo HONDA ACCORD ELECTRICO,75.0,191,false
DEPO-00136,011003-L,011003,L,Espejo,Espejo HONDA EG ELEVTRICO,70.0,192,false
DEPO-00137,011003-R,011003,R,Espejo,Espejo HONDA EG ELEVTRICO 7 PINES,70.0,193,false
DEPO-00138,11003-L,11003,L,Espejo,Espejo HONDA EG MANUAL,70.0,194,false
DEPO-00139,11003-R,11003,R,Espejo,Espejo HONDA EG MANUAL,70.0,195,false
DEPO-00140,5259-L,5259,L,Espejo,Espejo HONDA EK 95 /2 PuertaS ELECTRICO 3 PINES,70.0,197,false
DEPO-00141,547483-L,547483,L,Espejo,Espejo LEVIN AE101,70.0,968,false
DEPO-00142,547483-R,547483,R,Espejo,Espejo LEVIN AE101,70.0,969,false
DEPO-00143,4219-E3-R,4219-E3,R,Espejo,Espejo TOYOTA SPRINTER ELECTRICO 3 PINES,70.0,276,false
DEPO-00144,4219-R,4219,R,Espejo,Espejo TOYOTA SPRINTER MANUAL,75.0,277,false
DEPO-00145,3686-L,3686,L,Espejo,Espejo MISTUBISHI MONTERO NEGRO,100.0,213,false
DEPO-00146,3686-R,3686,R,Espejo,Espejo MISTUBISHI MONTERO NEGRO,100.0,214,false
DEPO-00147,MR155318-R,MR155318,R,Espejo,Espejo MITSIBISHI JUNIOR,70.0,221,false
DEPO-00148,2105-L,2105,L,Espejo,Espejo MITSUBISH GRANDDIS CROMADO,135.0,217,false
DEPO-00149,2105-R,2105,R,Espejo,Espejo MITSUBISH GRANDDIS CROMADO,135.0,218,false
DEPO-00150,K317-R,K317,R,Espejo,Espejo MITSUBISHI EVO 9,70.0,207,false
DEPO-00151,010131-R,010131,R,Espejo,Espejo MITSUBISHI IO,70.0,208,false
DEPO-00152,02-0067-L,02-0067,L,Espejo,Espejo MITSUBISHI LANCER 92,70.0,209,false
DEPO-00153,02-0067-R,02-0067,R,Espejo,Espejo MITSUBISHI LANCER 92,70.0,210,false
DEPO-00154,5419-R,5419,R,Espejo,Espejo MITSUBISHI LANCER 99,70.0,220,true
DEPO-00155,3686-C-L,3686-C,L,Espejo,Espejo MITSUBISHI MONTERO CROMADO ELECTRICO YT7230,200.0,211,false
DEPO-00156,3686-C-R,3686-C,R,Espejo,Espejo MITSUBISHI MONTERO CROMADO ELECTRICO YT7230,200.0,212,false
DEPO-00157,0455-N-L,0455-N,L,Espejo,Espejo NISSAN AD 2002-2006 BY11 NEGRO 215-15A3,70.0,222,false
DEPO-00158,0455-N-R,0455-N,R,Espejo,Espejo NISSAN AD 2002-2006 BY11 NEGRO 215-15A3,70.0,223,false
DEPO-00159,3254-L,3254,L,Espejo,Espejo NISSAN AVENIR,70.0,227,true
DEPO-00160,3254-R,3254,R,Espejo,Espejo NISSAN AVENIR,70.0,228,true
DEPO-00161,4675-E-L,4675-E,L,Espejo,Espejo NISSAN B14 ELECTRICO,70.0,229,true
DEPO-00162,4675-E-R,4675-E,R,Espejo,Espejo NISSAN B14 ELECTRICO,70.0,230,true
DEPO-00163,4675-L,4675,L,Espejo,Espejo NISSAN B14 MANUAL,70.0,231,false
DEPO-00164,4675-R,4675,R,Espejo,Espejo NISSAN B14 MANUAL,70.0,232,false
DEPO-00165,847P-R,847P,R,Espejo,Espejo NISSAN BONGO,70.0,238,false
DEPO-00166,N36-L,N36,L,Espejo,Espejo NISSAN CHAPULIN,70.0,224,false
DEPO-00167,3965-L,3965,L,Espejo,Espejo NISSAN CUSTOM,100.0,240,false
DEPO-00168,8289-L,8289,L,Espejo,Espejo NISSAN MARCH 2004,70.0,244,false
DEPO-00169,8289-R,8289,R,Espejo,Espejo NISSAN MARCH 2004,70.0,246,false
DEPO-00170,0815-L,0815,L,Espejo,Espejo NISSAN MARCH 87 / SKYLINE R32 /MICRA K10,70.0,250,true
DEPO-00171,6067-R,6067,R,Espejo,Espejo NISSAN MARCH K11 ELECTRICO,70.0,249,false
DEPO-00172,3981-R,3981,R,Espejo,Espejo NISSAN MARCH K11 MANUAL,70.0,248,false
DEPO-00173,3530-L,3530,L,Espejo,Espejo NISSAN PRESSEA 97,70.0,251,false
DEPO-00174,0043-L,0043,L,Espejo,Espejo NISSAN PULSAR 95 /BLUBIRD,70.0,252,false
DEPO-00175,0043-R,0043,R,Espejo,Espejo NISSAN PULSAR 95 /BLUBIRD,70.0,253,false
DEPO-00176,3803-R,3803,R,Espejo,Espejo NISSAN SERENA,70.0,255,false
DEPO-00177,4572-L,4572,L,Espejo,Espejo NISSAN SKYLINE R33,70.0,259,false
DEPO-00178,4572-R,4572,R,Espejo,Espejo NISSAN SKYLINE R33,70.0,260,false
DEPO-00179,192-L,192,L,Espejo,Espejo NISSAN URBAN E23,70.0,984,false
DEPO-00180,7426-L,7426,L,Espejo,Espejo PROBOX 98 BASE GRANDE,200.0,966,false
DEPO-00181,7426-R,7426,R,Espejo,Espejo PROBOX 98 BASE GRANDE,200.0,967,false
DEPO-00182,4856-L,4856,L,Espejo,Espejo RAV4 96,150.0,979,false
DEPO-00183,4856-R,4856,R,Espejo,Espejo RAV4 96,150.0,980,false
DEPO-00184,122472-U,122472-U,,Espejo,Espejo REDONDO UNIVERSAL PEQUEÑO,25.0,262,false
DEPO-00185,8030-L,8030,L,Espejo,Espejo RESTROVISOR TOYOTA HIACE 2008 BRAZO,100.0,630,false
DEPO-00186,5277-R,5277,R,Espejo,Espejo RETROVISOR HILUX SURF 99,200.0,189,false
DEPO-00187,3666-L,3666,L,Espejo,Espejo RETROVISOR NISSAN AD 90,70.0,225,false
DEPO-00188,3666-R,3666,R,Espejo,Espejo RETROVISOR NISSAN AD 90,70.0,226,false
DEPO-00189,5048-R,5048,R,Espejo,Espejo SUBARU DOMINGO,100.0,1109,false
DEPO-00190,5092-L,5092,L,Espejo,Espejo SUBARU IMPREZA 2000,75.0,263,false
DEPO-00191,5092-R,5092,R,Espejo,Espejo SUBARU IMPREZA 2001,70.0,264,false
DEPO-00192,1644-R,1644,R,Espejo,Espejo TOWN ACE MOD 87 212-1568,70.0,982,false
DEPO-00193,3095-L,3095,L,Espejo,Espejo TOWN ACE MOD 87 212-1568,70.0,981,false
DEPO-00194,8112-L,8112,L,Espejo,Espejo TOYOTA CAMRY 1992,70.0,269,true
DEPO-00195,8112-R,8112,R,Espejo,Espejo TOYOTA CAMRY 1992,70.0,270,true
DEPO-00196,6219-L,6219,L,Espejo,Espejo TOYOTA CAMRY 88,70.0,267,false
DEPO-00197,6219-R,6219,R,Espejo,Espejo TOYOTA CAMRY 88,70.0,268,false
DEPO-00198,E-FX,E-FX,,Espejo,Espejo TOYOTA COROLLA FX,70.0,291,true
DEPO-00199,4766-L,4766,L,Espejo,Espejo TOYOTA CORONA 93,70.0,278,false
DEPO-00200,3710-L,3710,L,Espejo,Espejo TOYOTA CORSA 90,70.0,281,false
DEPO-00201,48692-L,48692,L,Espejo,Espejo TOYOTA CORSA 96,70.0,282,false
DEPO-00202,4453-L,4453,L,Espejo,Espejo TOYOTA CROWN,70.0,284,false
DEPO-00203,4453-R,4453,R,Espejo,Espejo TOYOTA CROWN,70.0,285,false
DEPO-00204,5483-L,5483,L,Espejo,Espejo TOYOTA IPSUM ELÉCTRICO,70.0,294,false
DEPO-00205,5483-R,5483,R,Espejo,Espejo TOYOTA IPSUM ELÉCTRICO,70.0,295,false
DEPO-00206,5862-L,5862,L,Espejo,Espejo TOYOTA IPSUM,70.0,292,false
DEPO-00207,5862-R,5862,R,Espejo,Espejo TOYOTA IPSUM,100.0,293,false
DEPO-00208,561326-R,561326,R,Espejo,Espejo TOYOTA LEVIN TRUNO 90,70.0,299,false
DEPO-00209,3009-L,3009,L,Espejo,Espejo TOYOTA MARCK 98,70.0,305,false
DEPO-00210,3009-R,3009,R,Espejo,Espejo TOYOTA MARCK 98,70.0,306,false
DEPO-00211,G-30-L,G-30,L,Espejo,Espejo TOYOTA MARCK 98,70.0,307,false
DEPO-00212,G-30-R,G-30,R,Espejo,Espejo TOYOTA MARCK 98,70.0,308,false
DEPO-00213,4230-L,4230,L,Espejo,Espejo TOYOTA MARINO,70.0,303,false
DEPO-00214,5574-L,5574,L,Espejo,Espejo TOYOTA RAV 4 MOD 99,100.0,311,false
DEPO-00215,5574-R,5574,R,Espejo,Espejo TOYOTA RAV 4 MOD 99,100.0,312,false
DEPO-00216,5430-L,5430,L,Espejo,Espejo TOYOTA REFLEX,70.0,313,false
DEPO-00217,5480-L,5480,L,Espejo,Espejo TOYOTA SPACIO NEGRO ELECTRICO,200.0,317,false
DEPO-00218,8278-L,8278,L,Espejo,Espejo TOYOTA VITZ ELECTRICO,70.0,321,false
DEPO-00219,8278-R,8278,R,Espejo,Espejo TOYOTA VITZ ELECTRICO,70.0,324,false
DEPO-00220,B38-L,B38,L,Espejo,Espejo URVAN E25 CON BRAZO,100.0,958,false
DEPO-00221,1621-L,1621,L,Espejo,Espejo CRESSIDA,70.0,283,false
DEPO-00222,547483-E-R,547483-E,R,Espejo,Espejo LEVIN 95 ELECTRICO,70.0,243,false
DEPO-00223,464-R,464,R,Espejo,Espejo MITSUBISHI CHALLENGER,70.0,215,false
DEPO-00224,8222-R,8222,R,Espejo,Espejo NISSAN BLUEBIRTH 91-95,70.0,236,false
DEPO-00225,5770-L,5770,L,Espejo,Espejo TOYOTA CALDINA GT,150.0,265,false
DEPO-00226,5770-R,5770,R,Espejo,Espejo TOYOTA CALDINA GT,150.0,266,false
DEPO-00227,3352-R,3352,R,Espejo,Espejo TOYOTA CELICA 90,70.0,272,false
DEPO-00228,4696-R,4696,R,Espejo,Espejo TOYOTA CELICA 98,70.0,273,false
DEPO-00229,3488-2-R,3488-2,R,Espejo,Espejo TOYOTA COROLLA 90 MANUAL,70.0,275,false
DEPO-00230,6658-L,6658,L,Espejo,Espejo TOYOTA VITZ MANUAL,70.0,322,false
DEPO-00231,6658-R,6658,R,Espejo,Espejo TOYOTA VITZ MANUAL,70.0,323,false
DEPO-00232,P38-L,P38,L,Espejo,Espejo CHANCHO,70.0,239,false
DEPO-00233,561327-L,561327,L,Espejo,Espejo TOYOTA LEVIN 95,70.0,297,false
DEPO-00234,8102-L,8102,L,Espejo,Espejo CEDRICK Y31/Y30 87/89,70.0,184,false
DEPO-00235,8102-R,8102,R,Espejo,Espejo CEDRICK Y31/Y30 87/89,70.0,185,false
DEPO-00236,0455-L,0455,L,Espejo,Espejo NISSAN B15 PLOMO PATA LARGA,70.0,233,false
DEPO-00237,0455-R,0455,R,Espejo,Espejo NISSAN B15 PLOMO PATA LARGA,70.0,234,false
DEPO-00238,4439-L,4439,L,Espejo,Espejo NISSAN LARGO 97,70.0,241,false
DEPO-00239,4439-R,4439,R,Espejo,Espejo NISSAN LARGO 97,70.0,242,false
DEPO-00240,1739-R,1739,R,Espejo,Espejo TOYOTA EP71,75.0,288,false
DEPO-00241,5589-R,5589,R,Espejo,Espejo TOYOTA LITE ACE CR40 97/2000,75.0,300,false
DEPO-00242,3369-L,3369,L,Espejo,Espejo TOYOTA LOBO YT7013 ELECTRICO,100.0,301,false
DEPO-00243,3369-R,3369,R,Espejo,Espejo TOYOTA LOBO YT7013 ELECTRICO,100.0,302,false
DEPO-00244,542833-R,542833,R,Espejo,Espejo TOYOTA SUPER CRAWN,70.0,314,false
DEPO-00245,542834-L,542834,L,Espejo,Espejo TOYOTA SUPER CRAWN,70.0,315,false
DEPO-00246,860011,860011,,Estabilizador,Estabilizador DE IPSUM L,20.0,6,false
DEPO-00247,860012,860012,,Estabilizador,Estabilizador DE IPSUM R,19.0,7,false
DEPO-00248,860010,860010,,Estabilizador,Estabilizador DELANTERO DE COROOLA,25.0,5,false
DEPO-00249,860119,860119,,Estabilizador,Estabilizador HILUX VIGO R,27.7,1158,false
DEPO-00250,860127,860127,,Estabilizador,Estabilizador HILUX VIGO TRASERO L,27.7,1157,false
DEPO-00251,860100,860100,,Estabilizador,Estabilizador RAV4 97-2004,23.0,1175,false
DEPO-00252,860018,860018,,Estabilizador,Estabilizador XTRAIL UNIVERSAL,23.0,1165,false
DEPO-00253,EH-SUBARU,EH-SUBARU,,Estuche,Estuche de HERRAMIENTA SUBARU,20.0,926,false
DEPO-00254,EH-TOYOTA,EH-TOYOTA,,Estuche,Estuche de HERRAMIENTA TOYOTA,15.0,934,false
DEPO-00255,SCOOTER-MO,SCOOTER-MO,,Estuche,Estuche MOCHILA SCOOTER,100.0,869,false
DEPO-00256,12-148-L,12-148,L,Bisel,Bisel Y Media luz 212-1203 F-KE 1972,100.0,337,false
DEPO-00257,10-32247-L,10-32247,L,Farol,Farol -SUZUKI CULTUS 218-1106,150.0,352,false
DEPO-00258,F-AE86-L,F-AE86,L,Farol,Farol AE86,200.0,365,false
DEPO-00259,214-1199-L,214-1199,L,Farol,Farol ASX Mod. 2011~2012~2013~2014,1048.0,953,false
DEPO-00260,214-1199-R,214-1199,R,Farol,Farol ASX Mod. 2011~2012~2013~2014,1048.0,954,false
DEPO-00261,100-87262-L,100-87262,L,Farol,Farol CHARIOT GRANDIS,300.0,959,false
DEPO-00262,100-87262-R,100-87262,R,Farol,Farol CHARIOT GRANDIS,300.0,960,false
DEPO-00263,16-45-L,16-45,L,Farol,Farol COROLLA 90 CON Guiñador,25.0,963,false
DEPO-00264,16-45-R,16-45,R,Farol,Farol COROLLA 90 CON Guiñador,25.0,962,false
DEPO-00265,20-90-R,20-90,R,Farol,Farol CUADRADO UNIVERSAL CON SOPORTE,20.0,398,false
DEPO-00266,24522-R,24522,R,Farol,Farol CUADRADO UNIVERSAL CON SOPORTE,20.0,399,false
DEPO-00267,110-37615-L,110-37615,L,Farol,Farol DELICA MITSUBISHI,200.0,338,false
DEPO-00268,110-37615-R,110-37615,R,Farol,Farol DELICA MITSUBISHI,200.0,339,false
DEPO-00269,661-1165-L,661-1165,L,Farol,Farol Fiat UNO Mod.2010~2011~2012~2013~2014~2015~2016~ NEGRO,557.0,137,false
DEPO-00270,661-1165-R,661-1165,R,Farol,Farol Fiat UNO Mod.2010~2011~2012~2013~2014~2015~2016~ NEGRO,557.0,138,false
DEPO-00271,K30-1162-L,K30-1162,L,Farol,Farol FORD MUSTANG SHELBY GT500 Mod.2014~2015~2016~2017~,740.0,550,false
DEPO-00272,K30-1162-R,K30-1162,R,Farol,Farol FORD MUSTANG SHELBY GT500 Mod.2014~2015~2016~2017~,740.0,551,false
DEPO-00273,1550-L,1550,L,Farol,Farol FORESTER 97,100.0,350,false
DEPO-00274,100-59079-L,100-59079,L,Farol,Farol GRAN VITARA 218-1135,,354,false
DEPO-00275,100-59079-R,100-59079,R,Farol,Farol GRAN VITARA 218-1135,100.0,355,false
DEPO-00276,317-1180-L,317-1180,L,Farol,Farol HONDA CIVIC Mod. 2016~2017~2018 HATCHBACK COUPE SEDAN,1200.0,115,false
DEPO-00277,217-1111 PXA-L,217-1111 PXA,L,Farol,Farol HONDA CIVIC Mod.92 3D-4D K600 BALLADE,881.0,75,false
DEPO-00278,217-1111 PXA-R,217-1111 PXA,R,Farol,Farol HONDA CIVIC Mod.92 3D-4D K600 BALLADE,881.0,76,false
DEPO-00279,001-6557-R,001-6557,R,Farol,Farol HONDA EF,100.0,1124,false
DEPO-00280,221-1160-2L,221-1160-2L,,Farol,Farol HYUNDAI ACCENT SOLARIS Mod. 2011~2012~2014,538.0,945,false
DEPO-00281,221-1185-L,221-1185,L,Farol,Farol HYUNDAI i10 GRAND i10 Mod. 2013~2014~2015~2016,563.0,103,false
DEPO-00282,221-1185-R,221-1185,R,Farol,Farol HYUNDAI i10 GRAND i10 Mod. 2013~2014~2015~2016,563.0,104,false
DEPO-00283,221-1159-L,221-1159,L,Farol,Farol i10 GRAND i10 Mod. 2011~2012,416.0,101,false
DEPO-00284,221-1159-R,221-1159,R,Farol,Farol i10 GRAND i10 Mod. 2011~2012,416.0,102,false
DEPO-00285,333-1172-L,333-1172,L,Farol,Farol JEEP GRAN CHEROKEE Mod. 2005~2006~2007,596.0,125,false
DEPO-00286,333-1172-R,333-1172,R,Farol,Farol JEEP GRAN CHEROKEE Mod. 2005~2006~2007,596.0,126,false
DEPO-00287,323-1105-L,323-1105,L,Farol,Farol KIA SPORTAGE Mod.97~98~99~2000~2001~2002,520.0,121,false
DEPO-00288,323-1105-R,323-1105,R,Farol,Farol KIA SPORTAGE Mod.97~98~99~2000~2001~2002,520.0,122,false
DEPO-00289,323-1501-L,323-1501,L,Farol,Farol KIA SPORTAGE Mod.97~98~99~2000~2001~2002,130.0,123,false
DEPO-00290,323-1501-R,323-1501,R,Farol,Farol KIA SPORTAGE Mod.97~98~99~2000~2001~2002,130.0,124,false
DEPO-00291,214-1163-L,214-1163,L,Farol,Farol LANCER Mod. 2000~2001~2002,361.0,61,false
DEPO-00292,214-1163-R,214-1163,R,Farol,Farol LANCER Mod. 2000~2001~2002,361.0,62,false
DEPO-00293,214-1148-L,214-1148,L,Farol,Farol LANCER Negro Mod. 98~99~2000~2001 CK5,230.0,57,false
DEPO-00294,214-1148-R,214-1148,R,Farol,Farol LANCER Negro Mod. 98~99~2000~2001 CK5,230.0,58,false
DEPO-00295,12-296-L,12-296,L,Farol,Farol LEVIN 90,100.0,388,false
DEPO-00296,216-1175-L,216-1175,L,Farol,Farol MAZDA PICK UP BT-50 Mod.2015~2016~2017,900.0,69,false
DEPO-00297,216-1175-R,216-1175,R,Farol,Farol MAZDA PICK UP BT-50 Mod.2015~2016~2017,900.0,70,false
DEPO-00298,314-1126-L,314-1126,L,Farol,Farol Mitsubishi ECLIPSE Mod. 2000~2001~2002,424.0,113,false
DEPO-00299,314-1126-R,314-1126,R,Farol,Farol Mitsubishi ECLIPSE Mod. 2000~2001~2002,424.0,114,false
DEPO-00300,7524-R,7524,R,Farol,Farol MITSUBISHI GALANT,400.0,341,false
DEPO-00301,214-1159-L,214-1159,L,Farol,Farol MONTERO TIBURON 2000~2001~2002~2003~2004~2005~2006,640.0,59,false
DEPO-00302,214-1159-R,214-1159,R,Farol,Farol MONTERO TIBURON 2000~2001~2002~2003~2004~2005~2006,640.0,60,false
DEPO-00303,1299-R,1299,R,Farol,Farol NISSAN B13 215-1134 vidrio,100.0,343,false
DEPO-00304,1478-L,1478,L,Farol,Farol NISSAN B13 215-1154 Plastico,100.0,345,false
DEPO-00305,1478-R,1478,R,Farol,Farol NISSAN B13 215-1154 Plastico,100.0,344,false
DEPO-00306,1439-L,1439,L,Farol,Farol NISSSAN CUSTUM,150.0,347,false
DEPO-00307,1439-R,1439,R,Farol,Farol NISSSAN CUSTUM,150.0,348,false
DEPO-00308,553-1101-LDEM2-L,553-1101-LDEM2,L,Farol,Farol Renault DUSTER Mod.2013~2014~2015~2016~,544.0,135,false
DEPO-00309,553-1101-LDEM2-R,553-1101-LDEM2,R,Farol,Farol Renault DUSTER Mod.2013~2014~2015~2016~,544.0,136,false
DEPO-00310,551-11AK E2-L,551-11AK E2,L,Farol,Farol Renault KWID Mod.2017~2018~2019~2020,525.0,133,false
DEPO-00311,551-11AK E2-R,551-11AK E2,R,Farol,Farol Renault KWID Mod.2017~2018~2019~2020,525.0,134,false
DEPO-00312,10-66-L,10-66,L,Farol,Farol SRALET EP82,100.0,382,false
DEPO-00313,10-58-L,10-58,L,Farol,Farol SRALET EP82 GT 212-1152,100.0,380,false
DEPO-00314,10-66-R,10-66,R,Farol,Farol STARLET EP82,100.0,383,false
DEPO-00315,10-58-R,10-58,R,Farol,Farol STARLET EP82 GT 212-1152,100.0,381,false
DEPO-00316,2068-L,2068,L,Farol,Farol SUBARU DOMINGO,175.0,1118,false
DEPO-00317,2068-R,2068,R,Farol,Farol SUBARU DOMINGO,175.0,1119,false
DEPO-00318,1540-L,1540,L,Farol,Farol SUBARU IMPREZA,100.0,1123,false
DEPO-00319,220-1105-L,220-1105,L,Farol,Farol SUBARU IMPREZA 4D~5D Mod. 97~99,410.0,97,false
DEPO-00320,220-1105-R,220-1105,R,Farol,Farol SUBARU IMPREZA 4D~5D Mod. 97~99,410.0,98,false
DEPO-00321,52-016-L,52-016,L,Farol,Farol SUCCED,400.0,394,false
DEPO-00322,52-016-R,52-016,R,Farol,Farol SUCCED,400.0,395,false
DEPO-00323,100-1120-L,100-1120,L,Farol,Farol suelto universal p/foco cambiable H4 (tipo wagner) 2000,84.0,39,false
DEPO-00324,100-1120-R,100-1120,R,Farol,Farol suelto universal p/foco cambiable H4 (tipo wagner) 2000,84.0,40,false
DEPO-00325,100-1124-L/R,100-1124-L/R,,Farol,Farol suelto UNIVERSAL p/foco cambiable REDONDO CRISTAL 2000,96.0,41,false
DEPO-00326,218-1136-L,218-1136,L,Farol,Farol Suzuqui GRAND VITARA XL7 Mod.2005~2006~2007~2008,648.0,85,false
DEPO-00327,218-1136-R,218-1136,R,Farol,Farol Suzuqui GRAND VITARA XL7 Mod.2005~2006~2007~2008,648.0,86,false
DEPO-00328,218-1170-L,218-1170,L,Farol,Farol Suzuqui SWIFT Mod.2017~2018~2019~2020 ECE.ELEC,721.0,87,false
DEPO-00329,218-1170-R,218-1170,R,Farol,Farol Suzuqui SWIFT Mod.2017~2018~2019~2020 ECE.ELEC,721.0,88,false
DEPO-00330,05-31-L,05-31,L,Farol,Farol TOYOTA CALDINA GT,250.0,368,false
DEPO-00331,05-31-R,05-31,R,Farol,Farol TOYOTA CALDINA GT,250.0,369,false
DEPO-00332,12-428-L,12-428,L,Farol,Farol TOYOTA CARIB 96,200.0,370,false
DEPO-00333,12-428-R,12-428,R,Farol,Farol TOYOTA CARIB 96,200.0,371,false
DEPO-00334,20-145-L,20-145,L,Farol,Farol TOYOTA CORONA 212-1105,100.0,374,false
DEPO-00335,20-260-R,20-260,R,Farol,Farol TOYOTA CORONA 212-1138,100.0,373,false
DEPO-00336,1210-R,1210,R,Farol,Farol TOYOTA CORONA VERIFICAR BLUE BIRD 215-1145,100.0,372,false
DEPO-00337,26-13-L,26-13,L,Farol,Farol TOYOTA CUSTOM,300.0,375,false
DEPO-00338,26-32-L,26-32,L,Farol,Farol TOYOTA CUSTOM CON Guiñador,100.0,377,false
DEPO-00339,26-32-R,26-32,R,Farol,Farol TOYOTA CUSTOM CON Guiñador,100.0,378,false
DEPO-00340,26-13-R,26-13,R,Farol,Farol TOYOTA CUSTOM CUADRADO,300.0,376,false
DEPO-00341,32-22-R,32-22,R,Farol,Farol TOYOTA DESCONOCIDO,75.0,358,false
DEPO-00342,12-322-R,12-322,R,Farol,Farol TOYOTA FX,100.0,385,false
DEPO-00343,25-72-R,25-72,R,Farol,Farol TOYOTA REDONDO CON SOPORTE,75.0,400,false
DEPO-00344,12-342-L,12-342,L,Farol,Farol TRUENO 97,100.0,1043,false
DEPO-00345,12-342-R,12-342,R,Farol,Farol TRUENO 97,100.0,1044,false
DEPO-00346,441-1130-L,441-1130,L,Farol,Farol Volkswagen GOLF IV Mod.1998~1999~2000~2001~2002,365.0,955,false
DEPO-00347,441-1130-R,441-1130,R,Farol,Farol Volkswagen GOLF IV Mod.1998~1999~2000~2001~2002,365.0,956,false
DEPO-00348,C-3024075,C-3024075,,Filtro,Filtro,37.0,1097,false
DEPO-00349,C-3024017,C-3024017,,Filtro,Filtro de AIRE 1RZ HIACE LOBO 17801-54140-C (+CHINOS),30.7,1104,false
DEPO-00350,C-3024084,C-3024084,,Filtro,Filtro de AIRE 1RZ HIACE LOBO REGIUS COMMUTER KING LONG (+CHINOS),24.4,1105,false
DEPO-00351,C-3024001,C-3024001,,Filtro,Filtro de AIRE 4A 4AG/AE100 5A COROLLA SPACIO LEVIN SPRINTER CARIB,18.9,1102,false
DEPO-00352,C-3024005,C-3024005,,Filtro,Filtro de AIRE COROLLA Mod. 92 ~ 2002,18.9,1101,false
DEPO-00353,C-3024013,C-3024013,,Filtro,Filtro de aire NISSAN URBAN E24 CARAVAN C/P/aspa,27.9,1103,false
DEPO-00354,C-3024004,C-3024004,,Filtro,Filtro de AIRE NOAH TOWNACE TACOMA PREVIA PICKUP 4RUNNER LITEACE HILUX,18.9,1100,false
DEPO-00355,122472,122472,,Filtro,Filtro de AIRE SUZUQUI 13780-79210 EMP-265,20.0,1099,false
DEPO-00356,C-3024064,C-3024064,,Filtro,Filtro TOYOTA HILUX VIGO 2KDFTV,40.5,165,false
DEPO-00357,CH-216010,CH-216010,,Foco,Foco Alogeno H4 de Farol SUPER WHITE AZULADO,9.3,1093,false
DEPO-00358,CH-216028,CH-216028,,Foco,Foco CUÑA moderno de 1 contacto 12V 21W Un filamento,3.5,1090,false
DEPO-00359,CH-216029,CH-216029,,Foco,Foco CUÑA moderno de 2 contactos 12V 21/5W. #7443 T-20 Dos filamentos,3.3,1091,false
DEPO-00360,CH-216036,CH-216036,,Foco,Foco de DOBLE Contacto 12V 21/5W FP5412 Dos filamentos Universal P/Stop,0.9,1092,false
DEPO-00361,FRONT-AD,FRONT-AD,,Frontal,Frontal NISSAN AD 2004,1500.0,342,false
DEPO-00362,FRONT-IGNIS,FRONT-IGNIS,,Frontal,Frontal SUZUKI SWIFT IMCOMPLETO IGNIS,2500.0,356,false
DEPO-00363,FRONT-CALDINAGT,FRONT-CALDINAGT,,Frontal,Frontal TOYOTA CALDINA GT,2500.0,367,false
DEPO-00364,FRONT-BOXY,FRONT-BOXY,,Frontal,Frontal TOYOTA NOHA BOXY,2500.0,349,false
DEPO-00365,SUPERKOTTE-G,SUPERKOTTE-G,,Grasa,Grasa PEQUEÑA,,1089,false
DEPO-00366,GF-E24-L,GF-E24,L,Guardafango,Guardafango CHANCHO,100.0,970,false
DEPO-00367,GF-E24-R,GF-E24,R,Guardafango,Guardafango CHANCHO,100.0,971,false
DEPO-00368,GF-VITARA-L,GF-VITARA,L,Guardafango,Guardafango DE VITARA CON BUCHERA,250.0,548,false
DEPO-00369,GF-VITARA-R,GF-VITARA,R,Guardafango,Guardafango DE VITARA CON BUCHERA,250.0,549,false
DEPO-00370,12-285-L,12-285,L,Guiñador,Guinador COROLLA 90 212-1524,100.0,481,false
DEPO-00371,1688-R,1688,R,Guiñador,Guinador FX ANTIGUO COROLLA 2,90.0,507,false
DEPO-00372,210-37746-R,210-37746,R,Guiñador,Guinador PAJERO MONTERO 214-1531,100.0,412,false
DEPO-00373,218-1602-L,218-1602,L,Guiñador,Guinador de Parachoque Suzuki Samurai,21.0,89,false
DEPO-00374,218-1602-R,218-1602,R,Guiñador,Guinador de Parachoque Suzuki Samurai,21.0,90,false
DEPO-00375,210-37779-L,210-37779,L,Guiñador,Guiñador ECLIPSE,20.0,407,false
DEPO-00376,3313-R,3313,R,Guiñador,Guiñador AD 215-1561,100.0,445,false
DEPO-00377,05-32-L,05-32,L,Guiñador,Guiñador CALDIN GT,100.0,465,false
DEPO-00378,05-32-R,05-32,R,Guiñador,Guiñador CALDINA GT,100.0,466,false
DEPO-00379,20-317-R,20-317,R,Guiñador,Guiñador CARINA AE 91,100.0,470,false
DEPO-00380,20-383-L,20-383,L,Guiñador,Guiñador CARINA CRISTALIZADO,20.0,471,false
DEPO-00381,20-383-R,20-383,R,Guiñador,Guiñador CARINA CRISTALIZADO,20.0,472,false
DEPO-00382,20-262-R,20-262,R,Guiñador,Guiñador CARINA PUNTA REDONDA,35.0,488,false
DEPO-00383,20-197-L,20-197,L,Guiñador,Guiñador CARINA PUNTA REDONDA 212-1543,,489,false
DEPO-00384,20-197-R,20-197,R,Guiñador,Guiñador CARINA PUNTA REDONDA 212-1543,25.0,490,false
DEPO-00385,20-262-L,20-262,L,Guiñador,Guiñador CARINA PUNTA REDONDA 212-1557,25.0,487,false
DEPO-00386,12-372-L,12-372,L,Guiñador,Guiñador CERES,200.0,473,false
DEPO-00387,12-372-R,12-372,R,Guiñador,Guiñador CERES,200.0,474,false
DEPO-00388,120-87194-L,120-87194,L,Guiñador,Guiñador CHALLENGER,200.0,405,false
DEPO-00389,120-87194-R,120-87194,R,Guiñador,Guiñador CHALLENGER,200.0,406,false
DEPO-00390,16-96-L,16-96,L,Guiñador,Guiñador COROLLA 2,100.0,475,false
DEPO-00391,16-96-R,16-96,R,Guiñador,Guiñador COROLLA 2,100.0,476,false
DEPO-00392,12-197-L,12-197,L,Guiñador,Guiñador COROLLA 84 212-1611,20.0,477,false
DEPO-00393,12-197-R,12-197,R,Guiñador,Guiñador COROLLA 84 212-1611,20.0,478,false
DEPO-00394,12-412-R,12-412,R,Guiñador,Guiñador COROLLA SAPITO 212-1592,20.0,484,false
DEPO-00395,1469-R,1469,R,Guiñador,Guiñador CORONA 212-1605,20.0,998,false
DEPO-00396,120-24580-L,120-24580,L,Guiñador,Guiñador CUSTOM BLANCO 215-1575,100.0,434,false
DEPO-00397,120-24580-R,120-24580,R,Guiñador,Guiñador CUSTOM BLANCO 215-1575,100.0,435,false
DEPO-00398,20-306-L,20-306,L,Guiñador,Guiñador DE CALDINA NARANJA,100.0,467,false
DEPO-00399,3336-L,3336,L,Guiñador,Guiñador DE IMPREZA JAPONES,100.0,453,false
DEPO-00400,312-1634PXA-L,312-1634PXA,L,Guiñador,Guiñador de Parachoque CELICA 90/93 TUNNIG,124.0,111,false
DEPO-00401,312-1634PXA-R,312-1634PXA,R,Guiñador,Guiñador de Parachoque CELICA 90/93 TUNNIG,124.0,112,false
DEPO-00402,26-33-L,26-33,L,Guiñador,Guiñador DE Parachoque DE HICE 212-1664,90.0,513,false
DEPO-00403,26-33-R,26-33,R,Guiñador,Guiñador DE Parachoque DE HICE 212-1664,90.0,514,false
DEPO-00404,3353-L,3353,L,Guiñador,Guiñador DE Parachoque DOMINGO,,1072,false
DEPO-00405,3353-R,3353,R,Guiñador,Guiñador DE Parachoque DOMINGO,90.0,1073,false
DEPO-00406,317-1612-PTB-VS,317-1612-PTB-VS,,Guiñador,Guiñador de Parachoque HONDA CIVIC CRX M.90~91 SMOKE TUNNIG Par,68.0,946,false
DEPO-00407,317-1603-L,317-1603,L,Guiñador,Guiñador de Parachoque HONDA CIVIC Mod.88~91,30.0,119,false
DEPO-00408,317-1603-R,317-1603,R,Guiñador,Guiñador de Parachoque HONDA CIVIC Mod.88~91,30.0,120,false
DEPO-00409,3382-L,3382,L,Guiñador,Guiñador DE Parachoque JUNIOR,250.0,1116,false
DEPO-00410,3382-R,3382,R,Guiñador,Guiñador DE Parachoque JUNIOR,250.0,1117,false
DEPO-00411,217-1608-R,217-1608,R,Guiñador,Guiñador de Parachoque ONDA CIVIC 88/90 3D NARANJA,70.0,82,false
DEPO-00412,218-1135-R,218-1135,R,Guiñador,Guiñador de Parachoque ONDA CIVIC 88/90 3D NARANJA,880.0,84,false
DEPO-00413,220-1608 pxa-L,220-1608 pxa,L,Guiñador,Guiñador de Parachoque SUBARU IMPREZA Mod.99~2000,160.0,99,false
DEPO-00414,220-1608 pxa-R,220-1608 pxa,R,Guiñador,Guiñador de Parachoque SUBARU IMPREZA Mod.99~2000,160.0,100,false
DEPO-00415,016-8319-R,016-8319,R,Guiñador,Guiñador DE Parachoque TRASERO CHARIOT,100.0,1071,false
DEPO-00416,016-8319-L,016-8319,L,Guiñador,Guiñador DE Parachoque TRASERO CHARIOT RVR,100.0,1070,false
DEPO-00417,3568-C-L,3568-C,L,Guiñador,Guiñador DE SURF BLANCO,200.0,531,false
DEPO-00418,3568-C-R,3568-C,R,Guiñador,Guiñador DE SURF BLANCO,200.0,532,false
DEPO-00419,2165-R,2165,R,Guiñador,Guiñador DOMINGO,150.0,450,false
DEPO-00420,10-76-L,10-76,L,Guiñador,Guiñador EP 82 212-1586,20.0,497,false
DEPO-00421,10-76-R,10-76,R,Guiñador,Guiñador EP 82 212-15A0,20.0,499,false
DEPO-00422,10-64-L,10-64,L,Guiñador,Guiñador EP 82 212-1582,20.0,500,false
DEPO-00423,10-64-R,10-64,R,Guiñador,Guiñador EP 82 212-1582,20.0,501,false
DEPO-00424,10-67-L,10-67,L,Guiñador,Guiñador EP 82 212-1586,20.0,496,false
DEPO-00425,10-67-R,10-67,R,Guiñador,Guiñador EP 82 212-15A0,20.0,498,false
DEPO-00426,35-43-L,35-43,L,Guiñador,Guiñador HILUX 212-1539,70.0,515,false
DEPO-00427,35-43-R,35-43,R,Guiñador,Guiñador HILUX 212-1539,80.0,516,false
DEPO-00428,21-35-L,21-35,L,Guiñador,Guiñador LATERAL CALDINA GT,100.0,987,false
DEPO-00429,21-35-R,21-35,R,Guiñador,Guiñador LATERAL CALDINA GT,100.0,988,false
DEPO-00430,36401-8500-L,36401-8500,L,Guiñador,Guiñador LATERAL CARRY,20.0,995,false
DEPO-00431,36401-8500-R,36401-8500,R,Guiñador,Guiñador LATERAL CARRY,20.0,996,false
DEPO-00432,2155-L,2155,L,Guiñador,Guiñador LATERAL FORESTER 97-2000,20.0,993,false
DEPO-00433,2155-R,2155,R,Guiñador,Guiñador LATERAL FORESTER 97-2000,20.0,994,false
DEPO-00434,3162-L,3162,L,Guiñador,Guiñador lateral RAV 4 Mod. 97 ~ 2000 212-1409,25.0,985,false
DEPO-00435,3162-R,3162,R,Guiñador,Guiñador lateral RAV 4 Mod. 97 ~ 2000 212-1409,25.0,986,false
DEPO-00436,2175-L,2175,L,Guiñador,Guiñador LATERAL SUBARU IMPREZA,25.0,989,false
DEPO-00437,2175-R,2175,R,Guiñador,Guiñador LATERAL SUBARU IMPREZA,25.0,990,false
DEPO-00438,1132-215-L,1132-215,L,Guiñador,Guiñador LATERLA LANCER 92,25.0,991,false
DEPO-00439,1132-215-R,1132-215,R,Guiñador,Guiñador LATERLA LANCER 92,25.0,992,false
DEPO-00440,12-422-L,12-422,L,Guiñador,Guiñador LEVIN 96,100.0,519,false
DEPO-00441,12-422-R,12-422,R,Guiñador,Guiñador LEVIN 96,100.0,520,false
DEPO-00442,210-87233-L,210-87233,L,Guiñador,Guiñador MONTERO,100.0,409,false
DEPO-00443,210-87233-R,210-87233,R,Guiñador,Guiñador MONTERO,100.0,410,false
DEPO-00444,3337-L,3337,L,Guiñador,Guiñador NISSAN ATLAS 215-1571,150.0,418,false
DEPO-00445,3337-R,3337,R,Guiñador,Guiñador NISSAN ATLAS 215-1571,150.0,419,false
DEPO-00446,3226-L,3226,L,Guiñador,Guiñador NISSAN CUSTOM 315-1616,100.0,441,false
DEPO-00447,3226-R,3226,R,Guiñador,Guiñador NISSAN CUSTOM 315-1616,100.0,442,false
DEPO-00448,5183-L,5183,L,Guiñador,Guiñador NISSAN SUNNY B12 NARANJA,25.0,423,false
DEPO-00449,5183-R,5183,R,Guiñador,Guiñador NISSAN SUNNY B12 NARANJA,25.0,424,false
DEPO-00450,3311-L,3311,L,Guiñador,Guiñador NISSAN SUNNY B13 215-1542,25.0,428,false
DEPO-00451,3311-R,3311,R,Guiñador,Guiñador NISSAN SUNNY B13 215-1542,25.0,429,false
DEPO-00452,3339-L,3339,L,Guiñador,Guiñador NISSAN SUNNY B13 215-1562,25.0,430,false
DEPO-00453,3339-R,3339,R,Guiñador,Guiñador NISSAN SUNNY B13 215-1562,25.0,431,false
DEPO-00454,210-63317-R,210-63317,R,Guiñador,Guiñador PRIMERA,50.0,446,false
DEPO-00455,10-83-L,10-83,L,Guiñador,Guiñador REFLEX EP 91 212-15A1-C,50.0,502,false
DEPO-00456,10-83-R,10-83,R,Guiñador,Guiñador REFLEX EP 91 212-15A1-C,50.0,503,false
DEPO-00457,9206-L,9206,L,Guiñador,Guiñador SERENA,100.0,447,false
DEPO-00458,2165-L,2165,L,Guiñador,Guiñador SUBARU DOMINGO,100.0,449,false
DEPO-00459,220-1402-PXA-2-L,220-1402-PXA-2,L,Guiñador,Guiñador Subaru FORESTER Mod. 98~2005 USA LED Negro. PAR,125.0,1196,false
DEPO-00460,220-1402-PXA-2-R,220-1402-PXA-2,R,Guiñador,Guiñador Subaru FORESTER Mod. 98~2005 USA LED Negro. PAR,125.0,1197,false
DEPO-00461,3200-L,3200,L,Guiñador,Guiñador SUNNY B11 BLANCO,50.0,420,false
DEPO-00462,3200-R,3200,R,Guiñador,Guiñador SUNNY B11 BLANCO,50.0,421,false
DEPO-00463,35-52-L,35-52,L,Guiñador,Guiñador SURF AMARILLO 212-1573,100.0,535,false
DEPO-00464,3568-Y-L,3568-Y,L,Guiñador,Guiñador SURFNARANJA,200.0,533,false
DEPO-00465,3568-Y-R,3568-Y,R,Guiñador,Guiñador SURFNARANJA,200.0,534,false
DEPO-00466,5127-L,5127,L,Guiñador,Guiñador SUZUKI MARUTI 218-1503,25.0,965,false
DEPO-00467,28-37-R,28-37,R,Guiñador,Guiñador TONACE,25.0,538,false
DEPO-00468,26-34-L,26-34,L,Guiñador,Guiñador TOYOTA CUSTOM LARGO,25.0,439,false
DEPO-00469,12-291-R,12-291,R,Guiñador,Guiñador TOYOTA FX,100.0,504,false
DEPO-00470,28-74-L,28-74,L,Guiñador,Guinador LITEACE CUSTOM 212-1568-Y,100.0,521,false
DEPO-00471,12-324-L,12-324,L,Guiñador,Guinador COROLLA 90 212-1647,100.0,479,false
DEPO-00472,12-324-R,12-324,R,Guiñador,Guinador COROLLA 90 212-1647,20.0,480,false
DEPO-00473,20-271-L,20-271,L,Guiñador,Guinador CORON EN PUNTA,35.0,485,false
DEPO-00474,20-271-R,20-271,R,Guiñador,Guinador CORON EN PUNTA,35.0,486,false
DEPO-00475,GF-MONTERO90-L,GF-MONTERO90,L,Guardafango,Guardafango MONTERO 90,200.0,546,false
DEPO-00476,GF-MONTERO90-R,GF-MONTERO90,R,Guardafango,Guardafango MONTERO 90,200.0,547,false
DEPO-00477,JAL-M-VAR,JAL-M-VAR,,Jalador,Jalador DE MANO VARIOS,1.0,1006,false
DEPO-00478,PPE-PA,PPE-PA,,Jalador,Jalador SUBARU DE Puerta DELANTERA,100.0,917,false
DEPO-00479,850032,850032,,Junta,Junta 20*35*23 AE100,119.0,1185,false
DEPO-00480,850027,850027,,Junta,Junta IPSUM COROLLA Mod 87~95 24 X56X 26 C/ABS 133221,115.0,1088,false
DEPO-00481,123229,123229,,Junta,Junta PATHFINDER PICK UP 6 Cyl. Mod 89~97 28 X50X 27,15.0,1154,false
DEPO-00482,SCOOTER-LL,SCOOTER-LL,,Llanta,Llanta SCOOTER VERDE,200.0,868,false
DEPO-00483,LP-VAR,LP-VAR,,Luz,Luz DE PLACA VARIOS NEGRO,1.0,999,false
DEPO-00484,13-19,13-19,,Luz,Luz DE RETRO HILUX SURF 92,20.0,997,false
DEPO-00485,PH8A,PH8A,,Filtro,Filtro de ACEITE 3/4 X 16 PH8-TH8A. C-3024087,12.5,1107,false
DEPO-00486,PH966,PH966,,Filtro,Filtro de ACEITE PH-966B 3/4 X16 PH-201A. C-3024086,8.0,1106,false
DEPO-00487,MA-CALDINAGT,MA-CALDINAGT,,Maletera,Maletera CALDINA GT,700.0,588,false
DEPO-00488,MA-CARIB98,MA-CARIB98,,Maletera,Maletera CARIB 98,700.0,1008,false
DEPO-00489,MA-EVO6,MA-EVO6,,Maletera,Maletera COMPLETA EVOLUCION 6,1800.0,1004,false
DEPO-00490,MA-CHARIOT,MA-CHARIOT,,Maletera,Maletera MITSUBISHI CHARIOT GRANDIS,500.0,553,false
DEPO-00491,MA-IMPREZA,MA-IMPREZA,,Maletera,Maletera SUBARU WAGON IMPREZA,700.0,586,false
DEPO-00492,MA-CALDINA,MA-CALDINA,,Maletera,Maletera TOYOTA CALDINA A MUELLE,700.0,587,false
DEPO-00493,MA-VITARA,MA-VITARA,,Maletera,Maletera Suzuki vitara A MUELLE,700.0,587,false
DEPO-00494,MA-IPSUM,MA-IPSUM,,Maletera,Maletera TOYOTA IPSUM 96,500.0,579,false
DEPO-00495,MA-CHAN,MA-CHAN,,Maletera,Maletera NISSAN CARAVAN CHANCHO,1400.0,558,false
DEPO-00496,MA-FORESTER2000,MA-FORESTER2000,,Maletera,Maletera SUBARU FORESTER 2000,2900.0,585,false
DEPO-00497,62310-70N00,62310-70N00,,Máscara,Mascara A VENIR AD 96 VERIFICAR,100.0,1083,false
DEPO-00498,53111-97503,53111-97503,,Máscara,Mascara ATRAIL Blanco,100.0,556,false
DEPO-00499,53111-13120,53111-13120,,Máscara,Mascara CARIB,150.0,573,false
DEPO-00500,M-CARINA-C,M-CARINA-C,,Máscara,Mascara CARINA 85 CROMADO,100.0,1058,false
DEPO-00501,M-CARINA-B,M-CARINA-B,,Máscara,Mascara CARINA 85 NEGRO,100.0,1059,false
DEPO-00502,53101-20340,53101-20340,,Máscara,Mascara CARINA 89,100.0,572,false
DEPO-00503,53111-95J02,53111-95J02,,Máscara,Mascara TOYOTA HIACE CUSTOM 92,100.0,575,false
DEPO-00504,62310-VE000,62310-VE000,,Máscara,Mascara CARAVAN K20 CROMADO,100.0,576,false
DEPO-00505,53111-95J25,53111-95J25,,Máscara,Mascara CUSTOM CROMADO GUIADOR LARGO,100.0,577,false
DEPO-00506,62310-38N10,62310-38N10,,Máscara,Mascara CUSTUM CROMADO CON NEGRO 215-1575,100.0,560,false
DEPO-00507,DS07050GA-U,DS07050GA-U,,Máscara,Mascara DS07050GA SUNNY B11,100.0,1054,false
DEPO-00508,55101-26020,55101-26020,,Máscara,Mascara GRAN VIA 98,100.0,1055,false
DEPO-00509,53100-95J09,53100-95J09,,Máscara,Mascara HIACE CUSTOM 89 212-1221 TY07081GA,100.0,574,false
DEPO-00510,TY07081GA,TY07081GA,,Máscara,Mascara HIACE Mod 85/89 minibus TY07081GA TONG YANG,,1056,false
DEPO-00511,53114-12060,53114-12060,,Máscara,Mascara LEVIN AE 86,100.0,580,false
DEPO-00512,53111-1A140,53111-1A140,,Máscara,Mascara MARINO TOYOTA,100.0,581,false
DEPO-00513,MB645720,MB645720,,Máscara,Mascara MITSUBISHI MONTERO NEGRO,300.0,555,false
DEPO-00514,63320-K74151-L,63320-K74151,L,Máscara,Mascara NISSAN MARCH,125.0,561,false
DEPO-00515,63330-K74151-R,63330-K74151,R,Máscara,Mascara NISSAN MARCH,125.0,562,false
DEPO-00516,53111-88110,53111-88110,,Máscara,Mascara STOUT TY07023,100.0,1053,false
DEPO-00517,72111-51010,72111-51010,,Máscara,Mascara SUZUKI SAMURAI,100.0,567,false
DEPO-00518,53101-13011-TW,53101-13011-TW,,Máscara,Mascara TOYOTA 212-1228 CE-96,100.0,570,false
DEPO-00519,53101-20200,53101-20200,,Máscara,Mascara TOYOTA CARIN A,100.0,571,false
DEPO-00520,10300-0310,10300-0310,,Máscara,Mascara TOYOTA ESTARLET,100.0,582,false
DEPO-00521,TY-2001,TY-2001,,Máscara,Mascara TOYOTA HIACE 212-1196,100.0,578,false
DEPO-00522,62310-VW100,62310-VW100,,Máscara,Mascara URVAN E25 215-11A5,100.0,1057,false
DEPO-00523,DS07117GA,DS07117GA,,Máscara,Mascara URVAN TYG,100.0,564,false
DEPO-00524,MASC-VAR,MASC-VAR,,Máscara,Mascara VARIOS,100.0,1052,false
DEPO-00525,72111-77E00,72111-77E00,,Máscara,Mascara VITARA VRS AMERICANA,100.0,566,false
DEPO-00526,53101-52060,53101-52060,,Máscara,Mascara VITZ,100.0,583,false
DEPO-00527,62310-38N00,62310-38N00,,Máscara,Mascara CUSTOM NISSAN CROMADO 215-1575,100.0,559,false
DEPO-00528,M-DATSUN,M-DATSUN,,Máscara,Mascara DATSUN DOBLE Farol REDONDO,100.0,552,false
DEPO-00529,MB-CALDINA,MB-CALDINA,,Mataburro,Mataburro Caldina 98,700.0,1202,false
DEPO-00530,MB-MONTERO,MB-MONTERO,,Mataburro,Mataburro MONTERO 90,700.0,1203,false
DEPO-00531,PP-T10,PP-T10,,Mataburro,Mataburro PLASTICO SURF,100.0,584,false
DEPO-00532,3320-L,3320,L,Media,Media luz BONGO NARANJA,200.0,1060,false
DEPO-00533,3320-R,3320,R,Media,Media luz BONGO NARANJA,200.0,1061,false
DEPO-00534,212-1611-L,212-1611,L,Media,Media luz c/Guiñador COROLLA Mod. 84~85~86,,1074,false
DEPO-00535,212-1611-R,212-1611,R,Media,Media luz c/Guiñador COROLLA Mod. 84~85~86,,1075,false
DEPO-00536,212-1561-K-L,212-1561-K,L,Media,Media luz COROLLA Mod.92~93~94~95,25.0,45,false
DEPO-00537,212-1561-K-R,212-1561-K,R,Media,Media luz COROLLA Mod.92~93~94~95,25.0,46,false
DEPO-00538,212-15D8-K-L,212-15D8-K,L,Media,Media luz COROLLA Mod.92~99,20.0,49,false
DEPO-00539,212-15D8-K-R,212-15D8-K,R,Media,Media luz COROLLA Mod.92~99,20.0,50,false
DEPO-00540,32-41-L,32-41,L,Media,Media luz DESCONOCIDO,1.0,964,false
DEPO-00541,214-1515-C-R,214-1515-C,R,Media,Media luz GALANT Mod.89~90~91~92~93 E33A,77.0,66,false
DEPO-00542,214-1515-CY-L,214-1515-CY,L,Media,Media luz GALANT Mod.89~90~91~92~93 E33A,70.0,63,false
DEPO-00543,214-1515-CY-R,214-1515-CY,R,Media,Media luz GALANT Mod.89~90~91~92~93 E33A,70.0,64,false
DEPO-00544,26-37-L,26-37,L,Media,Media luz HIACE CUSTOM 96-2000,100.0,523,false
DEPO-00545,26-37-R,26-37,R,Media,Media luz HIACE CUSTOM 96-2000,100.0,524,false
DEPO-00546,217-1519-L,217-1519,L,Media,Media luz HONDA ACCORD Mod.90~91,35.0,77,false
DEPO-00547,045-3966-L,045-3966,L,Media,Media luz HONDA CIVIC 217-1520,75.0,1068,false
DEPO-00548,045-3966-R,045-3966,R,Media,Media luz HONDA CIVIC 217-1520,75.0,1069,false
DEPO-00549,217-1522-L,217-1522,L,Media,Media luz HONDA CIVIC Mod.90 3D,60.0,79,false
DEPO-00550,217-1522-R,217-1522,R,Media,Media luz HONDA CIVIC Mod.90 3D,60.0,80,false
DEPO-00551,317-1522-L,317-1522,L,Media,Media luz HONDA PRELUDE Mod. 92 ~ 96,60.0,117,false
DEPO-00552,317-1522-R,317-1522,R,Media,Media luz HONDA PRELUDE Mod. 92 ~ 96,60.0,118,false
DEPO-00553,214-1529-PXA-2-L,214-1529-PXA-2,L,Media,Media luz LANCER Mod. 93~94~95~96 NEGRO,126.3,1194,false
DEPO-00554,214-1529-PXA-2-R,214-1529-PXA-2,R,Media,Media luz LANCER Mod. 93~94~95~96 NEGRO,126.3,1195,false
DEPO-00555,P0371-L,P0371,L,Media,Media luz MAZDA BONGO Mod.2000~2001~2002 VANETTE E2000 216-1555,200.0,1125,false
DEPO-00556,P0371-R,P0371,R,Media,Media luz MAZDA BONGO Mod.2000~2001~2002 VANETTE E2000 216-1555,200.0,1126,false
DEPO-00557,18-1800-R,18-1800,R,Media,Media luz MITSIBISHI VERIFICAR,20.0,1064,false
DEPO-00558,5726-L,5726,L,Media,Media luz MITSIBISHI VERIFICAR,20.0,1063,false
DEPO-00559,215-1552-L,215-1552,L,Media,Media luz Nissan BLUE BIRD Mod. 90-93(Auto),79.0,947,false
DEPO-00560,215-1552-R,215-1552,R,Media,Media luz Nissan BLUE BIRD Mod. 90-93(Auto),79.0,948,false
DEPO-00561,120-63437-L,120-63437,L,Media,Media luz PATHFINDER REGULOS,100.0,1065,false
DEPO-00562,120-63437-R,120-63437,R,Media,Media luz PATHFINDER REGULOS,100.0,1066,false
DEPO-00563,3429-L,3429,L,Media,Media luz PRESEA VERIFICAR BLUE BIRD,100.0,1078,false
DEPO-00564,3429-R,3429,R,Media,Media luz PRESEA VERIFICAR BLUE BIRD,100.0,1079,false
DEPO-00565,212-63141-L,212-63141,L,Media,Media luz SUNNY B11,20.0,1077,false
DEPO-00566,212-32284-R,212-32284,R,Media,Media luz SUZUKI SWIF VERIFICAR,20.0,1062,false
DEPO-00567,28-77-R,28-77,R,Media,Media luz TOWN ACE 78,25.0,1121,false
DEPO-00568,28-77-L,28-77,L,Media,Media luz TOWN ACE 78,25.0,1120,false
DEPO-00569,312-1521-L,312-1521,L,Media,Media luz Toyota 4RUNNER Mod. 96,123.0,109,false
DEPO-00570,312-1521-R,312-1521,R,Media,Media luz Toyota 4RUNNER Mod. 96,123.0,110,false
DEPO-00571,212-1616-R,212-1616,R,Media,Media luz Toyota HIACE Mod.84~89,,1076,false
DEPO-00572,212-1549-R,212-1549,R,Media,Media luz Toyota HIACE Mod.90~02,35.0,44,false
DEPO-00573,28-79-L,28-79,L,Media,Media luz TOYOTA LITE ACE 212-1516 MOD 82,25.0,895,false
DEPO-00574,28-79-R,28-79,R,Media,Media luz TOYOTA LITE ACE 212-1516 MOD 82,25.0,894,false
DEPO-00575,28-112-R,28-112,R,Media,Media luz Toyota NOAH Mod.96~97~98 212-15H2-K,20.0,1067,false
DEPO-00576,860067,860067,,Muñón,Muñón de dirección / Terminal YOITOKI. SE-2651,19.0,1166,false
DEPO-00577,MD-VARIOS,MD-VARIOS,,Muñón,Muñon DE DIRECCION VARIOS,1.0,1011,false
DEPO-00578,860019,860019,,Muñón,Muñon de Estabilizador ilizador RUNNER YOITOKI Universal,21.0,1161,false
DEPO-00579,MS-VARIOS,MS-VARIOS,,Muñón,Muñon DE SUSPENCION VARIOS,1.0,1012,false
DEPO-00580,860057,860057,,Muñón,Muñon de suspensión NOAH ~ LITEACE Superior YOITOKI Sin grasera blindado,45.0,1148,false
DEPO-00581,860062,860062,,Muñón,Muñon de suspension VANETTE BONGO Superior 00-06,47.0,1149,false
DEPO-00582,860070,860070,,Muñón,Muñon DIRECCION 124848,21.0,1163,false
DEPO-00583,860069,860069,,Muñón,Muñon DIRECCION CALDINA R,33.0,1160,false
DEPO-00584,23521,23521,,Muñón,Muñon DIRECCION COROLLA 78,1.0,1174,false
DEPO-00585,860090,860090,,Muñón,Muñon DIRECCION HIACE CHINO ROSCA 15,30.0,26,false
DEPO-00586,124848,124848,,Muñón,Muñon DIRECCION HIACE CUADRADO /HILUX 89,25.0,4,false
DEPO-00587,ALICMD-002,ALICMD-002,,Muñón,Muñon DIRECCION HIACE ROSCA 15,25.0,1153,false
DEPO-00588,860071,860071,,Muñón,Muñon DIRECCION LOBO ROSCA 17,25.0,23,false
DEPO-00589,860129,860129,,Muñón,Muñon DIRECCION LUCIDA,23.0,27,false
DEPO-00590,860128,860128,,Muñón,Muñon DIRECCION NISSAN LUCIDA,23.0,1167,false
DEPO-00591,860073,860073,,Muñón,Muñon DIRECCION PROBOX,32.0,25,false
DEPO-00592,860142,860142,,Muñón,Muñon DIRECCION SUZUKI SX4 SWIFT,21.0,1152,false
DEPO-00593,860027,860027,,Muñón,Muñon Estabilizador largo NOAH SUZUKI,22.0,8,false
DEPO-00594,860101,860101,,Muñón,Muñon Estabilizador PROBOX,23.0,1151,false
DEPO-00595,R-KEYTON,R-KEYTON,,Muñón,Muñon KEYTON,28.0,1139,false
DEPO-00596,860143,860143,,Muñón,Muñon KING LONG,26.0,1140,false
DEPO-00597,860121,860121,,Muñón,Muñon Muñon RUNNER,25.0,1168,false
DEPO-00598,860144,860144,,Muñón,Muñon SIRECCION KING LONG ROSCA 14,25.0,1150,false
DEPO-00599,860043,860043,,Muñón,Muñon SUSPENCIO HIACE INFERIOR,45.0,17,false
DEPO-00600,860060,860060,,Muñón,Muñon SUSPENCION NISSAN CHANCHO,60.0,21,false
DEPO-00601,860048,860048,,Muñón,Muñon SUSPENO DEL PROBOX,25.0,20,false
DEPO-00602,860039,860039,,Muñón,Muñon SUSPENSIÓN CALDINA 97,30.0,14,false
DEPO-00603,860037,860037,,Muñón,Muñon SUSPENSIÓN COROLLA 90 L,30.0,13,false
DEPO-00604,860036,860036,,Muñón,Muñon SUSPENSIÓN COROLLA 90 R,30.0,12,false
DEPO-00605,860064,860064,,Muñón,Muñon SUSPENSION HIACE CUADRADO,48.0,22,false
DEPO-00606,43350-39125,43350-39125,,Muñón,Muñon SUSPENSIÓN HIALUX 92 SUPERIOR MARCA BIG,43.0,1156,false
DEPO-00607,860047,860047,,Muñón,Muñon SUSPENSIÓN INFERIOR NOAH LITE ACE,33.0,1155,false
DEPO-00608,43310-39016,43310-39016,,Muñón,Muñon SUSPENSIÓN LAND CRUISER,70.0,1176,false
DEPO-00609,860041,860041,,Muñón,Muñon SUSPENSIÓN MINIBUS URVAN 90 ABAJO,33.0,15,false
DEPO-00610,860042,860042,,Muñón,Muñon SUSPENSIÓN MINIUS NISSAN URVAN 90,33.0,16,false
DEPO-00611,860046,860046,,Muñón,Muñon SUSPENSIÓN RAV 4,36.0,18,false
DEPO-00612,43330-39245-INF,43330-39245-INF,,Muñón,Muñon TOYOTA HILUX STOUT INFERIOR,45.0,1183,false
DEPO-00613,43330-39245-SUP,43330-39245-SUP,,Muñón,Muñon TOYOTA HILUX STOUT SUPERIOR,45.0,1184,false
DEPO-00614,860072,860072,,MuñonES,MuñonES SUSPENSIÓN PROBOX ISQUIERDO,23.0,24,false
DEPO-00615,8109-L,8109,L,Retrovisor,RETROVISOR NISSAN SKYLINE R32,75.0,257,false
DEPO-00616,8109-R,8109,R,Retrovisor,RETROVISOR NISSAN SKYLINE R32,75.0,258,false
DEPO-00617,N26-L,N26,L,Retrovisor,Retrovisor Nissan Silvina 513,75.0,256,false
DEPO-00618,223604,223604,,Parachoque,Parachoque CARINA VERIFICAR,190.0,1007,false
DEPO-00619,52119-1E500,52119-1E500,,Parachoque,Parachoque COROLLA 98 SALOM,350.0,1193,false
DEPO-00620,71711-85D30,71711-85D30,,Parachoque,Parachoque DEL GRAN VITARA 99 SZ04050BA,1200.0,609,false
DEPO-00621,52103-89110,52103-89110,,Parachoque,Parachoque DEL HILUX 93 METALICO 212-1638,400.0,598,false
DEPO-00622,PD-IO,PD-IO,,Parachoque,Parachoque DEL MITSUBISHI IO,700.0,599,false
DEPO-00623,6202238N00,6202238N00,,Parachoque,Parachoque DEL NISSAN CUSTOM NA20 ( BLANCO / PLOMO),625.0,596,false
DEPO-00624,62022-0M001,62022-0M001,,Parachoque,Parachoque DEL NISSAN SUNNY B14 ( VERDE / BLANCO ),175.0,589,false
DEPO-00625,PD-JUNIOR,PD-JUNIOR,,Parachoque,Parachoque DEL PAJERO JUNIOR,700.0,601,false
DEPO-00626,PD-STARLET92,PD-STARLET92,,Parachoque,Parachoque DEL STARLET PLOMO CON Alogeno,700.0,605,false
DEPO-00627,SZ04011BA,SZ04011BA,,Parachoque,Parachoque DEL SUZUKI VITARA ESCUDO ( 3 PuertaS ) TYG,189.0,870,false
DEPO-00628,52119-21020,52119-21020,,Parachoque,Parachoque DEL TOYOTA CALDINA GT / CON Alogeno,700.0,591,false
DEPO-00629,T10-TS0P,T10-TS0P,,Parachoque,Parachoque DEL TOYOTA LEVIN 96,350.0,600,false
DEPO-00630,52119-16280,52119-16280,,Parachoque,Parachoque DELANTERO CORSA,350.0,1003,false
DEPO-00631,GG119-00010,GG119-00010,,Parachoque,Parachoque SUBARU FORESTER DELANTERO,1000.0,1108,false
DEPO-00632,PT-CALDINA,PT-CALDINA,,Parachoque,Parachoque TRAS CON SPOILER TOYOTA CALDINA GT,350.0,592,false
DEPO-00633,PT-STARLET92,PT-STARLET92,,Parachoque,Parachoque TRAS EP82 GT,350.0,604,false
DEPO-00634,PT-FORESTER,PT-FORESTER,,Parachoque,Parachoque TRAS FORESTER 97,100.0,606,false
DEPO-00635,50221,50221,,Parachoque,Parachoque TRAS MAZDA BONGO,350.0,590,false
DEPO-00636,PT-JUNIOR,PT-JUNIOR,,Parachoque,Parachoque TRAS MITSUBISHI JUNIOR,350.0,602,false
DEPO-00637,PT-E25,PT-E25,,Parachoque,Parachoque TRAS NISSAN CARAVAN K20 CHANCHO,350.0,594,false
DEPO-00638,PT-AE91,PT-AE91,,Parachoque,Parachoque TRAS TOYOTA COROLLA 90 SEDAN,400.0,595,false
DEPO-00639,PT-EVO6-F,PT-EVO6-F,,Parachoque,Parachoque TRASERO EVO 6 FIBRA,800.0,603,false
DEPO-00640,PT-FORESTER2000,PT-FORESTER2000,,Parachoque,Parachoque TRASERO FORESTER 2000,1000.0,1005,false
DEPO-00641,PT-SURF96,PT-SURF96,,Parachoque,Parachoque TRASERO SURF 96 3 PIEZAS,700.0,1002,false
DEPO-00642,PD-SURF96,PD-SURF96,,Parachoque,Parachoque DEL SURF HILUX METALICO 96 TY40165,700.0,607,false
DEPO-00643,PD-ESCUDO,PD-ESCUDO,,Parachoque,Parachoque DEL SUZUKI VITARA ESCUDO FIBRA,700.0,608,false
DEPO-00644,C-3072014,C-3072014,,Pastilla,Pastilla DE FRENO NAKHATAM SUABRU STI,60.0,167,false
DEPO-00645,C-3072001,C-3072001,,Pastilla,Pastilla DE SUBARU FRENO,47.9,166,false
DEPO-00646,860024,860024,,Perno,Perno barra estabilizador Turinng Mod. 97~98~99~ Largo TERRANO,23.0,1159,false
DEPO-00647,C-3024086,C-3024086,,Filtro,Filtro de ACEITE 15601-33020 -TH2825 - PH2825,8.5,1094,false
DEPO-00648,PIS-VAR,PIS-VAR,,Pisadera,PISADERA DE SUBARU FORESTER VARIOS,200.0,922,false
DEPO-00649,75831-20320,75831-20320,,Porta,Porta placa CELICA 90-93,200.0,1015,false
DEPO-00650,MR-275638,MR-275638,,Porta,Porta placa CHARIOT GRANDIS,200.0,611,false
DEPO-00651,76801-35030,76801-35030,,Porta,Porta placa DE Maletera SURF,250.0,613,false
DEPO-00652,FJC506,FJC506,,Prensa,Prensa Subaru DOMINGO,350.0,1204,false
DEPO-00653,PU-FORESTER-D-R,PU-FORESTER-D,R,Puerta,Puerta SUBARU FORESTER ( Delantero Derecho ),100.0,620,false
DEPO-00654,PU-FORESTER-T-L,PU-FORESTER-T,L,Puerta,Puerta SUBARU FORESTER ( Trasero Isquierdo ),100.0,621,false
DEPO-00655,PU-FORESTER-T-R,PU-FORESTER-T,R,Puerta,Puerta SUBARU FORESTER ( Trasero Derecho ),100.0,622,false
DEPO-00656,PU-EVO6-D-L,PU-EVO6-D,L,Puerta,Puerta MITSUBISHI LANCER EVOLUTION 6 ( Delantero Isquierdo ),600.0,616,false
DEPO-00657,PU-EVO6-D-R,PU-EVO6-D,R,Puerta,Puerta MITSUBISHI LANCER EVOLUTION 6 ( Delantero Derecho ),600.0,617,false
DEPO-00658,PU-EVO6-T-L,PU-EVO6-T,L,Puerta,Puerta MITSUBISHI LANCER EVOLUTION 6 ( Trasero Isquierdo ),600.0,618,false
DEPO-00659,PU-EVO6-T-R,PU-EVO6-T,R,Puerta,Puerta MITSUBISHI LANCER EVOLUTION 6 ( Trasero Derecho ),600.0,619,false
DEPO-00660,PU-GVITARA-D-L,PU-GVITARA-D,L,Puerta,Puerta SUZUKU GRAN VITARA 99 JUEGO DE ( Delantero Isquierdo ),600.0,623,false
DEPO-00661,PU-GVITARA-D-R,PU-GVITARA-D,R,Puerta,Puerta SUZUKU GRAN VITARA 99 JUEGO DE ( Delantero Derecho ),600.0,624,false
DEPO-00662,PU-GVITARA-T-L,PU-GVITARA-T,L,Puerta,Puerta SUZUKU GRAN VITARA 99 JUEGO DE ( Trasero Isquierdo ),600.0,625,false
DEPO-00663,PU-GVITARA-T-R,PU-GVITARA-T,R,Puerta,Puerta SUZUKU GRAN VITARA 99 JUEGO DE ( Trasero Derecho ),600.0,626,false
DEPO-00664,PU-IPSUM-D-L,PU-IPSUM-D,L,Puerta,Puerta TOYOTA IPSUM ( Delantero Isquierdo ),400.0,627,false
DEPO-00665,870005-G,870005-G,,Amortiguador,Amortiguador TRASERO CALDINA 4X4 TURING ®,125.0,1189,false
DEPO-00666,870006-G,870006-G,,Amortiguador,Amortiguador TRASERO CALDINA 4X4 TURING L{,125.0,1190,false
DEPO-00667,RAD-JUNIOR,RAD-JUNIOR,,Radiador,Radiador MITSUBISHI JUNIOR,100.0,632,false
DEPO-00668,21410-VW300,21410-VW300,,Radiador,Radiador NISSAN URVAN 01-06 E25,500.0,1177,false
DEPO-00669,RAD-CALDINAGT,RAD-CALDINAGT,,Radiador,Radiador TOYOTA GT CALDINA,100.0,635,false
DEPO-00670,333-1425-R,333-1425,R,Guiñador,Guiñador JEEP RENEGADE Mod. 2015~2016~2017~2018~2019~2020~ F/SML,1.0,949,false
DEPO-00671,5646-L,5646,L,Espejo,Espejo COROLLA AE 100 6 PINES,100.0,1127,false
DEPO-00672,5646-R,5646,R,Espejo,Espejo COROLLA AE 100 6 PINES,100.0,1128,false
DEPO-00673,6207C3,6207C3,,Rodamiento,RODAMIENTO Motor F12,75.0,1095,false
DEPO-00674,PJ18,PJ18,,Rodamiento,RODAMIENTO SUBARU,75.0,1096,false
DEPO-00675,47-59-R,47-59,R,Stop,Stop BLUBIRT 96,100.0,710,false
DEPO-00676,20-199-L,20-199,L,Stop,Stop CORONA 90,100.0,780,false
DEPO-00677,20-199-R,20-199,R,Stop,Stop CORONA 90,100.0,781,false
DEPO-00678,20-179-L,20-179,L,Stop,Stop CORONA 90 2 COLORES,100.0,786,false
DEPO-00679,20-179-R,20-179,R,Stop,Stop CORONA 90 2 COLORES,100.0,787,false
DEPO-00680,20-139-L,20-139,L,Stop,Stop CORONA 90 3 COLORES,100.0,782,false
DEPO-00681,20-139-R,20-139,R,Stop,Stop CORONA 90 3 COLORES,100.0,783,false
DEPO-00682,220-63436-R,220-63436,R,Stop,Stop NISSAN PHATFINDER,250.0,726,false
DEPO-00683,SCOOTER,SCOOTER,,Scooter,SCOOTER,3500.0,866,false
DEPO-00684,SCOOTER-CA,SCOOTER-CA,,Scooter,SCOOTER CASCO,500.0,867,false
DEPO-00685,E-VAR-L,E-VAR,L,Espejo,Espejo VARIOS ( Isquierdo ),25.0,329,false
DEPO-00686,E-VAR-R,E-VAR,R,Espejo,Espejo VARIOS ( Derecho ),25.0,330,false
DEPO-00687,220-24765-L,220-24765,L,Stop,Stop AD 2006 215-194305,70.0,686,false
DEPO-00688,4287-L,4287,L,Stop,Stop ATLAS 215-1915,100.0,1026,false
DEPO-00689,4287-R,4287,R,Stop,Stop ATLAS 215-1915,100.0,1027,false
DEPO-00690,220-51616-L,220-51616,L,Stop,Stop ATRAIL,100.0,638,false
DEPO-00691,220-51616-R,220-51616,R,Stop,Stop ATRAIL,100.0,639,false
DEPO-00692,4294-L,4294,L,Stop,Stop B11 CORTO,75.0,691,false
DEPO-00693,1059-L,1059,L,Stop,Stop B14 NISSAN,75.0,703,false
DEPO-00694,1059-R,1059,R,Stop,Stop B14 NISSAN,75.0,704,false
DEPO-00695,220-61871-R,220-61871,R,Stop,Stop BONGO,100.0,660,false
DEPO-00696,J21-L,J21,L,Stop,Stop BOXY,200.0,749,false
DEPO-00697,J21-R,J21,R,Stop,Stop BOXY,200.0,750,false
DEPO-00698,7352-R,7352,R,Stop,Stop CALDINA A MUELLE,100.0,752,false
DEPO-00699,1231-L,1231,L,Stop,Stop CALDINA GT,100.0,756,false
DEPO-00700,1231-R,1231,R,Stop,Stop CALDINA GT,100.0,757,false
DEPO-00701,7409-L,7409,L,Stop,Stop CALDINA TURING,100.0,753,false
DEPO-00702,7409-R,7409,R,Stop,Stop CALDINA TURING,100.0,754,false
DEPO-00703,7157-L,7157,L,Stop,Stop CARIB 80,100.0,758,false
DEPO-00704,12-263-L,12-263,L,Stop,Stop CARIB 90,100.0,760,false
DEPO-00705,12-263-R,12-263,R,Stop,Stop CARIB 90,100.0,761,false
DEPO-00706,13-55-L,13-55,L,Stop,Stop CARIB BZ,200.0,766,false
DEPO-00707,13-55-R,13-55,R,Stop,Stop CARIB BZ,200.0,767,false
DEPO-00708,20-274-L,20-274,L,Stop,Stop CARINA,70.0,768,false
DEPO-00709,20-274-R,20-274,R,Stop,Stop CARINA,70.0,769,false
DEPO-00710,53-07901-L,53-07901,L,Stop,Stop CARINA92,70.0,764,false
DEPO-00711,53-07901-R,53-07901,R,Stop,Stop CARINA92,70.0,765,false
DEPO-00712,33-09303-R,33-09303,R,Stop,Stop CELICA 90,250.0,773,false
DEPO-00713,20-334-L,20-334,L,Stop,Stop CELICA 99,100.0,776,false
DEPO-00714,20-334-R,20-334,R,Stop,Stop CELICA 99,100.0,777,false
DEPO-00715,4022-L,4022,L,Stop,Stop CHANCHO CARAVAN,200.0,711,false
DEPO-00716,4022-R,4022,R,Stop,Stop CHANCHO CARAVAN,200.0,712,false
DEPO-00717,043-1566-L,043-1566,L,Stop,Stop COLT MITSUBISHI,70.0,1030,false
DEPO-00718,043-1566-R,043-1566,R,Stop,Stop COLT MITSUBISHI,70.0,1031,false
DEPO-00719,16-115-L,16-115,L,Stop,Stop COROLLA 2,100.0,794,false
DEPO-00720,16-115-R,16-115,R,Stop,Stop COROLLA 2,100.0,795,false
DEPO-00721,12-104-L,12-104,L,Stop,Stop COROLLA 78,70.0,790,false
DEPO-00722,12-173-R,12-173,R,Stop,Stop COROLLA 83 212-1915,70.0,784,false
DEPO-00723,13-29-R,13-29,R,Stop,Stop COROLLA 89,70.0,785,false
DEPO-00724,12-327-R,12-327,R,Stop,Stop COROLLA 90 212-1954,70.0,799,false
DEPO-00725,33-09307-L,33-09307,L,Stop,Stop COROLLA 92 212-1967,70.0,788,false
DEPO-00726,33-09307-R,33-09307,R,Stop,Stop COROLLA 92 212-1967,70.0,789,false
DEPO-00727,12-127-L,12-127,L,Stop,Stop COROLLA KE70,,1032,false
DEPO-00728,12-127-R,12-127,R,Stop,Stop COROLLA KE70,70.0,1033,false
DEPO-00729,12-150-L,12-150,L,Stop,Stop COROLLA KE75 212-1913,70.0,1034,false
DEPO-00730,212-1967-R,212-1967,R,Stop,Stop COROLLA Mod. 92-94 Auto,70.0,1037,false
DEPO-00731,16-98-L,16-98,L,Stop,Stop COROLLA2,100.0,1022,false
DEPO-00732,16-98-R,16-98,R,Stop,Stop COROLLA2,100.0,1023,false
DEPO-00733,10-120-L,10-120,L,Stop,Stop CORONA 1 COLOR,100.0,778,false
DEPO-00734,33-1105-L,33-1105,L,Stop,Stop CORONA 99 rojo y blanco,70.0,1017,false
DEPO-00735,33-1105-R,33-1105,R,Stop,Stop CORONA 99,70.0,1018,false
DEPO-00736,53-12003-L,53-12003,L,Stop,Stop CORSA,70.0,806,false
DEPO-00737,53-12003-R,53-12003,R,Stop,Stop CORSA,70.0,807,false
DEPO-00738,220-51328-R,220-51328,R,Stop,Stop DAIHATSU 95,100.0,640,false
DEPO-00739,4188-L,4188,L,Stop,Stop DATSUN B310 1979,70.0,707,false
DEPO-00740,4188-R,4188,R,Stop,Stop DATSUN B310 1979,,708,false
DEPO-00741,7110-L,7110,L,Stop,Stop DATSUN B310 1979,70.0,705,false
DEPO-00742,7110-R,7110,R,Stop,Stop DATSUN B310 1979,70.0,706,false
DEPO-00743,1053-L,1053,L,Stop,Stop DE LEGACY,100.0,743,false
DEPO-00744,1053-R,1053,R,Stop,Stop DE LEGACY,100.0,743,false
DEPO-00745,334-1906-L,334-1906,L,Stop,Stop DODGE RAM 1500 2500 PICK UP Mod.2002~2003~2004~2005~2006,440.0,127,false
DEPO-00746,334-1906-R,334-1906,R,Stop,Stop DODGE RAM 1500 2500 PICK UP Mod.2002~2003~2004~2005~2006,440.0,128,false
DEPO-00747,231-1955-L,231-1955,L,Stop,Stop Ford RANGER Mod. 2008~2009~2010~2011,392.0,107,false
DEPO-00748,220-20697-L,220-20697,L,Stop,Stop FORESTER2000,250.0,739,false
DEPO-00749,220-20697-R,220-20697,R,Stop,Stop FORESTER2000,250.0,740,false
DEPO-00750,795-R,795,R,Stop,Stop FX,70.0,818,false
DEPO-00751,26-55-L,26-55,L,Stop,Stop GRAND VIA 212-19B3,100.0,1039,false
DEPO-00752,26-55-R,26-55,R,Stop,Stop GRAND VIA 212-19B3,100.0,1040,false
DEPO-00753,26-15-L,26-15,L,Stop,Stop HIACE CUADRADO,70.0,824,false
DEPO-00754,212-1916-R,212-1916,R,Stop,Stop HIACE Mod 84/87,25.0,54,false
DEPO-00755,33-07803-L,33-07803,L,Stop,Stop HILUX SUF 96,200.0,828,false
DEPO-00756,33-07803-R,33-07803,R,Stop,Stop HILUX SUF 96,100.0,829,false
DEPO-00757,1167-L,1167,L,Stop,Stop HONDA CRV,100.0,643,false
DEPO-00758,1167-R,1167,R,Stop,Stop HONDA CRV,100.0,644,false
DEPO-00759,MB952979-L,MB952979,L,Stop,STOP MITSUBISHI CARISMA 97-99,100.0,645,false
DEPO-00760,MB952979-R,MB952979,R,Stop,STOP MITSUBISHI CARISMA 97-99,100.0,646,false
DEPO-00761,01405-L,01405,L,Stop,Stop HONDA EG,100.0,647,false
DEPO-00762,01405-R,01405,R,Stop,Stop HONDA EG,100.0,648,false
DEPO-00763,043-1262-L,043-1262,L,Stop,Stop HONDA EK,100.0,651,false
DEPO-00764,043-1262-R,043-1262,R,Stop,Stop HONDA EK,100.0,652,false
DEPO-00765,043-1212-L,043-1212,L,Stop,Stop HONDA VARIOS,70.0,1024,false
DEPO-00766,043-1212-R,043-1212,R,Stop,Stop HONDA VARIOS,70.0,1025,false
DEPO-00767,220-20553-L,220-20553,L,Stop,Stop IMPREZA,300.0,741,false
DEPO-00768,220-20553-R,220-20553,R,Stop,Stop IMPREZA,300.0,742,false
DEPO-00769,220-22185-R,220-22185,R,Stop,Stop INTEGRA HONDA,100.0,654,false
DEPO-00770,220-22220-L,220-22220,L,Stop,Stop INTEGRA HONDA,100.0,653,false
DEPO-00771,1311-L,1311,L,Stop,Stop IO,100.0,1036,false
DEPO-00772,1311-R,1311,R,Stop,Stop IO,50.0,1035,false
DEPO-00773,44-5-R,44-5,R,Stop,Stop IPSUM,100.0,1113,false
DEPO-00774,212-1904-L,212-1904,L,Stop,Stop LAND CRUISSER DINA Mod.74~81 UNIVERSAL,32.0,51,false
DEPO-00775,212-1904-R,212-1904,R,Stop,Stop LAND CRUISSER DINA Mod.74~81 UNIVERSAL,32.0,52,false
DEPO-00776,12-426-L,12-426,L,Stop,Stop LEVIN AE 92,100.0,834,false
DEPO-00777,7337-L,7337,L,Stop,Stop LEVIN TOYOTA LEVIN 90,100.0,830,false
DEPO-00778,7337-R,7337,R,Stop,Stop LEVIN TOYOTA LEVIN 90,100.0,831,false
DEPO-00779,7370-L,7370,L,Stop,Stop LEVN 92,100.0,832,false
DEPO-00780,7370-R,7370,R,Stop,Stop LEVN 92,100.0,833,false
DEPO-00781,28-97-L,28-97,L,Stop,Stop LITE ACE 212-1983,100.0,838,false
DEPO-00782,28-97-R,28-97,R,Stop,Stop LITE ACE 212-1983,100.0,839,false
DEPO-00783,4886-L,4886,L,Stop,Stop MARCH,100.0,840,false
DEPO-00784,4886-R,4886,R,Stop,Stop MARCH,100.0,841,false
DEPO-00785,216-1992-L,216-1992,L,Stop,Stop Mazda BT-50 Mod.2012~2014 Pick Up Camioneta,326.0,71,false
DEPO-00786,216-1992-R,216-1992,R,Stop,Stop Mazda BT-50 Mod.2012~2014 Pick Up Camioneta,326.0,72,false
DEPO-00787,216-19AG-L,216-19AG,L,Stop,Stop MAZDA BT-50 Mod.2015~2016~2017~2018~2019~2020,610.0,73,false
DEPO-00788,216-19AG-R,216-19AG,R,Stop,Stop MAZDA BT-50 Mod.2015~2016~2017~2018~2019~2020,610.0,74,false
DEPO-00789,31-11301-L,31-11301,L,Stop,Stop MITSUBISHI CHARIOT GRANDIS,200.0,679,false
DEPO-00790,31-11301-R,31-11301,R,Stop,Stop MITSUBISHI CHARIOT GRANDIS,200.0,680,false
DEPO-00791,043-8557-L,043-8557,L,Stop,Stop MITSUBISHI COULT 3 1989,100.0,661,false
DEPO-00792,043-8557-R,043-8557,R,Stop,Stop MITSUBISHI COULT 3 1989,100.0,662,false
DEPO-00793,043-1593-L,043-1593,L,Stop,Stop MITSUBISHI GALANT,100.0,681,false
DEPO-00794,1121-R,1121,R,Stop,Stop MITSUBISHI JUNIOR,200.0,668,false
DEPO-00795,214-1941-L,214-1941,L,Stop,Stop Mitsubishi LANCER Mod. 92~93~94~95~96 LIBERO,164.0,1112,false
DEPO-00796,220-37508-L,220-37508,L,Stop,Stop MITSUBSHI DELICA,100.0,663,false
DEPO-00797,220-37508-R,220-37508,R,Stop,Stop MITSUBSHI DELICA,100.0,664,false
DEPO-00798,043-6772-L,043-6772,L,Stop,Stop MONTERO 214-1922,70.0,1114,false
DEPO-00799,043-6772-R,043-6772,R,Stop,Stop MONTERO 214-1922,70.0,1115,false
DEPO-00800,220-24522-L,220-24522,L,Stop,Stop NA 20 URVAN 215-1942,100.0,723,false
DEPO-00801,220-24522-R,220-24522,R,Stop,Stop NA 20 URVAN 215-1942,100.0,724,false
DEPO-00802,7309-R,7309,R,Stop,Stop NISSAN AD WAGON,70.0,1046,false
DEPO-00803,220-24555-L,220-24555,L,Stop,Stop NISSAN AD Y10,70.0,687,false
DEPO-00804,220-24555-R,220-24555,R,Stop,Stop NISSAN AD Y10,70.0,688,false
DEPO-00805,4339-R,4339,R,Stop,Stop NISSAN B11 LARGO,70.0,695,false
DEPO-00806,33-10505-L,33-10505,L,Stop,Stop NISSAN CUSTOM E 24,100.0,715,false
DEPO-00807,33-10505-R,33-10505,R,Stop,Stop NISSAN CUSTOM E 24,100.0,716,false
DEPO-00808,7327-L,7327,L,Stop,Stop NISSAN MARCH 97 a rayas,100.0,721,false
DEPO-00809,7327-R,7327,R,Stop,Stop NISSAN MARCH 97 a rayas,100.0,722,false
DEPO-00810,7379-L,7379,L,Stop,Stop NISSAN PULSAR,70.0,1028,false
DEPO-00811,7379-R,7379,R,Stop,Stop NISSAN PULSAR,70.0,1029,false
DEPO-00812,220-52458-L,220-52458,L,Stop,Stop NISSAN SERENA,70.0,729,false
DEPO-00813,220-52458-R,220-52458,R,Stop,Stop NISSAN SERENA,70.0,730,false
DEPO-00814,4363-L,4363,L,Stop,Stop NISSAN SUNNY B12,70.0,697,false
DEPO-00815,4363-R,4363,R,Stop,Stop NISSAN SUNNY B12,70.0,698,false
DEPO-00816,7344-L,7344,L,Stop,Stop NISSAN SUNNY B13 DOBLE LINEA 215-1991,70.0,699,false
DEPO-00817,7344-R,7344,R,Stop,Stop NISSAN SUNNY B13 DOBLE LINEA 215-1991,70.0,700,false
DEPO-00818,215-1942-R,215-1942,R,Stop,Stop Nissan URVAN Mod.90~ E24 Minibus E2,79.0,950,false
DEPO-00819,043-1150-L,043-1150,L,Stop,Stop PRELUDE,,655,false
DEPO-00820,043-1150-R,043-1150,R,Stop,Stop PRELUDE,100.0,656,false
DEPO-00821,7307-L,7307,L,Stop,Stop PRESSEA,70.0,727,false
DEPO-00822,7307-R,7307,R,Stop,Stop PRESSEA,70.0,728,false
DEPO-00823,10-85-R,10-85,R,Stop,Stop REFLEX,70.0,1021,false
DEPO-00824,551-19A2-R,551-19A2,R,Stop,Stop Renault SANDERO STEPWAY Mod. 2012~2013~2014~2015,600.0,943,false
DEPO-00825,043-1536-L,043-1536,L,Stop,Stop RVR 92,100.0,677,false
DEPO-00826,043-1536-R,043-1536,R,Stop,Stop RVR 92,100.0,678,false
DEPO-00827,043-1550-L,043-1550,L,Stop,Stop RVR BI COLOR,70.0,673,false
DEPO-00828,043-1550-R,043-1550,R,Stop,Stop RVR BI COLOR,70.0,674,false
DEPO-00829,33-1300-R,33-1300,R,Stop,Stop SOLEI EP82,70.0,817,false
DEPO-00830,33-1300-L,33-1300,L,Stop,Stop SOLEI EP82,70.0,816,false
DEPO-00831,12-353-R,12-353,R,Stop,Stop SPRINTER 93,70.0,1038,false
DEPO-00832,1079-L,1079,L,Stop,Stop STARLET,70.0,819,false
DEPO-00833,1079-R,1079,R,Stop,Stop STARLET,70.0,820,false
DEPO-00834,53-07601-L,53-07601,L,Stop,Stop STARLET EP82,70.0,821,false
DEPO-00835,53-07601-R,53-07601,R,Stop,Stop STARLET EP82,,822,false
DEPO-00836,220-75539-R,220-75539,R,Stop,Stop STARLET EP82 TURBO,70.0,823,false
DEPO-00837,4340-L,4340,L,Stop,Stop SUABU DOMINGO,150.0,737,false
DEPO-00838,4340-R,4340,R,Stop,Stop SUABU DOMINGO,150.0,738,false
DEPO-00839,220-20597-L,220-20597,L,Stop,Stop SUBARU 97,140.0,735,false
DEPO-00840,220-20597-R,220-20597,R,Stop,Stop SUBARU 97,140.0,736,false
DEPO-00841,2074-L,2074,L,Stop,Stop SUBARU DOMINGO,350.0,1041,false
DEPO-00842,2074-R,2074,R,Stop,Stop SUBARU DOMINGO,350.0,1042,false
DEPO-00843,220-20491-R,220-20491,R,Stop,Stop SUBARU LEGACY 92 VERIFICAR MOD,100.0,1047,false
DEPO-00844,836-L,836,L,Stop,Stop SUNNY B13 215-1967,70.0,701,false
DEPO-00845,836-R,836,R,Stop,Stop SUNNY B13 215-1967,70.0,702,false
DEPO-00846,218-1905-R,218-1905,R,Stop,Stop Suzuki SAMURAI,52.0,92,false
DEPO-00847,218-1974-R,218-1974,R,Stop,Stop Suzuqui ERTIGA Mod. 2011 2012~2013~2014,315.0,944,false
DEPO-00848,218-1949-L,218-1949,L,Stop,Stop Suzuqui GRAN VITARA Mod.2005 Cristal 2,422.0,93,false
DEPO-00849,218-1949-R,218-1949,R,Stop,Stop Suzuqui GRAN VITARA Mod.2005 Cristal 2,422.0,94,false
DEPO-00850,312-19C2-L,312-19C2,L,Stop,Stop Toyota 4RUNNER Mod. 2013~2014~2015~2016~2017. LED,1089.0,951,false
DEPO-00851,312-19C2-R,312-19C2,R,Stop,Stop Toyota 4RUNNER Mod. 2013~2014~2015~2016~2017. LED,1089.0,952,false
DEPO-00852,20-222-L,20-222,L,Stop,Stop TOYOTA CARINA 91,70.0,762,false
DEPO-00853,20-222-R,20-222,R,Stop,Stop TOYOTA CARINA 91,70.0,763,false
DEPO-00854,12-259-R,12-259,R,Stop,Stop TOYOTA COROLLA 212-1935-1,70.0,793,false
DEPO-00855,20-161-R,20-161,R,Stop,Stop TOYOTA CORONA con retro,70.0,803,false
DEPO-00856,33-09803-L,33-09803,L,Stop,Stop TOYOTA LEVIN,100.0,836,false
DEPO-00857,33-09803-R,33-09803,R,Stop,Stop TOYOTA LEVIN,100.0,837,false
DEPO-00858,33-13003-R,33-13003,R,Stop,Stop TOYOTA SINOS VERIFICAR,70.0,1045,false
DEPO-00859,212-19Y002-U-L,212-19Y002-U,L,Stop,Stop TOYOTA SUCCED 212-19Y002,200.0,846,false
DEPO-00860,212-19Y002-U-R,212-19Y002-U,R,Stop,Stop TOYOTA SUCCED 212-19Y002,200.0,847,false
DEPO-00861,33-12103-L,33-12103,L,Stop,Stop TOYOTA TERCEL,70.0,848,false
DEPO-00862,33-12103-R,33-12103,R,Stop,Stop TOYOTA TERCEL,70.0,849,false
DEPO-00863,32-128-L,32-128,L,Stop,Stop TOYOTA WINDOWN,70.0,860,false
DEPO-00864,32-128-R,32-128,R,Stop,Stop TOYOTA WINDOWN,70.0,861,false
DEPO-00865,12-319-R,12-319,R,Stop,Stop TRUENO 90,100.0,853,false
DEPO-00866,12-301-R,12-301,R,Stop,Stop TRUENO 90 AE92,100.0,851,false
DEPO-00867,220-76610-L,220-76610,L,Stop,Stop TRUENO 96,,854,false
DEPO-00868,220-76610-R,220-76610,R,Stop,Stop TRUENO 96,100.0,855,false
DEPO-00869,7324-L,7324,L,Stop,Stop VERIFICAR,1.0,1016,false
DEPO-00870,220-32224-R,220-32224,R,Stop,Stop VIATARA ESCUDO,70.0,746,false
DEPO-00871,220-32224-L,220-32224,L,Stop,Stop VITARA ESCUDO,70.0,745,false
DEPO-00872,218-1983-L,218-1983,L,Stop,Stop VITARA Mod. 2015~2016~2017,392.0,95,false
DEPO-00873,218-1983-R,218-1983,R,Stop,Stop VITARA Mod. 2015~2016~2017,392.0,96,false
DEPO-00874,52-049-R,52-049,R,Stop,Stop VITZ,70.0,865,false
DEPO-00875,441-19C5-L,441-19C5,L,Stop,Stop Volkswagen SAVEIRO Mod. 2010~2011~2013~2014~2015,257.0,131,false
DEPO-00876,441-19C5-R,441-19C5,R,Stop,Stop Volkswagen SAVEIRO Mod. 2010~2011~2013~2014~2015,257.0,132,false
DEPO-00877,043-1563-L,043-1563,L,Stop-LANCER,Stop-LANCER 92 214-1942,100.0,670,false
DEPO-00878,DF12001,DF12001,,Tacometro,Tacometro,350.0,1198,false
DEPO-00879,TT-FORESTER-F,TT-FORESTER-F,,Tapa,Tapa de TABLERO FORESTER 97-2000 FIBRA,70.0,928,false
DEPO-00880,SB11013A-L,SB11013A,L,Tapabarro,Tapabarro FORESTER Mod. 98~99~2000~2001~2002,1000.0,1000,false
DEPO-00881,SB11013A-R,SB11013A,R,Tapabarro,Tapabarro FORESTER Mod. 98~99~2000~2001~2002,1000.0,1001,false
DEPO-00882,3494-L,3494,L,Toyota,TOYOTA EP82,70.0,289,false
DEPO-00883,3485-R,3485,R,Toyota,TOYOTA,70.0,290,true
DEPO-00884,TD-04,TD-04,,Turbo,TURBO TD04,300.0,935,false
DEPO-00885,4280-L,4280,L,Varios,VARIOS VERIFICAR,1.0,247,false
DEPO-00886,197001,197001,,Velocimetro,Velocimetro SUBARU forester,100.0,936,false
DEPO-00887,22002,22002,,Velocimetro,Velocimetro SUBARU impreza,100.0,938,false
DEPO-00888,257500-3532,257500-3532,,Velocimetro,Velocimetro SUBARU lite ace,100.0,937,false
DEPO-00889,20-93-R,20-93,R,Bisel,Bisel CORONA CON Media luz 212-1535,20.0,889,false
DEPO-00890,53130-95J08-R,53130-95J08,R,Bisel,Bisel CUSTOM 90 CROMADO,50.0,883,false
DEPO-00891,53130-95J07-L,53130-95J07,L,Bisel,Bisel CUSTOM 90 PLOMO,50.0,882,false
DEPO-00892,74071-60R00-L,74071-60R00,L,Bisel,Bisel NISSAN AD,50.0,878,false
DEPO-00893,74071-60R00-R,74071-60R00,R,Bisel,Bisel NISSAN AD,50.0,879,false
DEPO-00894,62411-L,62411,L,Bisel,Bisel NISSAN URVAN,75.0,884,false
DEPO-00895,3686-N-L,3686-N,L,Espejo,Espejo MITSUBISHI Montero Negro ELECTRICO,,,false
DEPO-00896,3686-N-R,3686-N,R,Espejo,Espejo MITSUBISHI Montero Negro ELECTRICO,,,false
DEPO-00897,VZV-32-L,VZV-32,L,Espejo,Espejo Toyota Camry 92,,,false
DEPO-00898,G-35-L,G-35,L,Espejo,Espejo Toyota Varios,,,false
DEPO-00899,G-35-R,G-35,R,Espejo,Espejo Toyota Varios,,,false
DEPO-00900,1517-L,1517,L,Espejo,Espejo Honda varios,,,false
DEPO-00901,5483-2-R,5483-2,R,Espejo,Espejo Toyota Ipsum,,,false
DEPO-00902,1569-L,1569,L,Espejo,Espejo Toyota Mark 2,,,false
DEPO-00903,561327-R,561327,R,Espejo,Espejo Toyota Levin 92,,,false
DEPO-00904,2200-L,2200,L,Espejo,Espejo Honda Prelude 87-92,,,false
DEPO-00905,2200-R,2200,R,Espejo,Espejo Honda Prelude 87-92,,,false
DEPO-00906,4675-2-L,4675-2,L,Espejo,Espejo Nissan b14 Largo Eléctrico 3 pines,,,false
DEPO-00907,4675-2-R,4675-2,R,Espejo,Espejo Nissan b14 Largo Eléctrico 3 pines,,,false
DEPO-00908,8247-R,8247,R,Espejo,Espejo Nissan Pulsar eléctrico 3 pines,,,false
DEPO-00909,5069-L,5069,L,Espejo,Espejo Subaru Impreza,,,false
DEPO-00910,5069-R,5069,R,Espejo,Espejo Subaru Impreza,,,false
DEPO-00911,EH-MITSUBISHI,EH-MITSUBISHI,,Estuche,Estuché de herramientas Mitsubishi Negro,,,false
DEPO-00912,EH-DAIHATSU,EH-DAIHATSU,,Estuche,Estuché de herramientas DAIHATSU azul,,,false
DEPO-00913,B38-C-L,B38-C,L,Espejo,Espejo Nissan e25 brazo cromado,,,false
DEPO-00914,BU-SURF-F-L,BU-SURF-F,L,Buchera,Buchera de fibra Hilux Surf,,,false
DEPO-00915,220-75539-L,220-75539,L,Stop,Stop STARLET EP82 TURBO,,,false
DEPO-00916,7362-L,7362,L,Stop,STOP TOYOTA CALDINA A MUELLE ROJO BLANCO,,,false
DEPO-00917,7362-R,7362,R,Stop,STOP TOYOTA CALDINA A MUELLE ROJO BLANCO,,,false
DEPO-00918,20-120-R,20-120,R,Stop,STOP TOYOTA CORONA 1983 (rojo / Naranja),,,false
DEPO-00919,7157-R,7157,R,Stop,Stop CARIB 80,,,false
DEPO-00920,TD-30-L,TD-30,L,Embellecedor,EMBELLECEDOR DE MALETERO MITSUBISHI LANCER EVO 6,,,false
DEPO-00921,TD-30-R,TD-30,R,Embellecedor,EMBELLECEDOR DE MALETERO MITSUBISHI LANCER EVO 6,,,false
DEPO-00922,1159-R,1159,R,Farol,Farol Toyota Varios,,,false
DEPO-00923,212-1166-L,212-1166,L,Farol,Farol Toyota. rav 4 97,,,false
DEPO-00924,212-1166-R,212-1166,R,Farol,Farol Toyota. rav 4 97,,,false
DEPO-00925,47-59-L,47-59,L,Stop,Stop BLUBIRT 96,,,false
DEPO-00926,13-38-L,13-38,L,Farol,FAROL TOYOTASPACIO,,,false
DEPO-00927,13-38-R,13-38,R,Farol,Farol Toyota Spacio,,,false
DEPO-00928,215-1129-L,215-1129,L,,215-1129-L,,,true
DEPO-00929,215-1129-R,215-1129,R,,215-1129-R,,,true
DEPO-00930,212-1112-TYC-L,212-1112-TYC,L,Farol,Farol Toyota COROLLA 90 CRISTALIZADO,,,false
DEPO-00931,212-1112-TYC-R,212-1112-TYC,R,Farol,Farol Toyota COROLLA 90 CRISTALIZADO,,,false
DEPO-00932,212-1112-L,212-1112,L,,212-1112-L,,,true
DEPO-00933,212-1112-R,212-1112,R,,212-1112-R,,,true
DEPO-00934,1602-L,1602,L,Farol,FAROL NISSAN SUNNY 2005,,,false
DEPO-00935,1602-R,1602,R,Farol,FAROL NISSAN SUNNY 2005,,,false
DEPO-00936,001-6840-L,001-6840,L,Farol,FAROL MAZDA BONGO SGL5 95,,,false
DEPO-00937,001-6840-R,001-6840,R,Farol,FAROL MAZDA BONGO SGL5 95,,,false
DEPO-00938,214-1203-R,214-1203,R,Bicel,BICEL MITSUBISHI MONTERO 90,,,false
DEPO-00939,214-1128-L,214-1128,L,,214-1128-L,,,true
DEPO-00940,214-1128-R,214-1128,R,,214-1128-R,,,true
DEPO-00941,4413-L,4413,L,Farol,FAROL TOYOTA GAIA,,,false
DEPO-00942,4413-R,4413,R,Farol,FAROL TOYOTA GAIA,,,false
DEPO-00943,2650-L,2650,L,Farol,FAROL TOYOTA GRANVIA,,,false
DEPO-00944,2650-R,2650,R,Farol,FAROL TOYOTA GRANVIA,,,false
DEPO-00945,P0286-L,P0286,L,,P0286-L,,,true
DEPO-00946,P0286-R,P0286,R,,P0286-R,,,true
DEPO-00947,212-1105-L,212-1105,L,,212-1105-L,,,true
DEPO-00948,212-1105-R,212-1105,R,,212-1105-R,,,true
DEPO-00949,CP-DOMINGO,CP-DOMINGO,,Cola,COLA DE PATO SUBARU DOMINGO,,,false
DEPO-00950,CP-MIT-GRANDIS,CP-MIT-GRANDIS,,Cola,COLA DE PATO MITSUBISHI GRANDIS,,,false
DEPO-00951,VI-S-DOM-89-F-L,VI-S-DOM-89-F,L,Bisel,BISEL SUBARU DOMINGO RASPADILLO ( FIBRA ),,,false
DEPO-00952,VI-S-DOM-89-F-R,VI-S-DOM-89-F,R,Bisel,BISEL SUBARU DOMINGO RASPADILLO (FIBRA ),,,false
DEPO-00953,VI-S-DOM-89-F-L,VI-S-DOM-89-F,L,Bisel,BISEL SUBARU DOMINGO RASPADILLO JAPONÉS,,,false
DEPO-00954,VI-S-DOM-89-F-R,VI-S-DOM-89-F,R,Bisel,BISEL SUBARU DOMINGO RASPADILLO JAPONÉS,,,false
DEPO-00955,J-TOY-CALGT-F,J-TOY-CALGT-F,,Jalador,JALADOR DE PUERTA TRASERA TOYOTA CALDINA GT,,,false
DEPO-00956,212-1592-B-K-L,212-1592-B-K,L,Guiñador,GUIÑADOR TOYOTA COROLLA SAPITO NEGRO,,,false
DEPO-00957,212-1592-B-K-R,212-1592-B-K,R,Guiñador,GUIÑADOR TOYOTA COROLLA SAPITO NEGRO,,,false
DEPO-00958,212-1126-L,212-1126,L,,212-1126-L,,,true
DEPO-00959,20-316-L,20-316,L,,20-316-L,,,true
DEPO-00960,1266-L,1266,L,,1266-L,,,true
DEPO-00961,216-1139-R,216-1139,R,,216-1139-R,,,true
DEPO-00962,20-143-L,20-143,L,,20-143-L,,,true
DEPO-00963,12-417-L,12-417,L,,12-417-L,,,true
DEPO-00964,08423-42040,08423-42040,,Masacara,MASACARA TOYOTA RAV 4 TRD,,,false
DEPO-00965,71741-80G00,71741-80G00,,Máscara,MASCARA SUZUKI SWIFT IGNIS,,,false
DEPO-00966,62310-N00,62310-N00,,Máscara,MASCARA NISSAAN CUSTOM CROMADO,,,false
DEPO-00967,PALOGENOS-MIT-JUN,PALOGENOS-MIT-JUN,,Porta,PORTA ALÓGENOS MITSUBISHI JUNIOR SOBRE EL PARACHOQUE,,,false
DEPO-00968,F-TSU-SUB-FOR,F-TSU-SUB-FOR,,Toma,TOMA DE AIRE TSUNAMI SUBARU FORESTER,,,false
DEPO-00969,F-TSU-SUB-IMP,F-TSU-SUB-IMP,,Toma,TOMA DE AIRE TSUNAMI SUBARU IMPREZA,,,false
DEPO-00970,C-TSU-SUB-UNI,C-TSU-SUB-UNI,,Toma,TOMA DE AIRE TSUNAMI UNIVERSAL CARBONO,,,false
DEPO-00971,TD-06,TD-06,,Turbo,TURBO NUEVO SUBARU EJ20 TURBO,,,false
DEPO-00972,212-1156-L,212-1156,L,Farol,FAROL TOYOTA CALDINA 97 ( oreja agachada ),,,false
DEPO-00973,212-1156-R,212-1156,R,Farol,FAROL TOYOTA CALDINA 97 ( oreja agachada ),,,false
DEPO-00974,20-260-R,20-260,R,,20-260-R,,,true
DEPO-00975,CP-SUB-FOR-OEM,CP-SUB-FOR-OEM,,Cola,Cola DE PATO SUBARU FORESTER 2000 JAPONÉS,,,false
DEPO-00976,13-29-L,13-29,L,Stop,Stop COROLLA 89,,,false
DEPO-00977,OEW2037,OEW2037,,Stop,STOP DE MALETERA MITSUBISHI MONTERO (terecera luz ),,,false
DEPO-00978,221-1975-L,221-1975,L,Stop,STOP HYUNDAI I10 2011-2012,,,false
DEPO-00979,221-1975-R,221-1975,R,Stop,STOP HYUNDAI I10 2011-2012,,,false
DEPO-00980,221-1979-L,221-1979,L,Stop,STOP HYUNDAI I10 2014-2016,,,false
DEPO-00981,315-1934-PTU-VC,315-1934-PTU-VC,,Set,SET,,,false
DEPO-00982,218-1937-L,218-1937,L,Stop,STOP SUZUKI VITARA XL7 CRISTALIZADO,,,false
DEPO-00983,218-1937-R,218-1937,R,Stop,STOP SUZUKI VITARA XL7 CRISTALIZADO,,,false
DEPO-00984,212-19F1-PTA,212-19F1-PTA,,Set,SET,,,false
DEPO-00985,216-19AG-L,216-19AG,L,Stop,STOP MAZDA BT50 2015,,,false
DEPO-00986,216-19AG-R,216-19AG,R,Stop,STOP MAZDA BT50 2015,,,false
DEPO-00987,214-1140-L,214-1140,L,Farol,FAROL MITSUBISHI LANCER 95,,,false
DEPO-00988,214-1140-R,214-1140,R,Farol,FAROL MITSUBISHI LANCER 95,,,false
DEPO-00989,218-1164-R,218-1164,R,,218-1164-R,,,true
DEPO-00990,214-1556-L,214-1556,L,Media,Media luz MITSUBISHI pajero 96,,,false
DEPO-00991,214-1556-R,214-1556,R,Media,Media luz MITSUBISHI pajero 96,,,false
DEPO-00992,212-11T2-R,212-11T2,R,Farol,FAROL TOYOTA HILUX VIGO 2011,,,false
DEPO-00993,215-1427-R,215-1427,R,Media,Media luz Nissan patrol 95,,,false
DEPO-00994,217-1531-L,217-1531,L,Miedia,MIEDIA LUZ HONDA CIVIC 88,,,false
DEPO-00995,217-1531-R,217-1531,R,Miedia,MIEDIA LUZ HONDA CIVIC 88,,,false
DEPO-00996,218-1151-L,218-1151,L,Farol,FAROL SUZUKI SWIFT 2011-2016,,,false
DEPO-00997,218-1151-R,218-1151,R,Farol,FAROL SUZUKI SWIFT 2011-2016,,,false
DEPO-00998,212-2901N,212-2901N,,Reflector,REFLECTOR FJ40,,,false
DEPO-00999,314-1132-PXAS2-L,314-1132-PXAS2,L,Farol,FAROL MITSUBISHI ECLIPSE SPYDER OJO DE ÁNGEL,,,false
DEPO-01000,314-1132-PXAS2-R,314-1132-PXAS2,R,Farol,FAROL MITSUBISHI ECLIPSE SPYDER OJO DE ÁNGEL,,,false
DEPO-01001,860074,860074,,,860074,,,true
DEPO-01002,870107-O,870107-O,,,870107-O,,,true
DEPO-01003,87005-G,87005-G,,,87005-G,,,true
DEPO-01004,87006-G,87006-G,,,87006-G,,,true
DEPO-01005,87009-G,87009-G,,,87009-G,,,true
DEPO-01006,870121-G,870121-G,,,870121-G,,,true
DEPO-01007,SZC-527,SZC-527,,Prensa,PRENSA EXEDY SUZUKI APV,,,false
DEPO-01008,MBD-005U,MBD-005U,,Disco,DISCO DE EMBREAGUE EXEDY SUZUKI APV,,,false
DEPO-01009,T-NISS-STOP-F-L,T-NISS-STOP-F,L,Tapa,TAPA DE STOP NISSAN CUSTOM FIBRA,,,false
DEPO-01010,T-NISS-STOP-F-R,T-NISS-STOP-F,R,Tapa,TAPA DE STOP NISSAN CUSTOM FIBRA,,,false
DEPO-01011,400300,400300,,,400300,,,true
DEPO-01012,CH-216071,CH-216071,,,CH-216071,,,true
DEPO-01013,MB574333,MB574333,,Parachoque,PARACHOQUE TRASERO MITSUBISHI EVO 9,,,false
DEPO-01014,71811-65D30,71811-65D30,,Parachoque,PARACHOQUE TRASERO SUZUKI GRAN VITARA,,,false
DEPO-01015,YY213M-L,YY213M,L,Espejo,ESPEJO B13,,,false
DEPO-01016,YY213M-R,YY213M,R,Elsejo,ELSEJO B13,,,false
DEPO-01017,TY8002B-L,TY8002B,L,Retrovisor,RETROVISOR TOYOTA HILUX MILENIUM CROMADO,,,false
DEPO-01018,222110-L,222110,L,,222110-L,,,true
DEPO-01019,TY8022-L,TY8022,L,Espejo,ESPEJO TOYOTA HILUX VIGO ELÉCTRICO,,,false
DEPO-01020,YT7286-L,YT7286,L,Espejo,ESPEJO SUZUKI ALTO 2011,,,false
DEPO-01021,YT7286-R,YT7286,R,Espejo,ESPEJO SUZUKI ALTO 2011,,,false
DEPO-01022,219-1405-L,219-1405,L,,219-1405-L,,,true
DEPO-01023,219-1405-R,219-1405,R,,219-1405-R,,,true
DEPO-01024,Am0709-L,Am0709,L,Jeep,Jeep Cherokee vicel,,,false
DEPO-01025,215-1977,215-1977,,,215-1977,,,true
DEPO-01026,220-6693-L,220-6693,L,Stop,STOP NISSAN SKYLINE,,,false
DEPO-01027,220-6693-R,220-6693,R,Stop,STOP NISSAN SKYLINE,,,false
DEPO-01028,215-19AA-L,215-19AA,L,,215-19AA-L,,,true
DEPO-01029,SZ04092BA,SZ04092BA,,,SZ04092BA,,,true
DEPO-01030,SZ07067GA,SZ07067GA,,,SZ07067GA,,,true
DEPO-01031,SZ99020AL,SZ99020AL,,,SZ99020AL,,,true
DEPO-01032,SZ99020AR,SZ99020AR,,,SZ99020AR,,,true
DEPO-01033,EM-FORESTER-C,EM-FORESTER-C,,Embellecedor,Embellecedor FORESTER CARBONO,350.0,,false
DEPO-01034,FS8305,FS8305,,Candado,CANDADO DE MOTO / SCOOTER ELÉCTRICO,,,false
DEPO-01035,SZ11036A-L,SZ11036A,L,Guardabarro,GUARDABARRO SUZUKI VITARA,,,false
DEPO-01036,SZ11036A-R,SZ11036A,R,Guardabarro,GUARDABARRO SUZUKI VITARA,,,false
DEPO-01037,217-1516-L,217-1516,L,Guiñador,Guiñador honda eg negro,,,false
DEPO-01038,217-1516-R,217-1516,R,Guiñador,Guiñador honda eg negro,,,false
DEPO-01039,212-1592-R,212-1592,R,Media,Media luz COROLLA Mod. 95 ~ 96 AE110. SAPITO,,,false
DEPO-01040,212-1670-L,212-1670,L,,212-1670-L,,,true
DEPO-01041,312-1141-L,312-1141,L,Farol,FAROL TOYOTA RAV 4 99,,,false
DEPO-01042,312-1141-R,312-1141,R,Farol,FAROL TOYOTA RAV 4 99,,,false
DEPO-01043,215-1111-R,215-1111,R,Farol,FAROL NISSAN SUNNY B12,,,false
DEPO-01044,218-1105-L,218-1105,L,,218-1105-L,,,true
DEPO-01045,218-1105-R,218-1105,R,,218-1105-R,,,true
DEPO-01046,312-1186-L,312-1186,L,,312-1186-L,,,true
DEPO-01047,870043,870043,,Amortiguador,AMORTIGUADOR PROBOX,,,false
DEPO-01048,870090,870090,,Amortiguador,AMORTIGUADOR APV,,,false
DEPO-01049,870052-O,870052-O,,,870052-O,,,true
DEPO-01050,DS-2007,DS-2007,,Amortiguadordelantero,AMORTIGUADORDELANTERO HILUX STAU,,,false
DEPO-01051,M-TOY-rav-f,M-TOY-rav-f,,Máscara,MASCARA TOYOTA RAV 4 FIBRA DE VIDRIO,,,false
DEPO-01052,870104-G,870104-G,,Amortiguador,AMORTIGUADOR CHARIOT,,,false
DEPO-01053,860009,860009,,Muñón,MUÑÓN ESTABILIZADOR LARGO UNIVERSAL,,,false
DEPO-01054,860044,860044,,Muñón,MUÑÓN SUSPENCION SUPERIRO HIACE LOBO,,,false
DEPO-01055,30502-AA051,30502-AA051,,Rodamiento,RODAMIENTO SUBARU EJ 20 SIN TURBO,,,false
DEPO-01056,860051,860051,,Muñón,MUÑÓN SUSPENCION TOYOTA TERCEL,,,false
DEPO-01057,860061,860061,,Muñón,MUÑÓN SUSPENCION VANNETE BONGO INFERIOR MAZDA,,,false
DEPO-01058,850022,850022,,Junta,JUNTA 24X23 TOY PROBOX,,,false
DEPO-01059,214-1146-L,214-1146,L,Farol,FAROL MITSUBISHI MONTERO CRISTALIZADO,,,false
DEPO-01060,214-1146-R,214-1146,R,Farol,FAROL MITSUBISHI MONTERO CRISTALIZADO,,,false
DEPO-01061,123629,123629,,Rótula,RÓTULA HIACE LOBO 14X17,,,false
DEPO-01062,214-11A7-R,214-11A7,R,Farol,FAROL MITSUBISHI MIRAGE,,,false
DEPO-01063,320-1506-R,320-1506,R,Guiñador,Guiñador subaru forester,,,false
DEPO-01064,214-1112-L,214-1112,L,Farol,FAROL MITSUBISHI COLT 87,,,false
DEPO-01065,218-1172-L,218-1172,L,,218-1172-L,,,true
DEPO-01066,218-1172-R,218-1172,R,,218-1172-R,,,true
DEPO-01067,043-1540-L,043-1540,L,Stop,STOP MITSUBISHI MONTERO BORDE NEGRO,,,false
DEPO-01068,043-1540-R,043-1540,R,Stop,STOP MITSUBISHI MONTERO BORDE NEGRO,,,false
DEPO-01069,210-87071-R,210-87071,R,,210-87071-R,,,true
DEPO-01070,215-1968-PXA-L,215-1968-PXA,L,Stop,STOP CRISTALIZADO NISSAN PATROL,,,false
DEPO-01071,215-1968-PXA-R,215-1968-PXA,R,Stop,STOP CRISTALIZADO NISSAN PATROL,,,false
DEPO-01072,212-1915-L,212-1915,L,,212-1915-L,,,true
DEPO-01073,215-1993-R,215-1993,R,,215-1993-R,,,true
DEPO-01074,215-1993-L,215-1993,L,,215-1993-L,,,true
DEPO-01075,317-1513-L,317-1513,L,,317-1513-L,,,true
DEPO-01076,317-1513-R,317-1513,R,,317-1513-R,,,true
DEPO-01077,330-1504-R,330-1504,R,,330-1504-R,,,true
DEPO-01078,TY11106,TY11106,,Tapabarro,TAPABARRO HILUX SURF,,,false
DEPO-01079,441-1177,441-1177,,Farol,FAROL VOLKSWAGEN OJO DE ÁNGEL,,,false
DEPO-01080,215-1504-L,215-1504,L,Guiñador,Guiñador pick up,,,false
DEPO-01081,215-1504-R,215-1504,R,Guiñador,Guiñador PICK UP,,,false
DEPO-01082,220-61871-L,220-61871,L,Stop,Stop BONGO,,,false
DEPO-01083,1188-L,1188,L,Farol,Farol NISSAN SUNNY b12,,,false
DEPO-01084,212-11AK-L,212-11AK,L,Farol,FAROL TOYOTA HILUX REVO,,,false
DEPO-01085,212-11AK-R,212-11AK,R,Farol,FAROL TOYOTA HILUX REVO,,,false
DEPO-01086,215-1543-L,215-1543,L,Guiñador,Guiñador Nissan patrol 87,,,false
DEPO-01087,215-1543-R,215-1543,R,Guiñador,Guiñador Nissan patrol 87,,,false
DEPO-01088,333-1608-L,333-1608,L,Guiñador,GUIÑADOR CHEVROLET COLORADO,,,false
DEPO-01089,333-1608-R,333-1608,R,Guiñador,GUIÑADOR CHEVROLET COLORADO,,,false
DEPO-01090,212-19F9-L,212-19F9,L,Stop,STOP HIACE LOBO TUNNIG,,,false
DEPO-01091,212-19F9-R,212-19F9,R,Stop,STOP HIACE LOBO TUNNIG,,,false
DEPO-01092,312-1549-L,312-1549,L,Guiñador,GUIÑADOR CELICA TOYOTA,,,false
DEPO-01093,312-1549-R,312-1549,R,Guiñador,GUIÑADOR CELICA TOYOTA,,,false
DEPO-01094,333-1636-L,333-1636,L,Guiñador,Guiñador jeep renegade,,,false
DEPO-01095,5283-L,5283,L,Retrovisor,RETROVISOR DE CAPO TOYOTA HILUX SURF,,,false
DEPO-01096,314-1146-L,314-1146,L,,314-1146-L,,,true
DEPO-01097,212-1989-L,212-1989,L,Stop,Stop corolla 90,,,false
DEPO-01098,212-1989-R,212-1989,R,Stop,Stop corolla 90,,,false
DEPO-01099,44-3-R,44-3,R,Farol,Farol Toyota ipsum,,,false
DEPO-01100,21-16-R,21-16,R,Farol,FAROL TOYORA. ALDINA ORIGINAL,,,false
DEPO-01101,551-19AJ-R,551-19AJ,R,Stop,STOP RENAULT KIWID,,,false
DEPO-01102,215-1562-L,215-1562,L,Media,MEDIA LUZ NISSAN SUNNY 90,,,false
DEPO-01103,214-1112-L,214-1112,L,Farol,Farol lancer 89,,,false
DEPO-01104,215-1614-L,215-1614,L,Guiñador,Guiñador Nissan parachoques mini datsun,,,false
DEPO-01105,215-1614-R,215-1614,R,Guiñador,Guiñador Nissan parachoques mini datsun,,,false
DEPO-01106,215-1562-R,215-1562,R,Media,MEDIA LUZ NISSAN SUNNY 90,,,false
DEPO-01107,214-1531-R,214-1531,R,Media,Media luz montero 92,,,false
DEPO-01108,331-1524-L,331-1524,L,Guiñador,Guiñador Ford Explorer 99,,,false
DEPO-01109,331-1524-R,331-1524,R,Guiñador,Guiñador Ford Explorer 99,,,false
DEPO-01110,212-15D8-L,212-15D8,L,Media,MEDIA LUZ COROLLA 92 CRISTALIZADO,,,false
DEPO-01111,212-15D8-R,212-15D8,R,Media,MEDIA LUZ COROLLA 92 CRISTALIZADO,,,false
DEPO-01112,212-1580-L,212-1580,L,Media,MEDIA LUZ TOYOTA CALDINA,,,false
DEPO-01113,212-1580-R,212-1580,R,Media,MEDIA LUZ TOYOTA CALDINA,,,false
DEPO-01114,218-1610-L,218-1610,L,Suzuki,SUZUKI NEW VITARA ALÓGENO,,,false
DEPO-01115,218-1610-R,218-1610,R,Suzuki,SUZUKI NEW VITARA ALÓGENO,,,false
DEPO-01116,222111-L,222111,L,Espejo,Espejo COROLLA 92 NEGRO R/L Retrovisor MAMUT Unidad CARIB SPRINTER,,,false
DEPO-01117,222110-R,222110,R,,222110-R,,,true
DEPO-01118,44-26-L,44-26,L,Guiñador,Guiñador Toyota ipsum,,,false
DEPO-01119,44-26-R,44-26,R,Guiñador,Guiñador Toyota ipsum,,,false
