_line,_reason,ID,CODIGO,DETALLE,RECUENTO,CU,TOTAL
39,"TELEFERICO=3 is not a plausible quantity (RECUENTO=2, C/U=68) - recount",34,870100-G,Amortiguador IPSUM MODERNO DELANTERO,2,68,136
80,"M3MARIAS=17 is not a plausible quantity (RECUENTO=6, C/U=36) - recount",9,860029,Brazo de cremallera TOYOTA LARGO YOITOKI Mecanico 14X14,6,36,216
82,"M3MARIAS=6 is not a plausible quantity (RECUENTO=1, C/U=35) - recount",164,BU-SURF-F-R,Buchera HILUX SURF 96 FIBRA,1,35,35
100,"M3MARIAS=2 is not a plausible quantity (RECUENTO=1, C/U=150) - recount",1082,CP-FORESTER00-F,Cola DE PATO SUBARU FORESTER 2000 Fibra vidrio,1,150,150
104,"M3MARIAS=20 is not a plausible quantity (RECUENTO=1, C/U=20) - recount",47,212-1592-L,Media luz COROLLA Mod. 95 ~ 96 AE110. SAPITO,1,20,20
128,"TELEFERICO=3 is not a plausible quantity (RECUENTO=1, C/U=75) - recount",1122,222111-R,Espejo COROLLA 92 NEGRO R/L Retrovisor MAMUT Unidad CARIB SPRINTER,1,75,75
138,"M3MARIAS=2 is not a plausible quantity (RECUENTO=1, C/U=70) - recount",193,011003-R,Espejo HONDA EG ELEVTRICO 7 PINES,1,70,70
155,stray text in unnamed column: Espejo MITSUBISHI GALANT 96-98,220,5419-R,Espejo MITSUBISHI LANCER 99,1,70,70
160,stray text in unnamed column: Eléctrico,227,3254-L,Espejo NISSAN AVENIR,1,70,70
161,stray text in unnamed column: Eléctrico,228,3254-R,Espejo NISSAN AVENIR,1,70,70
162,stray text in unnamed column: Espejo Nissan b14 corto Eléctrico 5 pines,229,4675-E-L,Espejo NISSAN B14 ELECTRICO,4,70,280
163,stray text in unnamed column: Espejo Nissan b14 corto Eléctrico 5 pines,230,4675-E-R,Espejo NISSAN B14 ELECTRICO,3,70,210
171,stray text in unnamed column: Espejo SUNNY b 12 Manual,250,0815-L,Espejo NISSAN MARCH 87 / SKYLINE R32 /MICRA K10,1,70,70
195,stray text in unnamed column: Cresta Lx80,269,8112-L,Espejo TOYOTA CAMRY 1992,5,70,350
196,stray text in unnamed column: Cresta Lx80,270,8112-R,Espejo TOYOTA CAMRY 1992,3,70,210
199,stray text in unnamed column: E-FX-R,291,E-FX,Espejo TOYOTA COROLLA FX,1,70,70
260,"M3MARIAS=1048 is not a plausible quantity (RECUENTO=1, C/U=1048) - recount",953,214-1199-L,Farol ASX Mod. 2011~2012~2013~2014,1,1048,1048
261,"M3MARIAS=1048 is not a plausible quantity (RECUENTO=1, C/U=1048) - recount",954,214-1199-R,Farol ASX Mod. 2011~2012~2013~2014,1,1048,1048
264,"M3MARIAS=3 is not a plausible quantity (RECUENTO=1, C/U=25) - recount",963,16-45-L,Farol COROLLA 90 CON Guiñador,1,25,25
277,"TELEFERICO=2 is not a plausible quantity (RECUENTO=1, C/U=1200) - recount",115,317-1180-L,Farol HONDA CIVIC Mod. 2016~2017~2018 HATCHBACK COUPE SEDAN,1,1200,1200
315,"M3MARIAS=6 is not a plausible quantity (RECUENTO=5, C/U=100) - recount",383,10-66-R,Farol STARLET EP82,5,100,500
327,"TELEFERICO=4 is not a plausible quantity (RECUENTO=2, C/U=96) - recount",41,100-1124-L/R,Farol suelto UNIVERSAL p/foco cambiable REDONDO CRISTAL 2000,2,96,192
348,"M3MARIAS=365 is not a plausible quantity (RECUENTO=1, C/U=365) - recount",955,441-1130-L,Farol Volkswagen GOLF IV Mod.1998~1999~2000~2001~2002,1,365,365
349,"M3MARIAS=365 is not a plausible quantity (RECUENTO=1, C/U=365) - recount",956,441-1130-R,Farol Volkswagen GOLF IV Mod.1998~1999~2000~2001~2002,1,365,365
375,"M3MARIAS=21 is not a plausible quantity (RECUENTO=1, C/U=21) - recount",89,218-1602-L,Guinador de Parachoque Suzuki Samurai,1,21,21
376,"M3MARIAS=21 is not a plausible quantity (RECUENTO=1, C/U=21) - recount",90,218-1602-R,Guinador de Parachoque Suzuki Samurai,1,21,21
384,"TELEFERICO=1 is not a plausible quantity (RECUENTO=, C/U=35) - recount",488,20-262-R,Guiñador CARINA PUNTA REDONDA,,35,0
385,"M3MARIAS=2 is not a plausible quantity (RECUENTO=, C/U=) - recount",489,20-197-L,Guiñador CARINA PUNTA REDONDA 212-1543,,,0
427,"M3MARIAS=10 is not a plausible quantity (RECUENTO=2, C/U=20) - recount",498,10-67-R,Guiñador EP 82 212-15A0,2,20,40
445,"TELEFERICO=1 is not a plausible quantity (RECUENTO=, C/U=100) - recount",410,210-87233-R,Guiñador MONTERO,,100,0
475,"M3MARIAS=5 is not a plausible quantity (RECUENTO=4, C/U=35) - recount",485,20-271-L,Guinador CORON EN PUNTA,4,35,140
512,"TELEFERICO=1 is not a plausible quantity (RECUENTO=, C/U=) - recount",1056,TY07081GA,Mascara HIACE Mod 85/89 minibus TY07081GA TONG YANG,,,0
536,"M3MARIAS=32 is not a plausible quantity (RECUENTO=, C/U=) - recount",1074,212-1611-L,Media luz c/Guiñador COROLLA Mod. 84~85~86,,,0
536,"TELEFERICO=1 is not a plausible quantity (RECUENTO=, C/U=) - recount",1074,212-1611-L,Media luz c/Guiñador COROLLA Mod. 84~85~86,,,0
537,"M3MARIAS=32 is not a plausible quantity (RECUENTO=, C/U=) - recount",1075,212-1611-R,Media luz c/Guiñador COROLLA Mod. 84~85~86,,,0
537,"TELEFERICO=1 is not a plausible quantity (RECUENTO=, C/U=) - recount",1075,212-1611-R,Media luz c/Guiñador COROLLA Mod. 84~85~86,,,0
538,"M3MARIAS=200 is not a plausible quantity (RECUENTO=8, C/U=25) - recount",45,212-1561-K-L,Media luz COROLLA Mod.92~93~94~95,8,25,200
539,"M3MARIAS=375 is not a plausible quantity (RECUENTO=15, C/U=25) - recount",46,212-1561-K-R,Media luz COROLLA Mod.92~93~94~95,15,25,375
540,"M3MARIAS=20 is not a plausible quantity (RECUENTO=1, C/U=20) - recount",49,212-15D8-K-L,Media luz COROLLA Mod.92~99,1,20,20
541,"M3MARIAS=20 is not a plausible quantity (RECUENTO=1, C/U=20) - recount",50,212-15D8-K-R,Media luz COROLLA Mod.92~99,1,20,20
573,"M3MARIAS=2 is not a plausible quantity (RECUENTO=, C/U=) - recount",1076,212-1616-R,Media luz Toyota HIACE Mod.84~89,,,0
604,"TELEFERICO=26 is not a plausible quantity (RECUENTO=15, C/U=30) - recount",14,860039,Muñon SUSPENSIÓN CALDINA 97,15,30,450
613,"TELEFERICO=12 is not a plausible quantity (RECUENTO=10, C/U=36) - recount",18,860046,Muñon SUSPENSIÓN RAV 4,10,36,360
638,summary/total row - not an item,597,,,,700,0
673,"TELEFERICO=2 is not a plausible quantity (RECUENTO=1, C/U=1) - recount",949,333-1425-R,Guiñador JEEP RENEGADE Mod. 2015~2016~2017~2018~2019~2020~ F/SML,1,1,1
678,"M3MARIAS=2 is not a plausible quantity (RECUENTO=1, C/U=100) - recount",710,47-59-R,Stop BLUBIRT 96,1,100,100
730,"M3MARIAS=1 is not a plausible quantity (RECUENTO=, C/U=) - recount",1032,12-127-L,Stop COROLLA KE70,,,0
733,"M3MARIAS=70 is not a plausible quantity (RECUENTO=1, C/U=70) - recount",1037,212-1967-R,Stop COROLLA Mod. 92-94 Auto,1,70,70
744,"M3MARIAS=3 is not a plausible quantity (RECUENTO=2, C/U=70) - recount",705,7110-L,Stop DATSUN B310 1979,2,70,140
748,"M3MARIAS=440 is not a plausible quantity (RECUENTO=1, C/U=440) - recount",127,334-1906-L,Stop DODGE RAM 1500 2500 PICK UP Mod.2002~2003~2004~2005~2006,1,440,440
749,"M3MARIAS=440 is not a plausible quantity (RECUENTO=1, C/U=440) - recount",128,334-1906-R,Stop DODGE RAM 1500 2500 PICK UP Mod.2002~2003~2004~2005~2006,1,440,440
750,"M3MARIAS=392 is not a plausible quantity (RECUENTO=1, C/U=392) - recount",107,231-1955-L,Stop Ford RANGER Mod. 2008~2009~2010~2011,1,392,392
752,"M3MARIAS=2 is not a plausible quantity (RECUENTO=1, C/U=250) - recount",740,220-20697-R,Stop FORESTER2000,1,250,250
753,"M3MARIAS=2 is not a plausible quantity (RECUENTO=1, C/U=70) - recount",818,795-R,Stop FX,1,70,70
770,"M3MARIAS=2 is not a plausible quantity (RECUENTO=1, C/U=300) - recount",741,220-20553-L,Stop IMPREZA,1,300,300
771,"M3MARIAS=2 is not a plausible quantity (RECUENTO=1, C/U=300) - recount",742,220-20553-R,Stop IMPREZA,1,300,300
777,"M3MARIAS=32 is not a plausible quantity (RECUENTO=1, C/U=32) - recount",51,212-1904-L,Stop LAND CRUISSER DINA Mod.74~81 UNIVERSAL,1,32,32
778,"M3MARIAS=32 is not a plausible quantity (RECUENTO=1, C/U=32) - recount",52,212-1904-R,Stop LAND CRUISSER DINA Mod.74~81 UNIVERSAL,1,32,32
818,"M3MARIAS=7 is not a plausible quantity (RECUENTO=6, C/U=70) - recount",698,4363-R,Stop NISSAN SUNNY B12,6,70,420
819,"M3MARIAS=10 is not a plausible quantity (RECUENTO=7, C/U=70) - recount",699,7344-L,Stop NISSAN SUNNY B13 DOBLE LINEA 215-1991,7,70,490
820,"M3MARIAS=13 is not a plausible quantity (RECUENTO=11, C/U=70) - recount",700,7344-R,Stop NISSAN SUNNY B13 DOBLE LINEA 215-1991,11,70,770
848,"M3MARIAS=16 is not a plausible quantity (RECUENTO=5, C/U=70) - recount",702,836-R,Stop SUNNY B13 215-1967,5,70,350
855,"M3MARIAS=6 is not a plausible quantity (RECUENTO=5, C/U=70) - recount",762,20-222-L,Stop TOYOTA CARINA 91,5,70,350
886,stray text in unnamed column: Starlet solei 91,290,3485-R,TOYOTA,1,70,70
898,summary/total row - not an item,,,,,,"273275,9"
902,"TELEFERICO=1 is not a plausible quantity (RECUENTO=, C/U=) - recount",,3686-N-L,Espejo MITSUBISHI Montero Negro ELECTRICO,,,
903,"M3MARIAS=1 is not a plausible quantity (RECUENTO=, C/U=) - recount",,3686-N-R,Espejo MITSUBISHI Montero Negro ELECTRICO,,,
903,"TELEFERICO=1 is not a plausible quantity (RECUENTO=, C/U=) - recount",,3686-N-R,Espejo MITSUBISHI Montero Negro ELECTRICO,,,
904,"M3MARIAS=1 is not a plausible quantity (RECUENTO=, C/U=) - recount",,VZV-32-L,Espejo Toyota Camry 92,,,
904,"TELEFERICO=1 is not a plausible quantity (RECUENTO=, C/U=) - recount",,VZV-32-L,Espejo Toyota Camry 92,,,
906,"M3MARIAS=1 is not a plausible quantity (RECUENTO=, C/U=) - recount",,G-35-L,Espejo Toyota Varios,,,
907,"M3MARIAS=1 is not a plausible quantity (RECUENTO=, C/U=) - recount",,G-35-R,Espejo Toyota Varios,,,
908,"M3MARIAS=1 is not a plausible quantity (RECUENTO=, C/U=) - recount",,1517-L,Espejo Honda varios,,,
909,"M3MARIAS=2 is not a plausible quantity (RECUENTO=, C/U=) - recount",,5483-2-R,Espejo Toyota Ipsum,,,
910,"M3MARIAS=2 is not a plausible quantity (RECUENTO=, C/U=) - recount",,1569-L,Espejo Toyota Mark 2,,,
911,"M3MARIAS=1 is not a plausible quantity (RECUENTO=, C/U=) - recount",,561327-R,Espejo Toyota Levin 92,,,
912,"M3MARIAS=1 is not a plausible quantity (RECUENTO=, C/U=) - recount",,2200-L,Espejo Honda Prelude 87-92,,,
913,"M3MARIAS=1 is not a plausible quantity (RECUENTO=, C/U=) - recount",,2200-R,Espejo Honda Prelude 87-92,,,
914,"M3MARIAS=1 is not a plausible quantity (RECUENTO=, C/U=) - recount",,4675-2-L,Espejo Nissan b14 Largo Eléctrico 3 pines,,,
915,"M3MARIAS=1 is not a plausible quantity (RECUENTO=, C/U=) - recount",,4675-2-R,Espejo Nissan b14 Largo Eléctrico 3 pines,,,
916,"M3MARIAS=1 is not a plausible quantity (RECUENTO=, C/U=) - recount",,8247-R,Espejo Nissan Pulsar eléctrico 3 pines,,,
917,"M3MARIAS=3 is not a plausible quantity (RECUENTO=, C/U=) - recount",,5069-L,Espejo Subaru Impreza,,,
918,"M3MARIAS=4 is not a plausible quantity (RECUENTO=, C/U=) - recount",,5069-R,Espejo Subaru Impreza,,,
919,"M3MARIAS=1 is not a plausible quantity (RECUENTO=, C/U=) - recount",,EH-MITSUBISHI,Estuché de herramientas Mitsubishi Negro,,,
920,"M3MARIAS=1 is not a plausible quantity (RECUENTO=, C/U=) - recount",,EH-DAIHATSU,Estuché de herramientas DAIHATSU azul,,,
921,"M3MARIAS=1 is not a plausible quantity (RECUENTO=, C/U=) - recount",,B38-C-L,Espejo Nissan e25 brazo cromado,,,
922,"M3MARIAS=4 is not a plausible quantity (RECUENTO=, C/U=) - recount",,BU-SURF-F-L,Buchera de fibra Hilux Surf,,,
922,"TELEFERICO=1 is not a plausible quantity (RECUENTO=, C/U=) - recount",,BU-SURF-F-L,Buchera de fibra Hilux Surf,,,
923,"M3MARIAS=1 is not a plausible quantity (RECUENTO=, C/U=) - recount",,220-75539-L,Stop STARLET EP82 TURBO,,,
924,"M3MARIAS=1 is not a plausible quantity (RECUENTO=, C/U=) - recount",,7362-L,STOP TOYOTA CALDINA A MUELLE ROJO BLANCO,,,
925,"M3MARIAS=1 is not a plausible quantity (RECUENTO=, C/U=) - recount",,7362-R,STOP TOYOTA CALDINA A MUELLE ROJO BLANCO,,,
926,"M3MARIAS=1 is not a plausible quantity (RECUENTO=, C/U=) - recount",,20-120-R,STOP TOYOTA CORONA 1983 (rojo / Naranja),,,
927,"M3MARIAS=2 is not a plausible quantity (RECUENTO=, C/U=) - recount",,7157-R,Stop CARIB 80,,,
928,"M3MARIAS=1 is not a plausible quantity (RECUENTO=, C/U=) - recount",,TD-30-L,EMBELLECEDOR DE MALETERO MITSUBISHI LANCER EVO 6,,,
929,"M3MARIAS=1 is not a plausible quantity (RECUENTO=, C/U=) - recount",,TD-30-R,EMBELLECEDOR DE MALETERO MITSUBISHI LANCER EVO 6,,,
930,"M3MARIAS=1 is not a plausible quantity (RECUENTO=, C/U=) - recount",,1159-R,Farol Toyota Varios,,,
931,"M3MARIAS=1 is not a plausible quantity (RECUENTO=, C/U=) - recount",,212-1166-L,Farol Toyota. rav 4 97,,,
932,"M3MARIAS=1 is not a plausible quantity (RECUENTO=, C/U=) - recount",,212-1166-R,Farol Toyota. rav 4 97,,,
933,"M3MARIAS=1 is not a plausible quantity (RECUENTO=, C/U=) - recount",,47-59-L,Stop BLUBIRT 96,,,
934,"M3MARIAS=1 is not a plausible quantity (RECUENTO=, C/U=) - recount",,13-38-L,FAROL TOYOTASPACIO,,,
935,"M3MARIAS=2 is not a plausible quantity (RECUENTO=, C/U=) - recount",,13-38-R,Farol Toyota Spacio,,,
936,no description,,215-1129-L,,,,
936,"M3MARIAS=1 is not a plausible quantity (RECUENTO=, C/U=) - recount",,215-1129-L,,,,
937,no description,,215-1129-R,,,,
937,"M3MARIAS=1 is not a plausible quantity (RECUENTO=, C/U=) - recount",,215-1129-R,,,,
938,"M3MARIAS=1 is not a plausible quantity (RECUENTO=, C/U=) - recount",,212-1112-TYC-L,Farol Toyota COROLLA 90 CRISTALIZADO,,,
939,"M3MARIAS=1 is not a plausible quantity (RECUENTO=, C/U=) - recount",,212-1112-TYC-R,Farol Toyota COROLLA 90 CRISTALIZADO,,,
940,no description,,212-1112-L,,,,
940,"M3MARIAS=1 is not a plausible quantity (RECUENTO=, C/U=) - recount",,212-1112-L,,,,
941,no description,,212-1112-R,,,,
941,"M3MARIAS=2 is not a plausible quantity (RECUENTO=, C/U=) - recount",,212-1112-R,,,,
942,"M3MARIAS=1 is not a plausible quantity (RECUENTO=, C/U=) - recount",,1602-L,FAROL NISSAN SUNNY 2005,,,
943,"M3MARIAS=1 is not a plausible quantity (RECUENTO=, C/U=) - recount",,1602-R,FAROL NISSAN SUNNY 2005,,,
944,"M3MARIAS=1 is not a plausible quantity (RECUENTO=, C/U=) - recount",,001-6840-L,FAROL MAZDA BONGO SGL5 95,,,
945,"M3MARIAS=1 is not a plausible quantity (RECUENTO=, C/U=) - recount",,001-6840-R,FAROL MAZDA BONGO SGL5 95,,,
946,"M3MARIAS=1 is not a plausible quantity (RECUENTO=, C/U=) - recount",,214-1203-R,BICEL MITSUBISHI MONTERO 90,,,
947,no description,,214-1128-L,,,,
947,"M3MARIAS=2 is not a plausible quantity (RECUENTO=, C/U=) - recount",,214-1128-L,,,,
948,no description,,214-1128-R,,,,
948,"M3MARIAS=2 is not a plausible quantity (RECUENTO=, C/U=) - recount",,214-1128-R,,,,
949,"M3MARIAS=1 is not a plausible quantity (RECUENTO=, C/U=) - recount",,4413-L,FAROL TOYOTA GAIA,,,
950,"M3MARIAS=1 is not a plausible quantity (RECUENTO=, C/U=) - recount",,4413-R,FAROL TOYOTA GAIA,,,
951,"M3MARIAS=1 is not a plausible quantity (RECUENTO=, C/U=) - recount",,2650-L,FAROL TOYOTA GRANVIA,,,
952,"M3MARIAS=1 is not a plausible quantity (RECUENTO=, C/U=) - recount",,2650-R,FAROL TOYOTA GRANVIA,,,
953,no description,,P0286-L,,,,
953,"M3MARIAS=1 is not a plausible quantity (RECUENTO=, C/U=) - recount",,P0286-L,,,,
954,no description,,P0286-R,,,,
954,"M3MARIAS=1 is not a plausible quantity (RECUENTO=, C/U=) - recount",,P0286-R,,,,
955,no description,,212-1105-L,,,,
955,"M3MARIAS=1 is not a plausible quantity (RECUENTO=, C/U=) - recount",,212-1105-L,,,,
956,no description,,212-1105-R,,,,
956,"M3MARIAS=1 is not a plausible quantity (RECUENTO=, C/U=) - recount",,212-1105-R,,,,
957,"M3MARIAS=1 is not a plausible quantity (RECUENTO=, C/U=) - recount",,CP-DOMINGO,COLA DE PATO SUBARU DOMINGO,,,
958,"M3MARIAS=1 is not a plausible quantity (RECUENTO=, C/U=) - recount",,CP-MIT-GRANDIS,COLA DE PATO MITSUBISHI GRANDIS,,,
959,"M3MARIAS=4 is not a plausible quantity (RECUENTO=, C/U=) - recount",,VI-S-DOM-89-F-L,BISEL SUBARU DOMINGO RASPADILLO ( FIBRA ),,,
959,"TELEFERICO=1 is not a plausible quantity (RECUENTO=, C/U=) - recount",,VI-S-DOM-89-F-L,BISEL SUBARU DOMINGO RASPADILLO ( FIBRA ),,,
960,"M3MARIAS=4 is not a plausible quantity (RECUENTO=, C/U=) - recount",,VI-S-DOM-89-F-R,BISEL SUBARU DOMINGO RASPADILLO (FIBRA ),,,
960,"TELEFERICO=1 is not a plausible quantity (RECUENTO=, C/U=) - recount",,VI-S-DOM-89-F-R,BISEL SUBARU DOMINGO RASPADILLO (FIBRA ),,,
961,"M3MARIAS=1 is not a plausible quantity (RECUENTO=, C/U=) - recount",,VI-S-DOM-89-F-L,BISEL SUBARU DOMINGO RASPADILLO JAPONÉS,,,
962,"M3MARIAS=1 is not a plausible quantity (RECUENTO=, C/U=) - recount",,VI-S-DOM-89-F-R,BISEL SUBARU DOMINGO RASPADILLO JAPONÉS,,,
963,"M3MARIAS=2 is not a plausible quantity (RECUENTO=, C/U=) - recount",,J-TOY-CALGT-F,JALADOR DE PUERTA TRASERA TOYOTA CALDINA GT,,,
963,"TELEFERICO=2 is not a plausible quantity (RECUENTO=, C/U=) - recount",,J-TOY-CALGT-F,JALADOR DE PUERTA TRASERA TOYOTA CALDINA GT,,,
964,"M3MARIAS=1 is not a plausible quantity (RECUENTO=, C/U=) - recount",,212-1592-B-K-L,GUIÑADOR TOYOTA COROLLA SAPITO NEGRO,,,
965,"M3MARIAS=1 is not a plausible quantity (RECUENTO=, C/U=) - recount",,212-1592-B-K-R,GUIÑADOR TOYOTA COROLLA SAPITO NEGRO,,,
966,no description,,212-1126-L,,,,
966,"M3MARIAS=1 is not a plausible quantity (RECUENTO=, C/U=) - recount",,212-1126-L,,,,
967,no description,,20-316-L,,,,
967,"M3MARIAS=1 is not a plausible quantity (RECUENTO=, C/U=) - recount",,20-316-L,,,,
968,no description,,1266-L,,,,
968,"M3MARIAS=1 is not a plausible quantity (RECUENTO=, C/U=) - recount",,1266-L,,,,
969,no description,,216-1139-R,,,,
969,"M3MARIAS=1 is not a plausible quantity (RECUENTO=, C/U=) - recount",,216-1139-R,,,,
970,no description,,20-143-L,,,,
970,"M3MARIAS=1 is not a plausible quantity (RECUENTO=, C/U=) - recount",,20-143-L,,,,
971,no description,,12-417-L,,,,
971,"M3MARIAS=1 is not a plausible quantity (RECUENTO=, C/U=) - recount",,12-417-L,,,,
972,"M3MARIAS=1 is not a plausible quantity (RECUENTO=, C/U=) - recount",,08423-42040,MASACARA TOYOTA RAV 4 TRD,,,
973,"M3MARIAS=1 is not a plausible quantity (RECUENTO=, C/U=) - recount",,71741-80G00,MASCARA SUZUKI SWIFT IGNIS,,,
974,"M3MARIAS=1 is not a plausible quantity (RECUENTO=, C/U=) - recount",,62310-N00,MASCARA NISSAAN CUSTOM CROMADO,,,
975,"M3MARIAS=1 is not a plausible quantity (RECUENTO=, C/U=) - recount",,PALOGENOS-MIT-JUN,PORTA ALÓGENOS MITSUBISHI JUNIOR SOBRE EL PARACHOQUE,,,
976,"M3MARIAS=3 is not a plausible quantity (RECUENTO=, C/U=) - recount",,F-TSU-SUB-FOR,TOMA DE AIRE TSUNAMI SUBARU FORESTER,,,
977,"M3MARIAS=1 is not a plausible quantity (RECUENTO=, C/U=) - recount",,F-TSU-SUB-IMP,TOMA DE AIRE TSUNAMI SUBARU IMPREZA,,,
978,"M3MARIAS=1 is not a plausible quantity (RECUENTO=, C/U=) - recount",,C-TSU-SUB-UNI,TOMA DE AIRE TSUNAMI UNIVERSAL CARBONO,,,
979,"M3MARIAS=1 is not a plausible quantity (RECUENTO=, C/U=) - recount",,TD-06,TURBO NUEVO SUBARU EJ20 TURBO,,,
980,"M3MARIAS=6 is not a plausible quantity (RECUENTO=, C/U=) - recount",,212-1156-L,FAROL TOYOTA CALDINA 97 ( oreja agachada ),,,
981,"M3MARIAS=3 is not a plausible quantity (RECUENTO=, C/U=) - recount",,212-1156-R,FAROL TOYOTA CALDINA 97 ( oreja agachada ),,,
982,no description,,20-260-R,,,,
982,"M3MARIAS=3 is not a plausible quantity (RECUENTO=, C/U=) - recount",,20-260-R,,,,
983,"M3MARIAS=1 is not a plausible quantity (RECUENTO=, C/U=) - recount",,CP-SUB-FOR-OEM,Cola DE PATO SUBARU FORESTER 2000 JAPONÉS,,,
984,"M3MARIAS=1 is not a plausible quantity (RECUENTO=, C/U=) - recount",,13-29-L,Stop COROLLA 89,,,
985,"M3MARIAS=1 is not a plausible quantity (RECUENTO=, C/U=) - recount",,OEW2037,STOP DE MALETERA MITSUBISHI MONTERO (terecera luz ),,,
986,"M3MARIAS=1 is not a plausible quantity (RECUENTO=, C/U=) - recount",,221-1975-L,STOP HYUNDAI I10 2011-2012,,,
987,"M3MARIAS=1 is not a plausible quantity (RECUENTO=, C/U=) - recount",,221-1975-R,STOP HYUNDAI I10 2011-2012,,,
988,"M3MARIAS=1 is not a plausible quantity (RECUENTO=, C/U=) - recount",,221-1979-L,STOP HYUNDAI I10 2014-2016,,,
989,"M3MARIAS=1 is not a plausible quantity (RECUENTO=, C/U=) - recount",,315-1934-PTU-VC,SET,,,
991,"M3MARIAS=1 is not a plausible quantity (RECUENTO=, C/U=) - recount",,218-1937-R,STOP SUZUKI VITARA XL7 CRISTALIZADO,,,
991,"TELEFERICO=1 is not a plausible quantity (RECUENTO=, C/U=) - recount",,218-1937-R,STOP SUZUKI VITARA XL7 CRISTALIZADO,,,
992,"M3MARIAS=1 is not a plausible quantity (RECUENTO=, C/U=) - recount",,212-19F1-PTA,SET,,,
992,"TELEFERICO=1 is not a plausible quantity (RECUENTO=, C/U=) - recount",,212-19F1-PTA,SET,,,
993,"M3MARIAS=1 is not a plausible quantity (RECUENTO=, C/U=) - recount",,216-19AG-L,STOP MAZDA BT50 2015,,,
993,"TELEFERICO=1 is not a plausible quantity (RECUENTO=, C/U=) - recount",,216-19AG-L,STOP MAZDA BT50 2015,,,
994,"M3MARIAS=1 is not a plausible quantity (RECUENTO=, C/U=) - recount",,216-19AG-R,STOP MAZDA BT50 2015,,,
995,"M3MARIAS=1 is not a plausible quantity (RECUENTO=, C/U=) - recount",,214-1140-L,FAROL MITSUBISHI LANCER 95,,,
996,"M3MARIAS=1 is not a plausible quantity (RECUENTO=, C/U=) - recount",,214-1140-R,FAROL MITSUBISHI LANCER 95,,,
997,no description,,218-1164-R,,,,
997,"M3MARIAS=2 is not a plausible quantity (RECUENTO=, C/U=) - recount",,218-1164-R,,,,
998,"M3MARIAS=1 is not a plausible quantity (RECUENTO=, C/U=) - recount",,214-1556-L,Media luz MITSUBISHI pajero 96,,,
999,"M3MARIAS=1 is not a plausible quantity (RECUENTO=, C/U=) - recount",,214-1556-R,Media luz MITSUBISHI pajero 96,,,
1000,"M3MARIAS=1 is not a plausible quantity (RECUENTO=, C/U=) - recount",,212-11T2-R,FAROL TOYOTA HILUX VIGO 2011,,,
1001,"M3MARIAS=1 is not a plausible quantity (RECUENTO=, C/U=) - recount",,215-1427-R,Media luz Nissan patrol 95,,,
1002,"M3MARIAS=1 is not a plausible quantity (RECUENTO=, C/U=) - recount",,217-1531-L,MIEDIA LUZ HONDA CIVIC 88,,,
1002,"TELEFERICO=1 is not a plausible quantity (RECUENTO=, C/U=) - recount",,217-1531-L,MIEDIA LUZ HONDA CIVIC 88,,,
1003,"M3MARIAS=1 is not a plausible quantity (RECUENTO=, C/U=) - recount",,217-1531-R,MIEDIA LUZ HONDA CIVIC 88,,,
1004,"M3MARIAS=1 is not a plausible quantity (RECUENTO=, C/U=) - recount",,218-1151-L,FAROL SUZUKI SWIFT 2011-2016,,,
1005,"M3MARIAS=1 is not a plausible quantity (RECUENTO=, C/U=) - recount",,218-1151-R,FAROL SUZUKI SWIFT 2011-2016,,,
1006,"M3MARIAS=142 is not a plausible quantity (RECUENTO=, C/U=) - recount",,212-2901N,REFLECTOR FJ40,,,
1006,"TELEFERICO=2 is not a plausible quantity (RECUENTO=, C/U=) - recount",,212-2901N,REFLECTOR FJ40,,,
1008,"M3MARIAS=1 is not a plausible quantity (RECUENTO=, C/U=) - recount",,314-1132-PXAS2-R,FAROL MITSUBISHI ECLIPSE SPYDER OJO DE ÁNGEL,,,
1009,no description,,860074,,,,
1009,"M3MARIAS=1 is not a plausible quantity (RECUENTO=, C/U=) - recount",,860074,,,,
1010,no description,,870107-O,,,,
1010,"M3MARIAS=2 is not a plausible quantity (RECUENTO=, C/U=) - recount",,870107-O,,,,
1011,no description,,87005-G,,,,
1011,"M3MARIAS=1 is not a plausible quantity (RECUENTO=, C/U=) - recount",,87005-G,,,,
1012,no description,,87006-G,,,,
1012,"M3MARIAS=1 is not a plausible quantity (RECUENTO=, C/U=) - recount",,87006-G,,,,
1013,no description,,87009-G,,,,
1013,"M3MARIAS=6 is not a plausible quantity (RECUENTO=, C/U=) - recount",,87009-G,,,,
1014,no description,,870121-G,,,,
1014,"M3MARIAS=1 is not a plausible quantity (RECUENTO=, C/U=) - recount",,870121-G,,,,
1015,"M3MARIAS=1 is not a plausible quantity (RECUENTO=, C/U=) - recount",,SZC-527,PRENSA EXEDY SUZUKI APV,,,
1016,"M3MARIAS=1 is not a plausible quantity (RECUENTO=, C/U=) - recount",,MBD-005U,DISCO DE EMBREAGUE EXEDY SUZUKI APV,,,
1017,"M3MARIAS=4 is not a plausible quantity (RECUENTO=, C/U=) - recount",,T-NISS-STOP-F-L,TAPA DE STOP NISSAN CUSTOM FIBRA,,,
1018,"M3MARIAS=4 is not a plausible quantity (RECUENTO=, C/U=) - recount",,T-NISS-STOP-F-R,TAPA DE STOP NISSAN CUSTOM FIBRA,,,
1019,no description,,400300,,,,
1019,"M3MARIAS=10 is not a plausible quantity (RECUENTO=, C/U=) - recount",,400300,,,,
1020,no description,,CH-216071,,,,
1020,"M3MARIAS=20 is not a plausible quantity (RECUENTO=, C/U=) - recount",,CH-216071,,,,
1021,"M3MARIAS=1 is not a plausible quantity (RECUENTO=, C/U=) - recount",,MB574333,PARACHOQUE TRASERO MITSUBISHI EVO 9,,,
1022,"M3MARIAS=1 is not a plausible quantity (RECUENTO=, C/U=) - recount",,71811-65D30,PARACHOQUE TRASERO SUZUKI GRAN VITARA,,,
1023,"TELEFERICO=1 is not a plausible quantity (RECUENTO=, C/U=) - recount",,YY213M-L,ESPEJO B13,,,
1024,"TELEFERICO=1 is not a plausible quantity (RECUENTO=, C/U=) - recount",,YY213M-R,ELSEJO B13,,,
1025,"TELEFERICO=1 is not a plausible quantity (RECUENTO=, C/U=) - recount",,TY8002B-L,RETROVISOR TOYOTA HILUX MILENIUM CROMADO,,,
1026,no description,,222110-L,,,,
1026,"TELEFERICO=4 is not a plausible quantity (RECUENTO=, C/U=) - recount",,222110-L,,,,
1027,"TELEFERICO=1 is not a plausible quantity (RECUENTO=, C/U=) - recount",,TY8022-L,ESPEJO TOYOTA HILUX VIGO ELÉCTRICO,,,
1028,"TELEFERICO=1 is not a plausible quantity (RECUENTO=, C/U=) - recount",,YT7286-L,ESPEJO SUZUKI ALTO 2011,,,
1029,"TELEFERICO=1 is not a plausible quantity (RECUENTO=, C/U=) - recount",,YT7286-R,ESPEJO SUZUKI ALTO 2011,,,
1030,no description,,219-1405-L,,,,
1030,"TELEFERICO=1 is not a plausible quantity (RECUENTO=, C/U=) - recount",,219-1405-L,,,,
1031,no description,,219-1405-R,,,,
1031,"TELEFERICO=1 is not a plausible quantity (RECUENTO=, C/U=) - recount",,219-1405-R,,,,
1032,"TELEFERICO=1 is not a plausible quantity (RECUENTO=, C/U=) - recount",,Am0709-L,Jeep Cherokee vicel,,,
1033,no description,,215-1977,,,,
1033,"TELEFERICO=1 is not a plausible quantity (RECUENTO=, C/U=) - recount",,215-1977,,,,
1034,"TELEFERICO=1 is not a plausible quantity (RECUENTO=, C/U=) - recount",,220-6693-L,STOP NISSAN SKYLINE,,,
1036,no description,,215-19AA-L,,,,
1036,"TELEFERICO=1 is not a plausible quantity (RECUENTO=, C/U=) - recount",,215-19AA-L,,,,
1037,no description,,SZ04092BA,,,,
1037,"TELEFERICO=1 is not a plausible quantity (RECUENTO=, C/U=) - recount",,SZ04092BA,,,,
1038,no description,,SZ07067GA,,,,
1038,"TELEFERICO=1 is not a plausible quantity (RECUENTO=, C/U=) - recount",,SZ07067GA,,,,
1039,no description,,SZ99020AL,,,,
1039,"TELEFERICO=1 is not a plausible quantity (RECUENTO=, C/U=) - recount",,SZ99020AL,,,,
1040,no description,,SZ99020AR,,,,
1040,"TELEFERICO=1 is not a plausible quantity (RECUENTO=, C/U=) - recount",,SZ99020AR,,,,
1041,"TELEFERICO=1 is not a plausible quantity (RECUENTO=, C/U=350) - recount",,EM-FORESTER-C,Embellecedor FORESTER CARBONO,,350,
1042,"TELEFERICO=1 is not a plausible quantity (RECUENTO=, C/U=) - recount",,FS8305,CANDADO DE MOTO / SCOOTER ELÉCTRICO,,,
1043,"TELEFERICO=1 is not a plausible quantity (RECUENTO=, C/U=) - recount",,SZ11036A-L,GUARDABARRO SUZUKI VITARA,,,
1044,"TELEFERICO=1 is not a plausible quantity (RECUENTO=, C/U=) - recount",,SZ11036A-R,GUARDABARRO SUZUKI VITARA,,,
1045,"TELEFERICO=1 is not a plausible quantity (RECUENTO=, C/U=) - recount",,217-1516-L,Guiñador honda eg negro,,,
1046,"TELEFERICO=1 is not a plausible quantity (RECUENTO=, C/U=) - recount",,217-1516-R,Guiñador honda eg negro,,,
1047,"TELEFERICO=1 is not a plausible quantity (RECUENTO=, C/U=) - recount",,212-1592-R,Media luz COROLLA Mod. 95 ~ 96 AE110. SAPITO,,,
1048,no description,,212-1670-L,,,,
1048,"TELEFERICO=1 is not a plausible quantity (RECUENTO=, C/U=) - recount",,212-1670-L,,,,
1049,"TELEFERICO=1 is not a plausible quantity (RECUENTO=, C/U=) - recount",,312-1141-L,FAROL TOYOTA RAV 4 99,,,
1050,"TELEFERICO=1 is not a plausible quantity (RECUENTO=, C/U=) - recount",,312-1141-R,FAROL TOYOTA RAV 4 99,,,
1051,"TELEFERICO=1 is not a plausible quantity (RECUENTO=, C/U=) - recount",,215-1111-R,FAROL NISSAN SUNNY B12,,,
1052,no description,,218-1105-L,,,,
1052,"TELEFERICO=1 is not a plausible quantity (RECUENTO=, C/U=) - recount",,218-1105-L,,,,
1053,no description,,218-1105-R,,,,
1053,"TELEFERICO=1 is not a plausible quantity (RECUENTO=, C/U=) - recount",,218-1105-R,,,,
1054,no description,,312-1186-L,,,,
1054,"TELEFERICO=1 is not a plausible quantity (RECUENTO=, C/U=) - recount",,312-1186-L,,,,
1055,"TELEFERICO=1 is not a plausible quantity (RECUENTO=, C/U=) - recount",,870043,AMORTIGUADOR PROBOX,,,
1056,"TELEFERICO=1 is not a plausible quantity (RECUENTO=, C/U=) - recount",,870090,AMORTIGUADOR APV,,,
1057,no description,,870052-O,,,,
1057,"TELEFERICO=4 is not a plausible quantity (RECUENTO=, C/U=) - recount",,870052-O,,,,
1058,"TELEFERICO=1 is not a plausible quantity (RECUENTO=, C/U=) - recount",,DS-2007,AMORTIGUADORDELANTERO HILUX STAU,,,
1059,"TELEFERICO=1 is not a plausible quantity (RECUENTO=, C/U=) - recount",,M-TOY-rav-f,MASCARA TOYOTA RAV 4 FIBRA DE VIDRIO,,,
1060,"TELEFERICO=1 is not a plausible quantity (RECUENTO=, C/U=) - recount",,870104-G,AMORTIGUADOR CHARIOT,,,
1061,"TELEFERICO=4 is not a plausible quantity (RECUENTO=, C/U=) - recount",,860009,MUÑÓN ESTABILIZADOR LARGO UNIVERSAL,,,
1062,"TELEFERICO=2 is not a plausible quantity (RECUENTO=, C/U=) - recount",,860044,MUÑÓN SUSPENCION SUPERIRO HIACE LOBO,,,
1063,"TELEFERICO=1 is not a plausible quantity (RECUENTO=, C/U=) - recount",,30502-AA051,RODAMIENTO SUBARU EJ 20 SIN TURBO,,,
1064,"TELEFERICO=2 is not a plausible quantity (RECUENTO=, C/U=) - recount",,860051,MUÑÓN SUSPENCION TOYOTA TERCEL,,,
1065,"TELEFERICO=2 is not a plausible quantity (RECUENTO=, C/U=) - recount",,860061,MUÑÓN SUSPENCION VANNETE BONGO INFERIOR MAZDA,,,
1066,"TELEFERICO=1 is not a plausible quantity (RECUENTO=, C/U=) - recount",,850022,JUNTA 24X23 TOY PROBOX,,,
1067,"M3MARIAS=1 is not a plausible quantity (RECUENTO=, C/U=) - recount",,214-1146-L,FAROL MITSUBISHI MONTERO CRISTALIZADO,,,
1067,"TELEFERICO=1 is not a plausible quantity (RECUENTO=, C/U=) - recount",,214-1146-L,FAROL MITSUBISHI MONTERO CRISTALIZADO,,,
1068,"M3MARIAS=1 is not a plausible quantity (RECUENTO=, C/U=) - recount",,214-1146-R,FAROL MITSUBISHI MONTERO CRISTALIZADO,,,
1068,"TELEFERICO=1 is not a plausible quantity (RECUENTO=, C/U=) - recount",,214-1146-R,FAROL MITSUBISHI MONTERO CRISTALIZADO,,,
1069,"TELEFERICO=20 is not a plausible quantity (RECUENTO=, C/U=) - recount",,123629,RÓTULA HIACE LOBO 14X17,,,
1070,"TELEFERICO=1 is not a plausible quantity (RECUENTO=, C/U=) - recount",,214-11A7-R,FAROL MITSUBISHI MIRAGE,,,
1071,"TELEFERICO=1 is not a plausible quantity (RECUENTO=, C/U=) - recount",,320-1506-R,Guiñador subaru forester,,,
1072,"TELEFERICO=1 is not a plausible quantity (RECUENTO=, C/U=) - recount",,214-1112-L,FAROL MITSUBISHI COLT 87,,,
1073,no description,,218-1172-L,,,,
1073,"TELEFERICO=1 is not a plausible quantity (RECUENTO=, C/U=) - recount",,218-1172-L,,,,
1074,no description,,218-1172-R,,,,
1074,"TELEFERICO=1 is not a plausible quantity (RECUENTO=, C/U=) - recount",,218-1172-R,,,,
1075,"TELEFERICO=1 is not a plausible quantity (RECUENTO=, C/U=) - recount",,043-1540-L,STOP MITSUBISHI MONTERO BORDE NEGRO,,,
1076,"TELEFERICO=1 is not a plausible quantity (RECUENTO=, C/U=) - recount",,043-1540-R,STOP MITSUBISHI MONTERO BORDE NEGRO,,,
1077,no description,,210-87071-R,,,,
1077,"TELEFERICO=1 is not a plausible quantity (RECUENTO=, C/U=) - recount",,210-87071-R,,,,
1078,"TELEFERICO=1 is not a plausible quantity (RECUENTO=, C/U=) - recount",,215-1968-PXA-L,STOP CRISTALIZADO NISSAN PATROL,,,
1079,"TELEFERICO=1 is not a plausible quantity (RECUENTO=, C/U=) - recount",,215-1968-PXA-R,STOP CRISTALIZADO NISSAN PATROL,,,
1080,no description,,212-1915-L,,,,
1080,"TELEFERICO=1 is not a plausible quantity (RECUENTO=, C/U=) - recount",,212-1915-L,,,,
1081,no description,,215-1993-R,,,,
1081,"TELEFERICO=1 is not a plausible quantity (RECUENTO=, C/U=) - recount",,215-1993-R,,,,
1082,no description,,215-1993-L,,,,
1082,"TELEFERICO=1 is not a plausible quantity (RECUENTO=, C/U=) - recount",,215-1993-L,,,,
1083,no description,,317-1513-L,,,,
1083,"TELEFERICO=1 is not a plausible quantity (RECUENTO=, C/U=) - recount",,317-1513-L,,,,
1084,no description,,317-1513-R,,,,
1084,"TELEFERICO=1 is not a plausible quantity (RECUENTO=, C/U=) - recount",,317-1513-R,,,,
1085,no description,,330-1504-R,,,,
1085,"TELEFERICO=1 is not a plausible quantity (RECUENTO=, C/U=) - recount",,330-1504-R,,,,
1086,"TELEFERICO=2 is not a plausible quantity (RECUENTO=, C/U=) - recount",,TY11106,TAPABARRO HILUX SURF,,,
1087,"TELEFERICO=2 is not a plausible quantity (RECUENTO=, C/U=) - recount",,441-1177,FAROL VOLKSWAGEN OJO DE ÁNGEL,,,
1088,"TELEFERICO=1 is not a plausible quantity (RECUENTO=, C/U=) - recount",,215-1504-L,Guiñador pick up,,,
1089,"TELEFERICO=1 is not a plausible quantity (RECUENTO=, C/U=) - recount",,215-1504-R,Guiñador PICK UP,,,
1090,"TELEFERICO=1 is not a plausible quantity (RECUENTO=, C/U=) - recount",,220-61871-L,Stop BONGO,,,
1091,"TELEFERICO=1 is not a plausible quantity (RECUENTO=, C/U=) - recount",,1188-L,Farol NISSAN SUNNY b12,,,
1092,"TELEFERICO=1 is not a plausible quantity (RECUENTO=, C/U=) - recount",,212-11AK-L,FAROL TOYOTA HILUX REVO,,,
1093,"TELEFERICO=1 is not a plausible quantity (RECUENTO=, C/U=) - recount",,212-11AK-R,FAROL TOYOTA HILUX REVO,,,
1094,"TELEFERICO=1 is not a plausible quantity (RECUENTO=, C/U=) - recount",,215-1543-L,Guiñador Nissan patrol 87,,,
1095,"TELEFERICO=1 is not a plausible quantity (RECUENTO=, C/U=) - recount",,215-1543-R,Guiñador Nissan patrol 87,,,
1096,"TELEFERICO=1 is not a plausible quantity (RECUENTO=, C/U=) - recount",,333-1608-L,GUIÑADOR CHEVROLET COLORADO,,,
1097,"TELEFERICO=1 is not a plausible quantity (RECUENTO=, C/U=) - recount",,333-1608-R,GUIÑADOR CHEVROLET COLORADO,,,
1098,"TELEFERICO=1 is not a plausible quantity (RECUENTO=, C/U=) - recount",,212-19F9-L,STOP HIACE LOBO TUNNIG,,,
1099,"TELEFERICO=1 is not a plausible quantity (RECUENTO=, C/U=) - recount",,212-19F9-R,STOP HIACE LOBO TUNNIG,,,
1100,"TELEFERICO=1 is not a plausible quantity (RECUENTO=, C/U=) - recount",,312-1549-L,GUIÑADOR CELICA TOYOTA,,,
1101,"TELEFERICO=1 is not a plausible quantity (RECUENTO=, C/U=) - recount",,312-1549-R,GUIÑADOR CELICA TOYOTA,,,
1102,"TELEFERICO=1 is not a plausible quantity (RECUENTO=, C/U=) - recount",,333-1636-L,Guiñador jeep renegade,,,
1103,"TELEFERICO=1 is not a plausible quantity (RECUENTO=, C/U=) - recount",,5283-L,RETROVISOR DE CAPO TOYOTA HILUX SURF,,,
1104,no description,,314-1146-L,,,,
1104,"TELEFERICO=1 is not a plausible quantity (RECUENTO=, C/U=) - recount",,314-1146-L,,,,
1105,"TELEFERICO=1 is not a plausible quantity (RECUENTO=, C/U=) - recount",,212-1989-L,Stop corolla 90,,,
1106,"TELEFERICO=1 is not a plausible quantity (RECUENTO=, C/U=) - recount",,212-1989-R,Stop corolla 90,,,
1107,"TELEFERICO=1 is not a plausible quantity (RECUENTO=, C/U=) - recount",,44-3-R,Farol Toyota ipsum,,,
1108,"TELEFERICO=1 is not a plausible quantity (RECUENTO=, C/U=) - recount",,21-16-R,FAROL TOYORA. ALDINA ORIGINAL,,,
1109,"TELEFERICO=1 is not a plausible quantity (RECUENTO=, C/U=) - recount",,551-19AJ-R,STOP RENAULT KIWID,,,
1110,"TELEFERICO=1 is not a plausible quantity (RECUENTO=, C/U=) - recount",,215-1562-L,MEDIA LUZ NISSAN SUNNY 90,,,
1111,"TELEFERICO=1 is not a plausible quantity (RECUENTO=, C/U=) - recount",,214-1112-L,Farol lancer 89,,,
1112,"TELEFERICO=1 is not a plausible quantity (RECUENTO=, C/U=) - recount",,215-1614-L,Guiñador Nissan parachoques mini datsun,,,
1113,"TELEFERICO=1 is not a plausible quantity (RECUENTO=, C/U=) - recount",,215-1614-R,Guiñador Nissan parachoques mini datsun,,,
1114,"TELEFERICO=1 is not a plausible quantity (RECUENTO=, C/U=) - recount",,215-1562-R,MEDIA LUZ NISSAN SUNNY 90,,,
1115,"TELEFERICO=2 is not a plausible quantity (RECUENTO=, C/U=) - recount",,214-1531-R,Media luz montero 92,,,
1116,"TELEFERICO=1 is not a plausible quantity (RECUENTO=, C/U=) - recount",,331-1524-L,Guiñador Ford Explorer 99,,,
1117,"TELEFERICO=1 is not a plausible quantity (RECUENTO=, C/U=) - recount",,331-1524-R,Guiñador Ford Explorer 99,,,
1118,"TELEFERICO=1 is not a plausible quantity (RECUENTO=, C/U=) - recount",,212-15D8-L,MEDIA LUZ COROLLA 92 CRISTALIZADO,,,
1119,"TELEFERICO=1 is not a plausible quantity (RECUENTO=, C/U=) - recount",,212-15D8-R,MEDIA LUZ COROLLA 92 CRISTALIZADO,,,
1120,"TELEFERICO=2 is not a plausible quantity (RECUENTO=, C/U=) - recount",,212-1580-L,MEDIA LUZ TOYOTA CALDINA,,,
1121,"TELEFERICO=2 is not a plausible quantity (RECUENTO=, C/U=) - recount",,212-1580-R,MEDIA LUZ TOYOTA CALDINA,,,
1122,"TELEFERICO=1 is not a plausible quantity (RECUENTO=, C/U=) - recount",,218-1610-L,SUZUKI NEW VITARA ALÓGENO,,,
1123,"TELEFERICO=1 is not a plausible quantity (RECUENTO=, C/U=) - recount",,218-1610-R,SUZUKI NEW VITARA ALÓGENO,,,
1124,"TELEFERICO=2 is not a plausible quantity (RECUENTO=, C/U=) - recount",,222111-L,Espejo COROLLA 92 NEGRO R/L Retrovisor MAMUT Unidad CARIB SPRINTER,,,
1125,no description,,222110-R,,,,
1125,"TELEFERICO=4 is not a plausible quantity (RECUENTO=, C/U=) - recount",,222110-R,,,,
1126,"TELEFERICO=1 is not a plausible quantity (RECUENTO=, C/U=) - recount",,44-26-L,Guiñador Toyota ipsum,,,
1127,"TELEFERICO=1 is not a plausible quantity (RECUENTO=, C/U=) - recount",,44-26-R,Guiñador Toyota ipsum,,,
,"duplicate CODIGO shared by DEPO-00028, DEPO-01050",,DS 2007,,,,
,"duplicate CODIGO shared by DEPO-00335, DEPO-00974",,20 260 R,,,,
,"duplicate CODIGO shared by DEPO-00787, DEPO-00985",,216 19AG L,,,,
,"duplicate CODIGO shared by DEPO-00788, DEPO-00986",,216 19AG R,,,,
,"duplicate CODIGO shared by DEPO-00951, DEPO-00953",,VI S DOM 89 F L,,,,
,"duplicate CODIGO shared by DEPO-00952, DEPO-00954",,VI S DOM 89 F R,,,,
,"duplicate CODIGO shared by DEPO-01064, DEPO-01103",,214 1112 L,,,,
