;CODIGO;D E T A L L E ;RECUENTO;;Defectuoso;C/U;;Total;;3 marias;;teleférico rojo;2024 3 MARIAS ;2024 Teleférico rojo 
512;2644-R;212-15D5 DE HICE ;;;1;;;0;;;;;;
1182;SAE-40;Aceite PARA MOTOR;2;;;20;;40;;;;;;
146;210-0202-002-L;Alogeno BONGO ;1;;;200;;200;;;;1;;
147;210-0202-002-R;Alogeno BONGO ;1;;;200;;200;;;;1;;
148;846-L;Alogeno JUNIOR;1;;;200;;200;;;;;;
149;846-R;Alogeno JUNIOR;1;;;200;;200;;;;;;
1200;13-42-L;Alogeno LEVIN 97;1;;;250;;250;;;;;;
1201;13-42-R;Alogeno LEVIN 97;1;;;250;;250;;;;;;
158;19027-L;Alogeno SUZUKI  VITARA ;1;;;200;;200;;;;1;;
159;19027-R;Alogeno SUZUKI  VITARA ;1;;;200;;200;;;;1;;
156;400-L;Alogeno SWIFT;1;;;150;;150;;1;;;;
157;400-R;Alogeno SWIFT;1;;;150;;150;;1;;;;
1010;A-VAR;Alogeno VARIOS;1;;;1;;1;;1;;;;
155;114-20257-TW-R;Alogeno FORESTER;1;;;160;;160;;0;;;;
150;20597-C;Alogeno FORESTER;4;;;190;;760;;4;;;;
152;20597-Y;Alogeno FORESTER AMARILLO;2;;;700;;1400;;2;;;;
145;870118-G;Amortiguador IPSUM 2004 TRASERO;3;;;125;;375;;;;1;;
1181;121118;Amortiguador TOYOTA STARLET;1;;;142,5;;142,5;;;;1;;
1171;87017;Amortiguador CARRY TRASERO;2;;;142,5;;285;;;;;;
28;870014;Amortiguador COROLLA TRASERO L;5;;;155;;775;;;;1;;
142;870025-G;Amortiguador DE CALDINA RTRASERO A MUELLE;15;;;68;;1020;;;;10;;
36;870106-G;Amortiguador DE CARRY ;3;;;150;;450;;1;;1;;
144;87009-O;Amortiguador DE COROLLA TRASERO 90 º;4;;;63;;252;;4;;;;
1135;870077-G;Amortiguador DE PATHINDER TERRANO TRASERO 56210-0W001;6;;;75;;450;;5;;1;;
161;AP-P;Amortiguador DE Puerta PARES;44;;;100;;4400;;;;;;
162;AP-S;Amortiguador DE Puerta SUELTOS;7;;;50;;350;;;;;;
1186;870089;Amortiguador DELANTERO APV;1;;;142,5;;142,5;;;;;;
1172;DS-2007;Amortiguador DELANTERO HILUX 90;1;;;125;;125;;;;;;
30;870059-G;Amortiguador DELANTERO L;3;;;130;;390;;3;;1;;
1178;870028;Amortiguador DELANTERO LEVIN TRUENO L;1;;;142,5;;142,5;;;;;;
1179;870027;Amortiguador DELANTERO LEVIN TRUENO R;1;;;142,5;;142,5;;;;;;
29;870044;Amortiguador DELANTERO PROBOX (L);4;;;135;;540;;3;;1;;
1144;870047-G;Amortiguador Delantero R-L NOAH LITEACE 97-02 GAS;2;;;72;;144;;1;;1;;
35;870105-G;Amortiguador DELNTERO CARRY ;5;;;23;;115;;3;;;;
141;870021-G;Amortiguador HIACE ;12;;;34,5;;414;1;8;;1;;
1134;341372;Amortiguador HIALUX VIGO DELANTERO SHIBUMI;2;;;230;;460;;;;2;;
33;870065-G;Amortiguador HONDA EG TRASERO;4;;;130;;520;;2;;;;
34;870100-G;Amortiguador IPSUM MODERNO DELANTERO ;2;;;68;;136;;2;;3;;
1136;2618;Amortiguador IZUSU TROPER DELANTERO SHIBUMI;4;;;63;;252;;3;;1;;
1130;870026-G;Amortiguador LAND CRUISER ;21;;;65,5;;1375,5;;;;1;;
32;870063-G;Amortiguador MONTERO DELANTERO 02;4;;;130;;520;;;;1;;
1169;870051-G;Amortiguador MONTERO TRASER 98;1;;;65,5;;65,5;;;;;;
1146;870051-O;Amortiguador MONTERO TRASER 98;2;;;65,5;;131;;1;;;;
1014;870045;Amortiguador PROBOX 4WD 1NZ 4X4 RH;3;;;42,5;;127,5;;1;;2;;
1137;870058-G;Amortiguador PROBOX NOAH TRASERO;5;;;72;;360;;4;;1;;
1180;870068-G;Amortiguador RAV4 DELANTERO ;1;;;168;;168;;;;;;
38;870122;Amortiguador SUZUKI ALTO;2;;;34;;68;;;;;;
1142;A-2159;Amortiguador SUZUKI SWIFT L;1;;;168;;168;;1;;;;
1141;A-2158;Amortiguador SUZUKI SWIFT R;1;;;168;;168;;1;;;;
31;870060-G;Amortiguador SUZUKI VITRA R;3;;;130;;390;;3;;1;;
1143;870047-O;Amortiguador TOWN ACE NOAH DELANTERO;3;;;65,5;;196,5;;3;;;;
143;870086-G;Amortiguador TOYOTA DELANTERO HIACE;18;;;68;;1224;;;;8;;
1188;870033-G;Amortiguador TRASERO CALDINA ESPIRAL (L);1;;;142,5;;142,5;;;;;;
140;870009-G;Amortiguador TRASERO DE COROLLA A GAS;15;;;68;;1020;;;;1;;
1187;870103-G;Amortiguador TRASERO MITSUBISHI CHARIOT RVR;1;;;125;;125;;;;1;;
2;120079;Amortiguador TRASERO STARLET EP82;3;;;50;;150;;;;;;
1013;870013-G;Amortiguador Trasero TOY COROLLA RH AE101-CE100 GAS YOITOKI;2;;;142,5;;285;;;;;;
1147;870007-G;Amortiguador Trasero TOY DIESEL/GASOLINA COR/VAG TOKICO GAS;10;;;65,5;;655;;;;1;;
1170;870007-O;Amortiguador Trasero TOY DIESEL/GASOLINA COR/VAG TOKICO OIL;3;;;65,5;;196,5;;;;1;;
1173;810100-G;Amortiguador URVAN CHANCHO E25 DELANTERO;1;;;65,5;;65,5;;;;;;
139;870008-G;Amortiguador HIACE TRSERO;16;;;59,5;;952;;;;2;;
1145;870096-G;Amortiguador TRASERO HIACE 2001-2005 OREJA GRANDE;4;;;145;;580;;3;;1;;
1192;SK-A;Anticongelante SUPER KOTE COLOR AMARILLO;1;;;75;;75;;;;;;
1191;SK-V;Anticongelante SUPER KOTE COLOR VERDE;2;;;46;;92;;;;;;
1009;16X7JJ-5;Aro SUBARU DORADO;7;;;300;;2100;;;;;;
942;GPC-1001;Aspa IPSUM 96~97~98~99~2000 VENTILADOR COMPLETO 36,5cmX35,4cm;7;;;160;;1120;;;;;;
961;53131-13020-R;Bisel COROLLA 90;1;;;1;;1;;;;;;
1049;13-31-R;Bisel COROLLA KE70 84 212-1231;1;;;20;;20;;1;;;;
1048;13-28-R;Bisel COROLLA KE70 84 CON FRANJA BLANCA 212-1227;2;;;20;;40;;2;;;;
975;BF-CALDINA-L;Bisel DE Farol CALDINA GT ;1;;;1;;1;;;;;;
976;BF-CALDINA-R;Bisel DE Farol CALDINA GT ;1;;;1;;1;;;;;;
974;BM-JUNIOR;Bisel DE Mascara JUNIOR;1;;;1;;1;;;;;;
972;BS-IMPREZA-L;Bisel DE Stop SUBARU IMPREZA;1;;;1;;1;;;;;;
973;BS-IMPREZA-R;Bisel DE Stop SUBARU IMPREZA;1;;;1;;1;;;;;;
1051;53130-95J05-R;Bisel HIACE  Mod,85~88 Foco CUADRADO 212-1221;3;;;25;;75;;3;;;;
1050;74081-EX0100-L;Bisel SUNNY 310;1;;;1;;1;;1;;;;
11;860033;Brazo de cremallera HIDRAULICO IPSUM (Hilo fino x 1.5 ext.)16X14X1,5;4;;;33;;132;;;;;;
10;860030;Brazo de cremallera HIDRAULICO YOITOKI            UNIVERSAL  14X16 ;26;;;25;;650;;;;;;
9;860029;Brazo de cremallera TOYOTA LARGO  YOITOKI   Mecanico        14X14;6;;;36;;216;;17;;;;
1138;860096;Brazo de cremallera TOYOTA/NISSAN LARGO YOITOKI Mecanico 14X15;11;;;26;;286;;;;;;
164;BU-SURF-F-R;Buchera HILUX SURF 96 FIBRA;1;;;35;;35;;6;;;;
900;CALIPER-VAR;Caliper STI MORDAZA;6;;;350;;2100;;;;;;
174;GF-DOMINGO-L;Cantonera METALICA DE SUBARU DOMINGO ;1;;;70;;70;;;;;;
175;GF-DOMINGO-R;Cantonera METALICA DE SUBARU DOMINGO ;1;;;70;;70;;;;;;
170;C-FORESTER-97;Capota FORESTER 97;1;;;1;;1;;;;;;
169;C-CIVIC-92;Capota HONDA CIVIC EG;2;;;300;;600;;;;;;
171;C-EVO4;Capota MITSUBISHI EVOLUTION 4;1;;;1000;;1000;;;;;;
176;C-CULTUS-91;Capota SUZUKI CULTUS;1;;;300;;300;;;;;;
177;C-VITARA-97;Capota SUZUKI VITARA 97 ESCUDO ;1;;;700;;700;;;;;;
178;C-SURF-96;Capota TOYOTA HILUX SURF ;1;;;700;;700;;;;;;
1084;CAT-300;Capuchón CON TOPE DE Amortiguador;25;;;11;;275;;;;;;
1086;400402;Capuchón de cremallera HIDRAULICO CORTO MAMUT;40;;;9;;360;;38;;;;
1129;400001;Capuchón de JUNTA CE90/AE90 MAMUT;45;;;9;;405;;;;;;
1085;400002;Capuchón de JUNTA CE90/AE90 MAMUT ;23;;;7;;161;;;;;;
1087;400200;Capuchón de TRICETA Toyota AE90~CE90 MAMUT;10;;;9;;90;;;;;;
565;CHI-P-M;Chisguete DE PARCHOQUE MONTERO ;4;;;25;;100;;;;;;
1081;CP-RAV4-F;Cola DE PATO RAV 4 98 FIBRA;1;;;150;;150;;;;;;
1081;CP-RAV4;Cola DE PATO RAV 4 98 ORIGINAL ;1;;;300;;300;;1;;;;
1082;CP-FORESTER00-F;Cola DE PATO SUBARU FORESTER 2000 Fibra vidrio;1;;;150;;150;;2;;;;
1082;CP-FORESTER97;Cola DE PATO SUBARU FORESTER 97;1;;;50;;50;;1;;;;
902;CON-VAR;Consola CENTRAL;13;;;50;;650;;;;;;
1199;CON-R-VAR;Consola de Radio CARIB Café;3;;;66;;198;;;;;;
47;212-1592-L;Media luz COROLLA Mod. 95 ~ 96 AE110. SAPITO;1;;;20;;20;;20;;1;;
1132;121222;Cruceta de dirección Completa TOYOTA  AE 90  ( CARDAN ) YOI-273;7;;;40;;280;;6;;;;
1133;121219;Cruceta de dirección Completa TOYOTA TURING HIDRAULICO CORTO YOI-265;2;;;40;;80;;1;;;;
1131;121221;Cruceta de dirección Completa YOI-272 UNIVERSAL;13;;;40;;520;;12;;;;
1205;FJD005U;Disco Subaru DOMINGO;1;;;261;;261;;;;;;
908;CPU-1F;ECU SUBARU;1;;;700;;700;;1;;;;
907;CPU-4W;ECU SUBARU;2;;;700;;1400;;2;;;;
897;CPU-3S-G  ;ECU TOYOTA 3SG;;;;400;;0;;;;;;
332;21-32-R;Embellecedor CALDINA TURING ;1;;;150;;150;;1;;;;
614;1149-204-L;Embellecedor MITSUBISHI EVOLUCION LANCER1,2,3;1;;;200;;200;;1;;;;
615;1149-204-R;Embellecedor MITSUBISHI EVOLUCION LANCER 1,2,3;1;;;200;;200;;1;;;;
1110;2143-L;Embellecedor CALDINA GT;;;1;;;0;;;;;;
1111;2143-R;Embellecedor CALDINA GT;1;;;50;;50;;;;;;
1019;20-207-L;Embellecedor CORONA 88-89;1;;;70;;70;;;;;;
1020;20-207-R;Embellecedor CORONA 88-89;1;;;70;;70;;;;;;
1080;EM-FORESTER-F;Embellecedor FORESTER FIBRA;2;;;75;;150;;;;;;
196;11216-R;Espejo HONDA EG ELECTRICO 3 PINES;2;;;45;;90;;2;;;;
186;010467-L;Espejo ATRAIL CROMADO ;1;;;100;;100;;1;;;;
187;010467-R;Espejo ATRAIL CROMADO ;1;;;100;;100;;1;;;;
271;547139-L;Espejo CAMRY;1;;;75;;75;;1;;;;
181;2960-L;Espejo CHAPULIN HUEVO ;1;;;75;;75;;1;;;;
182;2960-R;Espejo CHAPULIN HUEVO ;1;;;75;;75;;1;;;;
216;3719-L;Espejo CHARIOT RVR;3;;;100;;300;;2;;1;;
274;2277-L;Espejo COROLLA 92 ELECTRICO 3 PINES;1;;;100;;100;;1;;;;
1122;222111-R;Espejo COROLLA 92 NEGRO R/L Retrovisor MAMUT Unidad CARIB SPRINTER;1;;;75;;75;;;;3;;
188;010466-L;Espejo DATAUN ATRAIL NEGRO ;2;;;75;;150;;;;2;;
204;E-PT-VAR;Espejo DE MALETERO UNIVERSAL VARIOS CON BRAZO;9;;;70;;630;;;;2;;
957;3366-R;Espejo HIACE 96;1;;;100;;100;;;;1;;
983;3367-L;Espejo HIACE 96 LOBO CHINO;1;;;100;;100;;1;;;;
202;E-HONDA-VAR;Espejo HONDA  VARIOS ;;;;75;;0;;;;;;
977;2787-L;Espejo HONDA ACCORD 96 ELECTRICO;2;;;70;;140;;1;;;;
978;2787-R;Espejo HONDA ACCORD 96 ELECTRICO;1;;;70;;70;;;;;;
191;19050-R;Espejo HONDA ACCORD ELECTRICO;1;;;75;;75;;1;;;;
192;011003-L;Espejo HONDA EG ELEVTRICO ;1;;;70;;70;;1;;;;
193;011003-R;Espejo HONDA EG ELEVTRICO 7 PINES;1;;;70;;70;;2;;;;
194;11003-L;Espejo HONDA EG MANUAL;1;;;70;;70;;1;;;;
195;11003-R;Espejo HONDA EG MANUAL;2;;;70;;140;;2;;;;
197;5259-L;Espejo HONDA EK 95 /2 PuertaS ELECTRICO 3 PINES;1;;;70;;70;;1;;;;
968;547483-L;Espejo LEVIN AE101;3;;;70;;210;;;;;;
969;547483-R;Espejo LEVIN AE101;2;;;70;;140;;;;;;
276;4219-E3-R;Espejo TOYOTA SPRINTER ELECTRICO 3 PINES ;2;;;70;;140;|;;;2;;
277;4219-R;Espejo TOYOTA SPRINTER   MANUAL ;1;;;75;;75;;;;1;;
213;3686-L;Espejo MISTUBISHI MONTERO NEGRO ;1;;;100;;100;;;;;;
214;3686-R;Espejo MISTUBISHI MONTERO NEGRO ;2;;;100;;200;;;;;;
221;MR155318-R;Espejo MITSIBISHI JUNIOR ;1;;;70;;70;;1;;;;
217;2105-L;Espejo MITSUBISH GRANDDIS CROMADO ;2;;;135;;270;;1;;1;;
218;2105-R;Espejo MITSUBISH GRANDDIS CROMADO ;2;;;135;;270;;1;;1;;
207;K317-R;Espejo MITSUBISHI EVO 9 ;2;;;70;;140;;2;;;;
208;010131-R;Espejo MITSUBISHI IO;1;;;70;;70;;1;;;;
209;02-0067-L;Espejo MITSUBISHI LANCER 92;1;;;70;;70;;1;;;;
210;02-0067-R;Espejo MITSUBISHI LANCER 92;1;;;70;;70;;1;;;;
220;5419-R;Espejo MITSUBISHI LANCER 99;1;;;70;;70;;1;Espejo MITSUBISHI GALANT 96-98;;;
211;3686-C-L;Espejo MITSUBISHI MONTERO CROMADO ELECTRICO YT7230;2;;;200;;400;;1;;;;
212;3686-C-R;Espejo MITSUBISHI MONTERO CROMADO ELECTRICO YT7230;1;;;200;;200;;0;;;;
222;0455-N-L;Espejo NISSAN AD 2002-2006 BY11 NEGRO 215-15A3;1;;;70;;70;;;;;;
223;0455-N-R;Espejo NISSAN AD 2002-2006 BY11 NEGRO 215-15A3;1;;;70;;70;;;;;;
227;3254-L;Espejo NISSAN AVENIR;1;;;70;;70;;1;Eléctrico ;;;
228;3254-R;Espejo NISSAN AVENIR;1;;;70;;70;;1;Eléctrico ;;;
229;4675-E-L;Espejo NISSAN B14 ELECTRICO;4;;;70;;280;;3;Espejo Nissan b14 corto Eléctrico 5 pines;;;
230;4675-E-R;Espejo NISSAN B14 ELECTRICO;3;;;70;;210;;3;Espejo Nissan b14 corto Eléctrico 5 pines;;;
231;4675-L;Espejo NISSAN B14 MANUAL;1;;;70;;70;;0;;;;
232;4675-R;Espejo NISSAN B14 MANUAL;1;;;70;;70;;1;;;;
238;847P-R;Espejo NISSAN BONGO;1;;;70;;70;;1;;;;
224;N36-L;Espejo NISSAN CHAPULIN;1;;;70;;70;;;;1;;
240;3965-L;Espejo NISSAN CUSTOM ;2;;;100;;200;;2;;;;
244;8289-L;Espejo NISSAN MARCH 2004;3;;;70;;210;;2;;;;
246;8289-R;Espejo NISSAN MARCH 2004 ;4;;;70;;280;;3;;;;
250;0815-L;Espejo NISSAN MARCH 87 / SKYLINE R32 /MICRA K10;1;;;70;;70;;1;Espejo SUNNY b 12 Manual ;;;
249;6067-R;Espejo NISSAN MARCH K11 ELECTRICO;1;;;70;;70;;;;1;;
248;3981-R;Espejo NISSAN MARCH K11 MANUAL;1;;;70;;70;;1;;;;
251;3530-L;Espejo NISSAN PRESSEA 97;1;;;70;;70;;1;;;;
252;0043-L;Espejo NISSAN PULSAR 95 /BLUBIRD;1;;;70;;70;;1;;;;
253;0043-R;Espejo NISSAN PULSAR 95 /BLUBIRD;4;;;70;;280;;3;;;;
255;3803-R;Espejo NISSAN SERENA ;1;;;70;;70;;1;;;;
259;4572-L;Espejo NISSAN SKYLINE R33;1;;;70;;70;;1;;;;
260;4572-R;Espejo NISSAN SKYLINE R33;1;;;70;;70;;1;;;;
984;192-L;Espejo NISSAN URBAN E23;1;;;70;;70;;;;;;
966;7426-L;Espejo PROBOX 98 BASE GRANDE;2;;;200;;400;;1;;1;;
967;7426-R;Espejo PROBOX 98 BASE GRANDE;1;;;200;;200;;0;;1;;
979;4856-L;Espejo RAV4 96;1;;;150;;150;;1;;;;
980;4856-R;Espejo RAV4 96;3;;;150;;450;;3;;;;
262;122472-U;Espejo REDONDO UNIVERSAL PEQUEÑO;2;;;25;;50;;;;;;
630;8030-L;Espejo RESTROVISOR TOYOTA HIACE 2008 BRAZO;1;;;100;;100;;1;;;;
189;5277-R;Espejo RETROVISOR HILUX SURF 99;1;;;200;;200;;;;1;;
225;3666-L;Espejo RETROVISOR NISSAN AD 90;1;;;70;;70;;1;;;;
226;3666-R;Espejo RETROVISOR NISSAN AD 90;3;;;70;;210;;2;;1;;
1109;5048-R;Espejo SUBARU DOMINGO;1;;;100;;100;;;;1;;
263;5092-L;Espejo SUBARU IMPREZA 2000;12;;;75;;900;;4;;1;;
264;5092-R;Espejo SUBARU IMPREZA 2001;14;;;70;;980;;7;;1;;
982;1644-R;Espejo TOWN ACE MOD 87 212-1568;1;;;70;;70;;1;;;;
981;3095-L;Espejo TOWN ACE MOD 87 212-1568;1;;;70;;70;;1;;;;
269;8112-L;Espejo TOYOTA CAMRY 1992;5;;;70;;350;;2;Cresta Lx80 ;1;;
270;8112-R;Espejo TOYOTA CAMRY 1992;3;;;70;;210;;2;Cresta Lx80 ;1;;
267;6219-L;Espejo TOYOTA CAMRY 88;1;;;70;;70;;1;;;;
268;6219-R;Espejo TOYOTA CAMRY 88;1;;;70;;70;;1;;;;
291;E-FX;Espejo TOYOTA COROLLA FX;1;;;70;;70;;1;E-FX-R;;;
278;4766-L;Espejo TOYOTA CORONA 93;1;;;70;;70;;1;;;;
281;3710-L;Espejo TOYOTA CORSA 90;2;;;70;;140;;2;;;;
282;48692-L;Espejo TOYOTA CORSA 96;1;;;70;;70;;1;;;;
284;4453-L;Espejo TOYOTA CROWN;4;;;70;;280;;3;;1;;
285;4453-R;Espejo TOYOTA CROWN;3;;;70;;210;;2;;1;;
294;5483-L;Espejo TOYOTA IPSUM ELÉCTRICO ;3;;;70;;210;;2;;1;;
295;5483-R;Espejo TOYOTA IPSUM ELÉCTRICO ;4;;;70;;280;;1;;1;;
292;5862-L;Espejo TOYOTA IPSUM;1;;;70;;70;;1;;;;
293;5862-R;Espejo TOYOTA IPSUM;;;;100;;0;;;;;;
299;561326-R;Espejo TOYOTA LEVIN TRUNO 90;1;;;70;;70;;;;;;
305;3009-L;Espejo TOYOTA MARCK 98;1;;;70;;70;;1;;;;
306;3009-R;Espejo TOYOTA MARCK 98;1;;;70;;70;;1;;;;
307;G-30-L;Espejo TOYOTA MARCK 98;1;;;70;;70;;1;;;;
308;G-30-R;Espejo TOYOTA MARCK 98;1;;;70;;70;;1;;;;
303;4230-L;Espejo TOYOTA MARINO;3;;;70;;210;;2;;1;;
311;5574-L;Espejo TOYOTA RAV 4 MOD 99;2;;;100;;200;;1;;1;;
312;5574-R;Espejo TOYOTA RAV 4 MOD 99;2;;;100;;200;;1;;1;;
313;5430-L;Espejo TOYOTA REFLEX;1;;;70;;70;;;;1;;
317;5480-L;Espejo TOYOTA SPACIO NEGRO ELECTRICO;3;;;200;;600;;3;;;;
321;8278-L;Espejo TOYOTA VITZ ELECTRICO;1;;;70;;70;;1;;;;
324;8278-R;Espejo TOYOTA VITZ ELECTRICO;5;;;70;;350;;5;;;;
958;B38-L;Espejo URVAN E25 CON BRAZO;4;;;100;;400;;4;;1;;
283;1621-L;Espejo CRESSIDA ;1;;;70;;70;;;;;;
243;547483-E-R;Espejo LEVIN 95 ELECTRICO ;1;;;70;;70;;;;;;
215;464-R;Espejo MITSUBISHI CHALLENGER ;1;;;70;;70;;;;1;;
236;8222-R;Espejo NISSAN BLUEBIRTH 91-95;1;;;70;;70;;1;;;;
265;5770-L;Espejo TOYOTA CALDINA GT;2;;;150;;300;;1;;1;;
266;5770-R;Espejo TOYOTA CALDINA GT;1;;;150;;150;;;;1;;
272;3352-R;Espejo TOYOTA CELICA 90;2;;;70;;140;;1;;1;;
273;4696-R;Espejo TOYOTA CELICA 98;2;;;70;;140;;2;;;;
275;3488-2-R;Espejo TOYOTA COROLLA 90 MANUAL;1;;;70;;70;;;;1;;
322;6658-L;Espejo TOYOTA VITZ MANUAL;1;;;70;;70;;1;;;;
323;6658-R;Espejo TOYOTA VITZ MANUAL;1;;;70;;70;;1;;;;
239;P38-L;Espejo CHANCHO ;1;;;70;;70;;;;;;
297;561327-L;Espejo TOYOTA LEVIN 95;1;;;70;;70;;1;;;;
184;8102-L;Espejo CEDRICK Y31/Y30   87/89;1;;;70;;70;;1;;;;
185;8102-R;Espejo CEDRICK Y31/Y30   87/89;2;;;70;;140;;2;;;;
233;0455-L;Espejo NISSAN B15 PLOMO PATA LARGA;1;;;70;;70;;1;;1;;
234;0455-R;Espejo NISSAN B15 PLOMO PATA LARGA;1;;;70;;70;;;;1;;
241;4439-L;Espejo NISSAN LARGO 97 ;1;;;70;;70;;1;;;;
242;4439-R;Espejo NISSAN LARGO 97 ;1;;;70;;70;;1;;;;
288;1739-R;Espejo TOYOTA EP71;1;;;75;;75;;;;;;
300;5589-R;Espejo TOYOTA LITE ACE CR40 97/2000;1;;;75;;75;;;;1;;
301;3369-L;Espejo TOYOTA LOBO YT7013 ELECTRICO;3;;;100;;300;;3;;;;
302;3369-R;Espejo TOYOTA LOBO YT7013 ELECTRICO;1;;;100;;100;;1;;;;
314;542833-R;Espejo TOYOTA SUPER CRAWN;2;;;70;;140;;1;;1;;
315;542834-L;Espejo TOYOTA SUPER CRAWN;1;;1;70;;70;;1;;1;;
6;860011;Estabilizador DE IPSUM L;7;;;20;;140;;;;2;;
7;860012;Estabilizador DE IPSUM R;8;;;19;;152;;4;;6;;
5;860010;Estabilizador DELANTERO DE COROOLA ;10;;;25;;250;;4;;4;;
1158;860119;Estabilizador HILUX VIGO R;2;;;27,7;;55,4;;2;;2;;
1157;860127;Estabilizador HILUX VIGO TRASERO  L;4;;;27,7;;110,8;;2;;;;
1175;860100;Estabilizador RAV4 97-2004;16;;;23;;368;;14;;2;;
1165;860018;Estabilizador XTRAIL UNIVERSAL;1;;;23;;23;;;;1;;
926;EH-SUBARU;Estuche de HERRAMIENTA SUBARU ;14;;;20;;280;;14;;;;
934;EH-TOYOTA;Estuche de HERRAMIENTA TOYOTA;8;;;15;;120;;8;;;;
869;SCOOTER-MO;Estuche MOCHILA SCOOTER;1;;;100;;100;;;;;;
337;12-148-L;Bisel Y Media luz 212-1203 F-KE 1972;1;;;100;;100;;1;;;;
352;10-32247-L;Farol -SUZUKI CULTUS 218-1106;1;;;150;;150;;;;1;;
365;F-AE86-L;Farol AE86;1;;;200;;200;;;;;;
953;214-1199-L;Farol ASX Mod. 2011~2012~2013~2014;1;;;1048;;1048;;1048;;1;;
954;214-1199-R;Farol ASX Mod. 2011~2012~2013~2014;1;;;1048;;1048;;1048;;1;;
959;100-87262-L;Farol CHARIOT GRANDIS;1;;;300;;300;;;;1;;
960;100-87262-R;Farol CHARIOT GRANDIS;1;;;300;;300;;;;1;;
963;16-45-L;Farol COROLLA 90 CON Guiñador;1;;1;25;;25;;3;;;;
962;16-45-R;Farol COROLLA 90 CON Guiñador;2;;;25;;50;;;;;;
398;20-90-R;Farol CUADRADO UNIVERSAL CON SOPORTE;1;;;20;;20;;;;;;
399;24522-R;Farol CUADRADO UNIVERSAL CON SOPORTE;1;;;20;;20;;;;;;
338;110-37615-L;Farol DELICA MITSUBISHI;1;;;200;;200;;;;1;;
339;110-37615-R;Farol DELICA MITSUBISHI;1;;;200;;200;;;;1;;
137;661-1165-L;Farol Fiat UNO Mod.2010~2011~2012~2013~2014~2015~2016~ NEGRO;1;;;557;;557;;;;1;;
138;661-1165-R;Farol Fiat UNO Mod.2010~2011~2012~2013~2014~2015~2016~ NEGRO;1;;;557;;557;;;;1;;
550;K30-1162-L;Farol FORD MUSTANG SHELBY GT500 Mod.2014~2015~2016~2017~;1;;;740;;740;;1;;;;
551;K30-1162-R;Farol FORD MUSTANG SHELBY GT500 Mod.2014~2015~2016~2017~;1;;;740;;740;;1;;;;
350;1550-L;Farol FORESTER 97;1;;;100;;100;;;;;;
354;100-59079-L;Farol GRAN VITARA 218-1135;;;;;;0;;;;;;
355;100-59079-R;Farol GRAN VITARA 218-1135;1;;;100;;100;;;;;;
115;317-1180-L;Farol HONDA CIVIC Mod. 2016~2017~2018 HATCHBACK COUPE SEDAN;1;;;1200;;1200;;;;2;;
75;217-1111 PXA-L;Farol HONDA CIVIC Mod.92 3D-4D K600 BALLADE;1;;;881;;881;;;;;;
76;217-1111 PXA-R;Farol HONDA CIVIC Mod.92 3D-4D K600 BALLADE;1;;;881;;881;;;;;;
1124;001-6557-R;Farol HONDA EF;1;;;100;;100;;;;;;
945;221-1160-2L;Farol HYUNDAI ACCENT SOLARIS Mod. 2011~2012~2014;1;;;538;;538;;;;;;
103;221-1185-L;Farol HYUNDAI i10 GRAND i10 Mod. 2013~2014~2015~2016;2;;;563;;1126;;2;;;;
104;221-1185-R;Farol HYUNDAI i10 GRAND i10 Mod. 2013~2014~2015~2016;1;;;563;;563;;0;;;;
101;221-1159-L;Farol i10 GRAND i10 Mod. 2011~2012;1;;;416;;416;;1;;1;;
102;221-1159-R;Farol i10 GRAND i10 Mod. 2011~2012;1;;;416;;416;;0;;1;;
125;333-1172-L;Farol JEEP GRAN CHEROKEE Mod. 2005~2006~2007;2;;;596;;1192;;;;1;;
126;333-1172-R;Farol JEEP GRAN CHEROKEE Mod. 2005~2006~2007;1;;;596;;596;;;;;;
121;323-1105-L;Farol KIA SPORTAGE Mod.97~98~99~2000~2001~2002;1;;;520;;520;;;;;;
122;323-1105-R;Farol KIA SPORTAGE Mod.97~98~99~2000~2001~2002;1;;;520;;520;;;;;;
123;323-1501-L;Farol KIA SPORTAGE Mod.97~98~99~2000~2001~2002;1;;;130;;130;;;;;;
124;323-1501-R;Farol KIA SPORTAGE Mod.97~98~99~2000~2001~2002;1;;;130;;130;;;;;;
61;214-1163-L;Farol LANCER Mod. 2000~2001~2002;4;;;361;;1444;;;;;;
62;214-1163-R;Farol LANCER Mod. 2000~2001~2002;4;;;361;;1444;;;;;;
57;214-1148-L;Farol LANCER Negro Mod. 98~99~2000~2001 CK5;1;;;230;;230;;1;;;;
58;214-1148-R;Farol LANCER Negro Mod. 98~99~2000~2001 CK5;1;;;230;;230;;1;;;;
388;12-296-L;Farol LEVIN 90;2;;;100;;200;;2;;;;
69;216-1175-L;Farol MAZDA PICK UP BT-50 Mod.2015~2016~2017;1;;;900;;900;;;;;;
70;216-1175-R;Farol MAZDA PICK UP BT-50 Mod.2015~2016~2017;1;;;900;;900;;;;;;
113;314-1126-L;Farol Mitsubishi ECLIPSE Mod. 2000~2001~2002;1;;;424;;424;;;;;;
114;314-1126-R;Farol Mitsubishi ECLIPSE Mod. 2000~2001~2002;1;;;424;;424;;;;;;
341;7524-R;Farol MITSUBISHI GALANT;1;;;400;;400;;;;1;;
59;214-1159-L;Farol MONTERO TIBURON 2000~2001~2002~2003~2004~2005~2006;1;;;640;;640;;0;;;;
60;214-1159-R;Farol MONTERO TIBURON 2000~2001~2002~2003~2004~2005~2006;1;;;640;;640;;1;;;;
343;1299-R;Farol NISSAN B13 215-1134 vidrio;2;;;100;;200;;2;;;;
345;1478-L;Farol NISSAN B13 215-1154 Plastico;5;;;100;;500;;3;;1;;
344;1478-R;Farol NISSAN B13 215-1154 Plastico;2;;;100;;200;;0;;1;;
347;1439-L;Farol NISSSAN CUSTUM;1;;;150;;150;;;;1;;
348;1439-R;Farol NISSSAN CUSTUM;1;;;150;;150;;;;1;;
135;553-1101-LDEM2-L;Farol Renault DUSTER  Mod.2013~2014~2015~2016~;1;;;544;;544;;;;;;
136;553-1101-LDEM2-R;Farol Renault DUSTER  Mod.2013~2014~2015~2016~;1;;;544;;544;;;;;;
133;551-11AK E2-L;Farol Renault KWID Mod.2017~2018~2019~2020;1;;;525;;525;;;;;;
134;551-11AK E2-R;Farol Renault KWID Mod.2017~2018~2019~2020;1;;;525;;525;;;;;;
382;10-66-L;Farol SRALET EP82;5;;;100;;500;;5;;;;
380;10-58-L;Farol SRALET EP82 GT 212-1152;5;;;100;;500;;3;;;;
383;10-66-R;Farol STARLET EP82;5;;;100;;500;;6;;;;
381;10-58-R;Farol STARLET EP82 GT 212-1152;4;;;100;;400;;3;;1;;
1118;2068-L;Farol SUBARU DOMINGO;1;;;175;;175;;;;1;;
1119;2068-R;Farol SUBARU DOMINGO;1;;;175;;175;;;;1;;
1123;1540-L;Farol SUBARU IMPREZA;1;;;100;;100;;;;1;;
97;220-1105-L;Farol SUBARU IMPREZA 4D~5D Mod. 97~99;1;;;410;;410;;1;;;;
98;220-1105-R;Farol SUBARU IMPREZA 4D~5D Mod. 97~99;1;;;410;;410;;0;;;;
394;52-016-L;Farol SUCCED;1;;;400;;400;;;;;;
395;52-016-R;Farol SUCCED ;1;;;400;;400;;;;;;
39;100-1120-L;Farol suelto universal p/foco cambiable H4 (tipo wagner) 2000;1;;;84;;84;;;;;;
40;100-1120-R;Farol suelto universal p/foco cambiable H4 (tipo wagner) 2000;1;;;84;;84;;;;;;
42;;;;;;;;;;;;;;
41;100-1124-L/R;Farol suelto UNIVERSAL p/foco cambiable REDONDO CRISTAL 2000 ;2;;;96;;192;;;;4;;
85;218-1136-L;Farol Suzuqui GRAND VITARA XL7 Mod.2005~2006~2007~2008;1;;;648;;648;;;;1;;
86;218-1136-R;Farol Suzuqui GRAND VITARA XL7 Mod.2005~2006~2007~2008;1;;;648;;648;;;;;;
87;218-1170-L;Farol Suzuqui SWIFT Mod.2017~2018~2019~2020 ECE.ELEC;1;;;721;;721;;;;;;
88;218-1170-R;Farol Suzuqui SWIFT Mod.2017~2018~2019~2020 ECE.ELEC;1;;;721;;721;;;;;;
368;05-31-L;Farol TOYOTA CALDINA GT;2;;;250;;500;;;;2;;
369;05-31-R;Farol TOYOTA CALDINA GT;1;;;250;;250;;;;1;;
370;12-428-L;Farol TOYOTA CARIB 96;1;;;200;;200;;;;1;;
371;12-428-R;Farol TOYOTA CARIB 96;1;;;200;;200;;;;1;;
374;20-145-L;Farol TOYOTA CORONA 212-1105;1;;;100;;100;;;;`;;
373;20-260-R;Farol TOYOTA CORONA 212-1138;2;;;100;;200;;;;;;
372;1210-R;Farol TOYOTA CORONA VERIFICAR BLUE BIRD 215-1145;1;;;100;;100;;;;;;
375;26-13-L;Farol TOYOTA CUSTOM ;0;;;300;;0;;;;;;
377;26-32-L;Farol TOYOTA CUSTOM CON Guiñador ;1;;;100;;100;;;;1;;
378;26-32-R;Farol TOYOTA CUSTOM CON Guiñador ;1;;;100;;100;;;;1;;
376;26-13-R;Farol TOYOTA CUSTOM CUADRADO;2;;;300;;600;;;;;;
358;32-22-R;Farol TOYOTA DESCONOCIDO;1;;;75;;75;;1;;;;
385;12-322-R;Farol TOYOTA FX ;1;;;100;;100;;1;;;;
400;25-72-R;Farol TOYOTA REDONDO CON SOPORTE;1;;;75;;75;;;;;;
1043;12-342-L;Farol TRUENO 97;1;;;100;;100;;1;;;;
1044;12-342-R;Farol TRUENO 97;1;;;100;;100;;1;;;;
955;441-1130-L;Farol Volkswagen GOLF IV Mod.1998~1999~2000~2001~2002;1;;;365;;365;;365;;;;
956;441-1130-R;Farol Volkswagen GOLF IV Mod.1998~1999~2000~2001~2002;1;;;365;;365;;365;;;;
1097;C-3024075;Filtro;10;;;37;;370;;8;;;;
1104;C-3024017;Filtro de AIRE 1RZ HIACE LOBO 17801-54140-C (+CHINOS);5;;;30,7;;153,5;;;;;;
1105;C-3024084;Filtro de AIRE 1RZ HIACE LOBO REGIUS COMMUTER KING LONG (+CHINOS);1;;;24,4;;24,4;;;;;;
1102;C-3024001;Filtro de AIRE 4A 4AG/AE100 5A COROLLA SPACIO LEVIN SPRINTER CARIB;6;;;18,9;;113,4;;;;;;
1101;C-3024005;Filtro de AIRE COROLLA Mod. 92 ~ 2002;1;;;18,9;;18,9;;;;;;
1103;C-3024013;Filtro de aire NISSAN URBAN E24 CARAVAN C/P/aspa;5;;;27,9;;139,5;;;;;;
1100;C-3024004;Filtro de AIRE NOAH TOWNACE TACOMA PREVIA PICKUP 4RUNNER LITEACE HILUX;3;;;18,9;;56,7;;;;;;
1099;122472;Filtro de AIRE SUZUQUI 13780-79210 EMP-265;6;;;20;;120;;;;;;
165;C-3024064;Filtro TOYOTA HILUX VIGO 2KDFTV;8;;;40,5;;324;;5;;;;
1093;CH-216010;Foco Alogeno H4 de Farol SUPER WHITE AZULADO ;2;;;9,3;;18,6;;1;;;;
1090;CH-216028;Foco CUÑA moderno de 1 contacto 12V 21W Un filamento;60;;;3,5;;210;;;;;;
1091;CH-216029;Foco CUÑA moderno de 2 contactos 12V 21/5W. #7443 T-20 Dos filamentos;20;;;3,3;;66;;;;;;
1092;CH-216036;Foco de DOBLE Contacto 12V 21/5W FP5412 Dos filamentos Universal P/Stop;60;;;0,9;;54;;;;;;
342;FRONT-AD;Frontal NISSAN AD 2004;1;;;1500;;1500;;1;;;;
356;FRONT-IGNIS;Frontal SUZUKI SWIFT IMCOMPLETO IGNIS;;;1;2500;;0;;0;;;;
367;FRONT-CALDINAGT;Frontal TOYOTA CALDINA GT ;1;;;2500;;2500;;1;;;;
349;FRONT-BOXY;Frontal TOYOTA NOHA BOXY ;1;;;2500;;2500;;1;;;;
1089;SUPERKOTTE-G;Grasa PEQUEÑA;23;;;|;;|;;;;1;;
970;GF-E24-L;Guardafango CHANCHO;2;;;100;;200;;1;;;;
971;GF-E24-R;Guardafango CHANCHO;2;;;100;;200;;1;;;;
548;GF-VITARA-L;Guardafango DE VITARA CON BUCHERA ;1;;;250;;250;;1;;;;
549;GF-VITARA-R;Guardafango DE VITARA CON BUCHERA ;1;;;250;;250;;1;;;;
481;12-285-L;Guinador COROLLA 90 212-1524;1;;;100;;100;;;;1;;
507;1688-R;Guinador FX ANTIGUO COROLLA 2;1;;;90;;90;;1;;;;
412;210-37746-R;Guinador PAJERO MONTERO 214-1531;1;;;100;;100;;;;1;;
89;218-1602-L;Guinador de Parachoque Suzuki Samurai;1;;;21;;21;;21;;;;
90;218-1602-R;Guinador de Parachoque Suzuki Samurai;1;;;21;;21;;21;;;;
407;210-37779-L;Guiñador  ECLIPSE;1;;;20;;20;;;;1;;
445;3313-R;Guiñador AD 215-1561;1;;;100;;100;;;;1;;
465;05-32-L;Guiñador CALDIN GT ;2;;;100;;200;;1;;1;;
466;05-32-R;Guiñador CALDINA GT ;1;;;100;;100;;1;;;;
470;20-317-R;Guiñador CARINA AE 91;1;;;100;;100;;;;1;;
471;20-383-L;Guiñador CARINA CRISTALIZADO ;1;;;20;;20;;;;;;
472;20-383-R;Guiñador CARINA CRISTALIZADO ;1;;;20;;20;;;;;;
488;20-262-R;Guiñador CARINA PUNTA REDONDA;;;;35;;0;;;;1;;
489;20-197-L;Guiñador CARINA PUNTA REDONDA 212-1543;;;;;;0;;2;;;;
490;20-197-R;Guiñador CARINA PUNTA REDONDA 212-1543;3;;;25;;75;;0;;1;;
487;20-262-L;Guiñador CARINA PUNTA REDONDA 212-1557;1;;;25;;25;;;;;;
473;12-372-L;Guiñador CERES ;1;;;200;;200;;;;1;;
474;12-372-R;Guiñador CERES ;1;;;200;;200;;;;1;;
405;120-87194-L;Guiñador CHALLENGER ;1;;;200;;200;;;;1;;
406;120-87194-R;Guiñador CHALLENGER ;1;;;200;;200;;;;1;;
475;16-96-L;Guiñador COROLLA 2;1;;;100;;100;;;;1;;
476;16-96-R;Guiñador COROLLA 2;1;;;100;;100;;;;1;;
477;12-197-L;Guiñador COROLLA 84 212-1611;1;;;20;;20;;1;;;;
478;12-197-R;Guiñador COROLLA 84 212-1611;1;;;20;;20;;1;;;;
484;12-412-R;Guiñador COROLLA SAPITO 212-1592;1;;;20;;20;;1;;;;
998;1469-R;Guiñador CORONA 212-1605;1;;;20;;20;;1;;;;
434;120-24580-L;Guiñador CUSTOM BLANCO 215-1575;1;;1;100;;100;;1;;;;
435;120-24580-R;Guiñador CUSTOM BLANCO 215-1575;3;;;100;;300;;;;2;;
467;20-306-L;Guiñador DE CALDINA NARANJA ;1;;;100;;100;;;;1;;
453;3336-L;Guiñador DE IMPREZA JAPONES;1;;;100;;100;;;;;;
111;312-1634PXA-L;Guiñador de Parachoque CELICA 90/93 TUNNIG;3;;;124;;372;;0;;1;;
112;312-1634PXA-R;Guiñador de Parachoque CELICA 90/93 TUNNIG;3;;;124;;372;;0;;1;;
513;26-33-L;Guiñador DE Parachoque DE HICE 212-1664;2;;;90;;180;;1;;1;;
514;26-33-R;Guiñador DE Parachoque DE HICE 212-1664;2;;;90;;180;;1;;1;;
1072;3353-L;Guiñador DE Parachoque DOMINGO;;;1;;;0;;;;;;
1073;3353-R;Guiñador DE Parachoque DOMINGO;1;;;90;;90;;;;;;
946;317-1612-PTB-VS;Guiñador de Parachoque HONDA CIVIC CRX M.90~91 SMOKE TUNNIG Par;2;;;68;;136;;0;;2;;
119;317-1603-L;Guiñador de Parachoque HONDA CIVIC Mod.88~91;2;;;30;;60;;1;;;;
120;317-1603-R;Guiñador de Parachoque HONDA CIVIC Mod.88~91;2;;;30;;60;;1;;;;
1116;3382-L;Guiñador DE Parachoque JUNIOR;1;;;250;;250;;;;;;
1117;3382-R;Guiñador DE Parachoque JUNIOR;1;;;250;;250;;;;;;
82;217-1608-R;Guiñador de Parachoque ONDA CIVIC 88/90 3D NARANJA;1;;;70;;70;;1;;;;
84;218-1135-R;Guiñador de Parachoque ONDA CIVIC 88/90 3D NARANJA;1;;;880;;880;;;;;;
99;220-1608 pxa-L;Guiñador de Parachoque SUBARU IMPREZA Mod.99~2000;2;;;160;;320;;;;;;
100;220-1608 pxa-R;Guiñador de Parachoque SUBARU IMPREZA Mod.99~2000;2;;;160;;320;;;;;;
1071;016-8319-R;Guiñador DE Parachoque TRASERO CHARIOT;1;;;100;;100;;;;1;;
1070;016-8319-L;Guiñador DE Parachoque TRASERO CHARIOT RVR;1;;;100;;100;;;;1;;
531;3568-C-L;Guiñador DE SURF BLANCO ;1;;;200;;200;;;;1;;
532;3568-C-R;Guiñador DE SURF BLANCO ;1;;;200;;200;;;;1;;
450;2165-R;Guiñador DOMINGO ;2;;;150;;300;;;;1;;
497;10-76-L;Guiñador EP 82  212-1586;10;;;20;|;200;;1;;1;;
499;10-76-R;Guiñador EP 82  212-15A0;3;;;20;;60;;3;;;;
500;10-64-L;Guiñador EP 82 212-1582;8;;;20;;160;;8;;;;
501;10-64-R;Guiñador EP 82 212-1582;7;;;20;;140;;5;;1;;
496;10-67-L;Guiñador EP 82 212-1586;10;;;20;;200;;8;;;;
498;10-67-R;Guiñador EP 82 212-15A0;2;;;20;;40;;10;;1;;
515;35-43-L;Guiñador HILUX 212-1539;1;;;70;;70;;;;;;
516;35-43-R;Guiñador HILUX 212-1539;;;1;80;;0;;;;;;
987;21-35-L;Guiñador LATERAL CALDINA GT;1;;;100;;100;;;;1;;
988;21-35-R;Guiñador LATERAL CALDINA GT;1;;;100;;100;;;;1;;
995;36401-8500-L;Guiñador LATERAL CARRY;1;;;20;;20;;;;1;;
996;36401-8500-R;Guiñador LATERAL CARRY;1;;;20;;20;;;;1;;
993;2155-L;Guiñador LATERAL FORESTER 97-2000;1;;;20;;20;;;;;;
994;2155-R;Guiñador LATERAL FORESTER 97-2000;1;;;20;;20;;;;;;
985;3162-L;Guiñador lateral RAV 4 Mod. 97 ~ 2000 212-1409;1;;;25;;25;;;;1;;
986;3162-R;Guiñador lateral RAV 4 Mod. 97 ~ 2000 212-1409;1;;;25;;25;;;;1;;
989;2175-L;Guiñador LATERAL SUBARU IMPREZA;2;;;25;;50;;;;1;;
990;2175-R;Guiñador LATERAL SUBARU IMPREZA;2;;;25;;50;;;;1;;
991;1132-215-L;Guiñador LATERLA LANCER 92;1;;;25;;25;;;;1;;
992;1132-215-R;Guiñador LATERLA LANCER 92;1;;;25;;25;;;;1;;
519;12-422-L;Guiñador LEVIN 96;1;;;100;;100;;0;;0;;
520;12-422-R;Guiñador LEVIN 96;1;;;100;;100;;0;;0;;
409;210-87233-L;Guiñador MONTERO;1;;;100;;100;;;;1;;
410;210-87233-R;Guiñador MONTERO;;;1;100;;0;;;;1;;
418;3337-L;Guiñador NISSAN ATLAS  215-1571;1;;;150;;150;;1;;;;
419;3337-R;Guiñador NISSAN ATLAS  215-1571;1;;;150;;150;;1;;;;
441;3226-L;Guiñador NISSAN CUSTOM 315-1616;1;;;100;;100;;;;;;
442;3226-R;Guiñador NISSAN CUSTOM 315-1616;1;;;100;;100;;;;;;
423;5183-L;Guiñador NISSAN SUNNY B12 NARANJA;6;;;25;;150;;5;;1;;
424;5183-R;Guiñador NISSAN SUNNY B12 NARANJA;3;;;25;;75;;2;;1;;
428;3311-L;Guiñador NISSAN SUNNY B13 215-1542;5;;;25;;125;;5;;;;
429;3311-R;Guiñador NISSAN SUNNY B13 215-1542;8;;;25;;200;;8;;;;
430;3339-L;Guiñador NISSAN SUNNY B13 215-1562;6;;1;25;;150;;6;;;;
431;3339-R;Guiñador NISSAN SUNNY B13 215-1562;6;;;25;;150;;5;;;;
446;210-63317-R;Guiñador PRIMERA;1;;;50;;50;;;;1;;
502;10-83-L;Guiñador REFLEX EP 91 212-15A1-C;1;;;50;;50;;;;;;
503;10-83-R;Guiñador REFLEX EP 91 212-15A1-C;1;;;50;;50;;;;;;
447;9206-L;Guiñador SERENA;1;;;100;;100;;;;1;;
449;2165-L;Guiñador SUBARU DOMINGO ;1;;;100;;100;;;;1;;
1196;220-1402-PXA-2-L;Guiñador Subaru FORESTER Mod. 98~2005 USA LED Negro. PAR;1;;;125;;125;;;;;;
1197;220-1402-PXA-2-R;Guiñador Subaru FORESTER Mod. 98~2005 USA LED Negro. PAR;1;;;125;;125;;;;;;
420;3200-L;Guiñador SUNNY B11 BLANCO ;1;;;50;;50;;;;0;;
421;3200-R;Guiñador SUNNY B11 BLANCO ;3;;;50;;150;;;;1;;
535;35-52-L;Guiñador SURF AMARILLO 212-1573;1;;;100;;100;;;;1;;
533;3568-Y-L;Guiñador SURFNARANJA ;1;;;200;;200;;;;1;;
534;3568-Y-R;Guiñador SURFNARANJA ;1;;;200;;200;;;;1;;
965;5127-L;Guiñador SUZUKI MARUTI 218-1503;1;;;25;;25;;1;;;;
538;28-37-R;Guiñador TONACE;1;;;25;;25;;;;1;;
439;26-34-L;Guiñador TOYOTA CUSTOM LARGO ;1;;;25;;25;;;;;;
504;12-291-R;Guiñador TOYOTA FX;1;;;100;;100;;;;1;;
521;28-74-L;Guinador LITEACE CUSTOM 212-1568-Y;1;;;100;;100;;;;1;;
479;12-324-L;Guinador COROLLA 90 212-1647;;;;100;;0;;;;;;
480;12-324-R;Guinador COROLLA 90 212-1647;1;;;20;;20;;;;;;
485;20-271-L;Guinador CORON EN PUNTA ;4;;;35;;140;;5;;;;
486;20-271-R;Guinador CORON EN PUNTA ;6;;;35;;210;;4;;1;;
546;GF-MONTERO90-L;Guardafango MONTERO 90 ;2;;;200;;400;;2;;;;
547;GF-MONTERO90-R;Guardafango MONTERO 90 ;2;;;200;;400;;2;;;;
1006;JAL-M-VAR;Jalador DE MANO VARIOS;17;;;1;;17;;;;;;
917;PPE-PA;Jalador SUBARU DE Puerta DELANTERA;1;;;100;;100;;;;;;
1185;850032;Junta 20*35*23 AE100;2;;;119;;238;;;;;;
1088;850027;Junta IPSUM COROLLA Mod 87~95 24 X56X 26 C/ABS 133221;7;;;115;;805;;;;;;
1154;123229;Junta PATHFINDER PICK UP 6 Cyl. Mod 89~97 28 X50X 27;30;;;15;;450;;;;;;
868;SCOOTER-LL;Llanta SCOOTER  VERDE ;2;;;200;;400;;;;;;
999;LP-VAR;Luz DE PLACA VARIOS NEGRO;3;;;1;;3;;;;;;
997;13-19;Luz DE RETRO HILUX SURF 92;1;;;20;;20;;;;;;
1107;PH8A;Filtro de ACEITE  3/4 X 16 PH8-TH8A.  C-3024087;24;;;12,5;;300;;;;;;
1106;PH966;Filtro de ACEITE  PH-966B 3/4 X16 PH-201A.   C-3024086;30;;;8;;240;;;;;;
588;MA-CALDINAGT;Maletera CALDINA GT ;4;;;700;;2800;;;;;;
1008;MA-CARIB98;Maletera CARIB 98;2;;;700;;1400;;0;;;;
1004;MA-EVO6;Maletera COMPLETA EVOLUCION 6;1;;;1800;;1800;;1;;;;
553;MA-CHARIOT;Maletera MITSUBISHI CHARIOT GRANDIS;1;;1;500;;500;;1;;;;
586;MA-IMPREZA;Maletera SUBARU WAGON IMPREZA;1;;;700;;700;;1;;;;
587;MA-CALDINA  ;Maletera TOYOTA CALDINA A MUELLE;2;;;700;;1400;;2;;;;
587;MA-VITARA ;Maletera Suzuki vitara A MUELLE;2;;;700;;1400;;1;;;;
579;MA-IPSUM;Maletera TOYOTA IPSUM 96 ;1;;;500;;500;;1;;;;
558;MA-CHAN;Maletera NISSAN CARAVAN CHANCHO;1;;;1400;;1400;;1;;;;
585;MA-FORESTER2000;Maletera SUBARU FORESTER 2000;2;;;2900;;5800;;2;;;;
1083;62310-70N00;Mascara A VENIR AD 96 VERIFICAR;1;;;100;;100;;;;;;
556;53111-97503;Mascara ATRAIL Blanco ;1;;;100;;100;;1;;;;
573;53111-13120;Mascara CARIB ;1;;;150;;150;;;;1;;
1058;M-CARINA-C;Mascara CARINA 85 CROMADO;2;;;100;;200;;;;1;;
1059;M-CARINA-B;Mascara CARINA 85 NEGRO;1;;;100;;100;;;;;;
572;53101-20340;Mascara CARINA 89;1;;;100;;100;;;;;;
575;53111-95J02;Mascara TOYOTA HIACE  CUSTOM 92;1;;;100;;100;;;;1;;
576;62310-VE000;Mascara CARAVAN K20  CROMADO;1;;;100;;100;;;;1;;
577;53111-95J25;Mascara CUSTOM CROMADO GUIADOR LARGO;1;;;100;;100;;;;;;
560;62310-38N10;Mascara CUSTUM CROMADO CON NEGRO 215-1575;1;;;100;;100;;1;;;;
1054;DS07050GA-U;Mascara DS07050GA SUNNY B11;1;;;100;;100;;1;;;;
1055;55101-26020;Mascara GRAN VIA 98;1;;;100;;100;;1;;;;
574;53100-95J09;Mascara HIACE CUSTOM 89 212-1221 TY07081GA;1;;;100;;100;;;;1;;
1056;TY07081GA;Mascara HIACE Mod 85/89 minibus TY07081GA TONG YANG;;;1;;;0;;;;1;;
580;53114-12060;Mascara LEVIN AE 86;1;;;100;;100;;1;;;;
581;53111-1A140;Mascara MARINO TOYOTA;1;;;100;;100;;1;;;;
555;MB645720;Mascara MITSUBISHI MONTERO NEGRO;1;;;300;;300;;1;;;;
561;63320-K74151-L;Mascara NISSAN MARCH ;1;;;125;;125;;1;;;;
562;63330-K74151-R;Mascara NISSAN MARCH ;1;;;125;;125;;1;;;;
1053;53111-88110;Mascara STOUT TY07023;1;;;100;;100;;;;1;;
567;72111-51010;Mascara SUZUKI SAMURAI ;1;;;100;;100;;1;;;;
570;53101-13011-TW;Mascara TOYOTA 212-1228 CE-96;1;;;100;;100;;1;;;;
571;53101-20200;Mascara TOYOTA CARIN A;1;;;100;;100;;1;;;;
582;10300-0310;Mascara TOYOTA ESTARLET ;1;;;100;;100;;1;;;;
578;TY-2001;Mascara TOYOTA HIACE 212-1196;1;;;100;;100;;;;;;
1057;62310-VW100;Mascara URVAN E25 215-11A5;1;;;100;;100;;1;;;;
564;DS07117GA;Mascara URVAN TYG;3;;1;100;;300;;3;;;;
1052;MASC-VAR;Mascara VARIOS;4;;;100;;400;;;;;;
566;72111-77E00;Mascara VITARA VRS AMERICANA;1;;;100;;100;;;;;;
583;53101-52060;Mascara VITZ;1;;;100;;100;;1;;;;
559;62310-38N00;Mascara CUSTOM NISSAN  CROMADO 215-1575;1;;;100;;100;;;;;;
552;M-DATSUN;Mascara DATSUN DOBLE Farol REDONDO;1;;;100;;100;;1;;;;
1202;MB-CALDINA;Mataburro Caldina 98;1;;;700;;700;;;;;;
1203;MB-MONTERO;Mataburro MONTERO 90;1;;;700;;700;;;;;;
584;PP-T10;Mataburro PLASTICO SURF ;1;;;100;;100;;1;;;;
1060;3320-L;Media luz BONGO NARANJA;1;;;200;;200;;;;1;;
1061;3320-R;Media luz BONGO NARANJA;1;;;200;;200;;;;1;;
1074;212-1611-L;Media luz c/Guiñador COROLLA Mod. 84~85~86;;;1;;;0;;32;;1;;
1075;212-1611-R;Media luz c/Guiñador COROLLA Mod. 84~85~86;;;1;;;0;;32;;1;;
45;212-1561-K-L;Media luz COROLLA Mod.92~93~94~95;8;;;25;;200;;200;;;;
46;212-1561-K-R;Media luz COROLLA Mod.92~93~94~95;15;;;25;;375;;375;;;;
49;212-15D8-K-L;Media luz COROLLA Mod.92~99;1;;;20;;20;;20;;;;
50;212-15D8-K-R;Media luz COROLLA Mod.92~99;1;;;20;;20;;20;;;;
964;32-41-L;Media luz DESCONOCIDO;1;;;1;;1;;;;;;
66;214-1515-C-R;Media luz GALANT Mod.89~90~91~92~93 E33A;2;;;77;;154;;1;;;;
63;214-1515-CY-L;Media luz GALANT Mod.89~90~91~92~93 E33A;1;;;70;;70;;;;;;
64;214-1515-CY-R;Media luz GALANT Mod.89~90~91~92~93 E33A;1;;;70;;70;;;;;;
523;26-37-L;Media luz HIACE CUSTOM 96-2000;4;;;100;;400;;3;;;;
524;26-37-R;Media luz HIACE CUSTOM 96-2000;5;;;100;;500;;5;;;;
77;217-1519-L;Media luz HONDA ACCORD Mod.90~91;1;;;35;;35;;0;;1;;
1068;045-3966-L;Media luz HONDA CIVIC 217-1520;1;;;75;;75;;1;;;;
1069;045-3966-R;Media luz HONDA CIVIC 217-1520;2;;;75;;150;;2;;;;
79;217-1522-L;Media luz HONDA CIVIC Mod.90 3D;2;;;60;;120;;2;;;;
80;217-1522-R;Media luz HONDA CIVIC Mod.90 3D;2;;;60;;120;;2;;;;
117;317-1522-L;Media luz HONDA PRELUDE Mod. 92 ~ 96;2;;;60;;120;;2;;;;
118;317-1522-R;Media luz HONDA PRELUDE Mod. 92 ~ 96;2;;;60;;120;;2;;;;
1194;214-1529-PXA-2-L;Media luz LANCER Mod. 93~94~95~96 NEGRO;1;;;126,3;;126,3;;;;;;
1195;214-1529-PXA-2-R;Media luz LANCER Mod. 93~94~95~96 NEGRO;1;;;126,3;;126,3;;;;;;
1125;P0371-L;Media luz MAZDA BONGO Mod.2000~2001~2002 VANETTE  E2000 216-1555;1;;;200;;200;;;;1;;
1126;P0371-R;Media luz MAZDA BONGO Mod.2000~2001~2002 VANETTE  E2000 216-1555;1;;;200;;200;;;;1;;
1064;18-1800-R;Media luz MITSIBISHI VERIFICAR;1;;;20;;20;;1;;;;
1063;5726-L;Media luz MITSIBISHI VERIFICAR;1;;;20;;20;;1;;;;
947;215-1552-L;Media luz Nissan BLUE BIRD Mod. 90-93(Auto);11;;;79;;869;;8;;;;
948;215-1552-R;Media luz Nissan BLUE BIRD Mod. 90-93(Auto);10;;;79;;790;;7;;;;
1065;120-63437-L;Media luz PATHFINDER REGULOS;1;;;100;;100;;;;1;;
1066;120-63437-R;Media luz PATHFINDER REGULOS;1;;;100;;100;;;;1;;
1078;3429-L;Media luz PRESEA VERIFICAR BLUE BIRD;1;;;100;;100;;;;1;;
1079;3429-R;Media luz PRESEA VERIFICAR BLUE BIRD;1;;;100;;100;;;;1;;
1077;212-63141-L;Media luz SUNNY B11;1;;;20;;20;;1;;;;
1062;212-32284-R;Media luz SUZUKI SWIF VERIFICAR;2;;;20;;40;;2;;;;
1121;28-77-R;Media luz TOWN ACE 78;1;;;25;;25;;;;;;
1120;28-77-L;Media luz TOWN ACE 78 ;1;;;25;;25;;;;;;
109;312-1521-L;Media luz Toyota 4RUNNER Mod. 96;2;;;123;;246;;;;;;
110;312-1521-R;Media luz Toyota 4RUNNER Mod. 96;1;;;123;;123;;;;;;
1076;212-1616-R;Media luz Toyota HIACE Mod.84~89;;;2;;;0;;2;;;;
44;212-1549-R;Media luz Toyota HIACE Mod.90~02;5;;;35;;175;;5;;1;;
895;28-79-L;Media luz TOYOTA LITE ACE 212-1516 MOD 82;1;;;25;;25;;;;1;;
894;28-79-R;Media luz TOYOTA LITE ACE 212-1516 MOD 82;1;;;25;;25;;;;1;;
1067;28-112-R;Media luz Toyota NOAH Mod.96~97~98 212-15H2-K;1;;;20;;20;;;;1;;
1166;860067;Muñón de dirección / Terminal YOITOKI. SE-2651;3;;;19;;57;;;;1;;
1011;MD-VARIOS;Muñon DE DIRECCION VARIOS;7;;;1;;7;;;;;;
1161;860019;Muñon de Estabilizador ilizador RUNNER YOITOKI Universal;2;;;21;;42;;;;;;
1012;MS-VARIOS;Muñon DE SUSPENCION  VARIOS;3;;;1;;3;;;;;;
1148;860057;Muñon de suspensión NOAH ~ LITEACE Superior YOITOKI Sin grasera blindado;13;;;45;;585;;;;3;;
1149;860062;Muñon de suspension VANETTE BONGO Superior 00-06;20;;;47;;940;;8;;;;
1163;860070;Muñon DIRECCION 124848;5;;;21;;105;;1;;2;;
1160;860069;Muñon DIRECCION CALDINA R;4;;;33;;132;;;;;;
1174;23521;Muñon DIRECCION COROLLA 78;1;;;1;;1;;;;1;;
26;860090;Muñon DIRECCION HIACE CHINO ROSCA 15;14;;;30;;420;;4;;10;;
4;124848;Muñon DIRECCION HIACE CUADRADO /HILUX 89;1;;;25;;25;;;;;;
1153;ALICMD-002;Muñon DIRECCION HIACE ROSCA 15;8;;;25;;200;;8;;;;
23;860071;Muñon DIRECCION LOBO ROSCA 17;2;;;25;;50;;;;2;;
27;860129;Muñon DIRECCION LUCIDA;2;;;23;;46;;1;;1;;
1167;860128;Muñon DIRECCION NISSAN LUCIDA;2;;;23;;46;;1;;;;
25;860073;Muñon DIRECCION PROBOX;6;;;32;;192;;;;6;;
1152;860142;Muñon DIRECCION SUZUKI SX4 SWIFT;8;;;21;;168;;8;;;;
8;860027;Muñon Estabilizador largo NOAH SUZUKI;3;;;22;;66;;2;;1;;
1151;860101;Muñon Estabilizador PROBOX;7;;;23;;161;;5;;;;
1139;R-KEYTON;Muñon KEYTON ;2;;;28;;56;;;;;;
1140;860143;Muñon KING LONG ;18;;;26;;468;;;;;;
1168;860121;Muñon Muñon RUNNER;2;;;25;;50;;;;2;;
1150;860144;Muñon SIRECCION KING LONG ROSCA 14;12;;;25;;300;;12;;;;
17;860043;Muñon SUSPENCIO HIACE INFERIOR;18;;;45;;810;;;;1;;
21;860060;Muñon SUSPENCION NISSAN CHANCHO;4;;;60;;240;;;;;;
20;860048;Muñon SUSPENO DEL PROBOX;6;;;25;;150;;;;;;
14;860039;Muñon SUSPENSIÓN CALDINA 97;15;;;30;;450;;3;;26;;
13;860037;Muñon SUSPENSIÓN COROLLA 90 L;11;;;30;;330;;;;;;
12;860036;Muñon SUSPENSIÓN COROLLA 90 R;16;;;30;;480;;;;;;
22;860064;Muñon SUSPENSION HIACE CUADRADO ;4;;;48;;192;;;;2;;
1156;43350-39125;Muñon SUSPENSIÓN HIALUX 92 SUPERIOR MARCA BIG;4;;;43;;172;;;;;;
1155;860047;Muñon SUSPENSIÓN INFERIOR NOAH LITE ACE;15;;;33;;495;;;;6;;
1176;43310-39016;Muñon SUSPENSIÓN LAND CRUISER;1;;;70;;70;;;;1;;
15;860041;Muñon SUSPENSIÓN MINIBUS URVAN 90 ABAJO;32;;;33;;1056;;;;2;;
16;860042;Muñon SUSPENSIÓN MINIUS NISSAN URVAN 90 ;26;;;33;;858;;;;2;;
18;860046;Muñon SUSPENSIÓN RAV 4 ;10;;;36;;360;;;;12;;
1183;43330-39245-INF;Muñon TOYOTA HILUX  STOUT INFERIOR;2;;;45;;90;;;;2;;
1184;43330-39245-SUP;Muñon TOYOTA HILUX  STOUT SUPERIOR;2;;;45;;90;;;;2;;
24;860072;MuñonES SUSPENSIÓN PROBOX ISQUIERDO;6;;;23;;138;;2;;4;;
257;8109-L;RETROVISOR NISSAN SKYLINE R32;1;;;75;;75;;1;;;;
258;8109-R;RETROVISOR NISSAN SKYLINE R32;1;;;75;;75;;1;;;;
256;N26-L;Retrovisor Nissan Silvina 513;1;;;75;;75;;1;;;;
1007;223604;Parachoque CARINA VERIFICAR;1;;;190;;190;;1;;;;
1193;52119-1E500;Parachoque COROLLA 98 SALOM;1;;;350;;350;;1;;;;
609;71711-85D30;Parachoque DEL GRAN VITARA 99 SZ04050BA;1;;;1200;;1200;;1;;;;
598;52103-89110;Parachoque DEL HILUX 93 METALICO 212-1638;1;;;400;;400;;1;;;;
599;PD-IO;Parachoque DEL MITSUBISHI IO ;1;;;700;;700;;1;;;;
596;6202238N00;Parachoque DEL NISSAN CUSTOM NA20 ( BLANCO / PLOMO);2;;;625;;1250;;2;;;;
589;62022-0M001;Parachoque DEL NISSAN SUNNY B14 ( VERDE / BLANCO );1;;;175;;175;;1;;;;
601;PD-JUNIOR;Parachoque DEL PAJERO JUNIOR ;1;;;700;;700;;1;;;;
605;PD-STARLET92;Parachoque DEL STARLET PLOMO CON Alogeno;1;;;700;;700;;1;;;;
870;SZ04011BA;Parachoque DEL SUZUKI VITARA ESCUDO ( 3 PuertaS ) TYG;1;;;189;;189;;0;;;;
591;52119-21020;Parachoque DEL TOYOTA CALDINA GT / CON Alogeno;1;;;700;;700;;1;;;;
600;T10-TS0P;Parachoque DEL TOYOTA LEVIN 96;1;;;350;;350;;1;;;;
1003;52119-16280;Parachoque DELANTERO CORSA;1;;;350;;350;;1;;;;
1108;GG119-00010;Parachoque SUBARU FORESTER DELANTERO ;1;;;1000;;1000;;1;;;;
592;PT-CALDINA;Parachoque TRAS CON SPOILER TOYOTA CALDINA GT ;2;;;350;;700;;2;;;;
604;PT-STARLET92;Parachoque TRAS EP82 GT ;2;;;350;;700;;1;;;;
606;PT-FORESTER;Parachoque TRAS FORESTER 97 ;1;;1;100;;100;;1;;;;
590;50221;Parachoque TRAS MAZDA BONGO ;2;;;350;;700;;2;;;;
597;;;;;;700;;0;;;;;;
602;PT-JUNIOR;Parachoque TRAS MITSUBISHI JUNIOR;1;;;350;;350;;1;;;;
594;PT-E25;Parachoque TRAS NISSAN CARAVAN K20  CHANCHO;1;;;350;;350;;1;;;;
595;PT-AE91;Parachoque TRAS TOYOTA COROLLA 90 SEDAN ;1;;;400;;400;;1;;;;
603;PT-EVO6-F;Parachoque TRASERO EVO 6 FIBRA;1;;;800;;800;;1;;;;
1005;PT-FORESTER2000;Parachoque TRASERO FORESTER 2000;1;;;1000;;1000;;1;;;;
1002;PT-SURF96;Parachoque TRASERO SURF 96 3 PIEZAS;1;;;700;;700;;1;;;;
607;PD-SURF96;Parachoque DEL SURF HILUX METALICO 96 TY40165;1;;;700;;700;;1;;;;
608;PD-ESCUDO;Parachoque DEL SUZUKI VITARA ESCUDO FIBRA;1;;;700;;700;;1;;;;
167;C-3072014;Pastilla DE FRENO NAKHATAM SUABRU STI;7;;;60;;420;;;;;;
166;C-3072001;Pastilla DE SUBARU FRENO ;9;;;47,9;;431,1;;;;;;
1159;860024;Perno barra estabilizador Turinng Mod. 97~98~99~  Largo  TERRANO;6;;;23;;138;;4;;2;;
1094;C-3024086;Filtro de ACEITE  15601-33020 -TH2825 - PH2825;21;;;8,5;;178,5;;;;;;
922;PIS-VAR;PISADERA DE SUBARU FORESTER VARIOS;2;;;200;;400;;2;;;;
1015;75831-20320;Porta placa  CELICA 90-93;1;;;200;;200;;1;;;;
611;MR-275638;Porta placa CHARIOT GRANDIS;1;;;200;;200;;1;;;;
613;76801-35030;Porta placa DE Maletera SURF;1;;;250;;250;;1;;;;
1204;FJC506;Prensa Subaru DOMINGO;1;;;350;;350;;1;;;;
620;PU-FORESTER-D-R;Puerta SUBARU FORESTER ( Delantero Derecho );1;;;100;;100;;1;;;;
621;PU-FORESTER-T-L;Puerta SUBARU FORESTER ( Trasero Isquierdo );1;;;100;;100;;0;;;;
622;PU-FORESTER-T-R;Puerta SUBARU FORESTER ( Trasero Derecho );1;;;100;;100;;1;;;;
616;PU-EVO6-D-L;Puerta MITSUBISHI LANCER EVOLUTION 6 ( Delantero Isquierdo );1;;;600;;600;;1;;;;
617;PU-EVO6-D-R;Puerta MITSUBISHI LANCER EVOLUTION 6 ( Delantero Derecho );1;;;600;;600;;1;;;;
618;PU-EVO6-T-L;Puerta MITSUBISHI LANCER EVOLUTION 6 ( Trasero Isquierdo );1;;;600;;600;;1;;;;
619;PU-EVO6-T-R;Puerta MITSUBISHI LANCER EVOLUTION 6 ( Trasero Derecho );1;;;600;;600;;1;;;;
623;PU-GVITARA-D-L;Puerta SUZUKU GRAN VITARA 99 JUEGO DE ( Delantero Isquierdo );1;;;600;;600;;1;;;;
624;PU-GVITARA-D-R;Puerta SUZUKU GRAN VITARA 99 JUEGO DE ( Delantero Derecho );1;;;600;;600;;1;;;;
625;PU-GVITARA-T-L;Puerta SUZUKU GRAN VITARA 99 JUEGO DE ( Trasero Isquierdo );1;;;600;;600;;1;;;;
626;PU-GVITARA-T-R;Puerta SUZUKU GRAN VITARA 99 JUEGO DE ( Trasero Derecho );1;;;600;;600;;1;;;;
627;PU-IPSUM-D-L;Puerta TOYOTA IPSUM ( Delantero Isquierdo );1;;;400;;400;;1;;;;
1189;870005-G;Amortiguador TRASERO CALDINA 4X4 TURING ®;1;;;125;;125;;;;;;
1190;870006-G;Amortiguador TRASERO CALDINA 4X4 TURING L{;1;;;125;;125;;;;;;
632;RAD-JUNIOR;Radiador MITSUBISHI JUNIOR;1;;;100;;100;;1;;;;
1177;21410-VW300;Radiador NISSAN URVAN 01-06 E25;2;;;500;;1000;;1;;1;;
635;RAD-CALDINAGT;Radiador TOYOTA GT CALDINA;1;;;100;;100;;1;;;;
949;333-1425-R;Guiñador JEEP RENEGADE Mod. 2015~2016~2017~2018~2019~2020~ F/SML;1;;;1;;1;;;;2;;
1127;5646-L;Espejo  COROLLA AE 100 6 PINES;1;;;100;;100;;;;1;;
1128;5646-R;Espejo  COROLLA AE 100 6 PINES;1;;;100;;100;;;;1;;
1095;6207C3;RODAMIENTO Motor F12;2;;;75;;150;;;;;;
1096;PJ18;RODAMIENTO SUBARU;2;;;75;;150;;;;;;
710;47-59-R;Stop BLUBIRT 96 ;1;;;100;;100;;2;;;;
780;20-199-L;Stop CORONA 90 ;3;;;100;;300;;2;;;;
781;20-199-R;Stop CORONA 90 ;2;;;100;;200;;1;;;;
786;20-179-L;Stop CORONA 90 2 COLORES;3;;;100;;300;;3;;1;;
787;20-179-R;Stop CORONA 90 2 COLORES;5;;;100;;500;;5;;1;;
782;20-139-L;Stop CORONA 90 3 COLORES;2;;;100;;200;;1;;1;;
783;20-139-R;Stop CORONA 90 3 COLORES;3;;;100;;300;;2;;1;;
726;220-63436-R;Stop NISSAN PHATFINDER ;1;;;250;;250;;1;;;;
866;SCOOTER;SCOOTER;9;;;3500;;31500;;;;;;
867;SCOOTER-CA;SCOOTER CASCO;2;;;500;;1000;;;;;;
329;E-VAR-L;Espejo VARIOS ( Isquierdo );14;;;25;;350;;6;;;;
330;E-VAR-R;Espejo VARIOS ( Derecho );10;;;25;;250;;7;;;;
686;220-24765-L;Stop AD 2006 215-194305;1;;;70;;70;;;;1;;
1026;4287-L;Stop ATLAS 215-1915;1;;;100;;100;;1;;;;
1027;4287-R;Stop ATLAS 215-1915;1;;;100;;100;;1;;;;
638;220-51616-L;Stop ATRAIL ;1;;;100;;100;;1;;;;
639;220-51616-R;Stop ATRAIL ;1;;;100;;100;;0;;;;
691;4294-L;Stop B11 CORTO;1;;;75;;75;;;;1;;
703;1059-L;Stop B14 NISSAN ;2;;;75;;150;;1;;;;
704;1059-R;Stop B14 NISSAN ;4;;;75;;300;;3;;;;
660;220-61871-R;Stop BONGO ;1;;;100;;100;;1;;1;;
749;J21-L;Stop BOXY ;1;;;200;;200;;;;1;;
750;J21-R;Stop BOXY ;1;;;200;;200;;;;1;;
752;7352-R;Stop CALDINA A MUELLE ;1;;;100;;100;;;;;;
756;1231-L;Stop CALDINA GT;3;;;100;;300;;3;;;;
757;1231-R;Stop CALDINA GT;1;;;100;;100;;0;;1;;
753;7409-L;Stop CALDINA TURING;1;;;100;;100;;1;;;;
754;7409-R;Stop CALDINA TURING;1;;;100;;100;;1;;;;
758;7157-L;Stop CARIB 80 ;1;;;100;;100;;1;;;;
760;12-263-L;Stop CARIB 90 ;3;;;100;;300;;;;1;;
761;12-263-R;Stop CARIB 90 ;2;;;100;;200;;;;1;;
766;13-55-L;Stop CARIB BZ;1;;;200;;200;;;;1;;
767;13-55-R;Stop CARIB BZ;1;;;200;;200;;;;1;;
768;20-274-L;Stop CARINA;6;;;70;;420;;5;;;;
769;20-274-R;Stop CARINA;4;;1;70;;280;;4;;;;
764;53-07901-L;Stop CARINA92;3;;;70;;210;;2;;1;;
765;53-07901-R;Stop CARINA92;1;;;70;;70;;0;;1;;
773;33-09303-R;Stop CELICA 90;1;;;250;;250;;;;;;
776;20-334-L;Stop CELICA 99;1;;;100;;100;;1;;0;;
777;20-334-R;Stop CELICA 99;2;;;100;;200;;0;;1;;
711;4022-L;Stop CHANCHO CARAVAN ;1;;;200;;200;;0;;1;;
712;4022-R;Stop CHANCHO CARAVAN ;2;;;200;;400;;1;;1;;
1030;043-1566-L;Stop COLT MITSUBISHI;1;;;70;;70;;;;;;
1031;043-1566-R;Stop COLT MITSUBISHI;1;;;70;;70;;;;;;
794;16-115-L;Stop COROLLA 2 ;2;;;100;;200;;2;;1;;
795;16-115-R;Stop COROLLA 2 ;2;;;100;;200;;1;;;;
790;12-104-L;Stop COROLLA 78;1;;;70;;70;;1;;;;
784;12-173-R;Stop COROLLA 83 212-1915;1;;;70;;70;;;;1;;
785;13-29-R;Stop COROLLA 89;1;;;70;;70;;1;;;;
799;12-327-R;Stop COROLLA 90 212-1954;1;;;70;;70;;1;;;;
788;33-09307-L;Stop COROLLA 92 212-1967;1;;;70;;70;;0;;1;;
789;33-09307-R;Stop COROLLA 92 212-1967;1;;;70;;70;;1;;0;;
1032;12-127-L;Stop COROLLA KE70;;;1;;;0;;1;;;;
1033;12-127-R;Stop COROLLA KE70;1;;;70;;70;;1;;;;
1034;12-150-L;Stop COROLLA KE75 212-1913;1;;;70;;70;;1;;;;
1037;212-1967-R;Stop COROLLA Mod. 92-94 Auto;1;;;70;;70;;70;;1;;
1022;16-98-L;Stop COROLLA2;1;;;100;;100;;1;;;;
1023;16-98-R;Stop COROLLA2;1;;;100;;100;;1;;;;
778;10-120-L;Stop CORONA 1 COLOR ;1;;;100;;100;;;;;;
1017;33-1105-L;Stop CORONA 99 rojo y blanco ;2;;;70;;140;;1;;;;
1018;33-1105-R;Stop CORONA 99;4;;;70;;280;;3;;;;
806;53-12003-L;Stop CORSA;1;;;70;;70;;1;;;;
807;53-12003-R;Stop CORSA;1;;;70;;70;;1;;;;
640;220-51328-R;Stop DAIHATSU 95;1;;;100;;100;;1;;;;
707;4188-L;Stop DATSUN B310 1979;1;;;70;;70;;1;;;;
708;4188-R;Stop DATSUN B310 1979;;;;;;0;;0;;;;
705;7110-L;Stop DATSUN B310 1979;2;;2;70;;140;;3;;;;
706;7110-R;Stop DATSUN B310 1979;2;;1;70;;140;;2;;;;
743;1053-L;Stop DE LEGACY;3;;;100;;300;;3;;;;
743;1053-R;Stop DE LEGACY;1;;;100;;100;;1;;;;
127;334-1906-L;Stop DODGE RAM 1500 2500 PICK UP Mod.2002~2003~2004~2005~2006;1;;;440;;440;;440;;1;;
128;334-1906-R;Stop DODGE RAM 1500 2500 PICK UP Mod.2002~2003~2004~2005~2006;1;;;440;;440;;440;;1;;
107;231-1955-L;Stop Ford RANGER Mod. 2008~2009~2010~2011;1;;;392;;392;;392;;1;;
739;220-20697-L;Stop FORESTER2000;1;;;250;;250;;1;;;;
740;220-20697-R;Stop FORESTER2000;1;;;250;;250;;2;;;;
818;795-R;Stop FX;1;;;70;;70;;2;;;;
1039;26-55-L;Stop GRAND VIA 212-19B3;1;;;100;;100;;;;;;
1040;26-55-R;Stop GRAND VIA 212-19B3;1;;;100;;100;;;;;;
824;26-15-L;Stop HIACE CUADRADO ;1;;;70;;70;;1;;;;
54;212-1916-R;Stop HIACE Mod 84/87 ;3;;1;25;;75;;3;;;;
828;33-07803-L;Stop HILUX SUF 96;1;;;200;;200;;;;;;
829;33-07803-R;Stop HILUX SUF 96;2;;;100;;200;;1;;;;
643;1167-L;Stop HONDA CRV;1;;;100;;100;;;;1;;
644;1167-R;Stop HONDA CRV;1;;;100;;100;;;;1;;
645;MB952979-L;STOP MITSUBISHI CARISMA 97-99;1;;;100;;100;;1;;;;
646;MB952979-R;STOP MITSUBISHI CARISMA 97-99;1;;;100;;100;;1;;;;
647;01405-L;Stop HONDA EG;3;;;100;;300;;3;;;;
648;01405-R;Stop HONDA EG;2;;;100;;200;;2;;;;
651;043-1262-L;Stop HONDA EK;1;;;100;;100;;0;;;;
652;043-1262-R;Stop HONDA EK;2;;;100;;200;;1;;;;
1024;043-1212-L;Stop HONDA VARIOS;1;;;70;;70;;1;;;;
1025;043-1212-R;Stop HONDA VARIOS;1;;;70;;70;;1;;;;
741;220-20553-L;Stop IMPREZA;1;;;300;;300;;2;;;;
742;220-20553-R;Stop IMPREZA;1;;;300;;300;;2;;;;
654;220-22185-R;Stop INTEGRA HONDA;1;;;100;;100;;1;;;;
653;220-22220-L;Stop INTEGRA HONDA;1;;;100;;100;;1;;;;
1036;1311-L;Stop IO;1;;;100;;100;;;;1;;
1035;1311-R;Stop IO;2;;;50;;100;;;;1;;
1113;44-5-R;Stop IPSUM;1;;;100;;100;;;;1;;
51;212-1904-L;Stop LAND CRUISSER DINA Mod.74~81 UNIVERSAL;1;;;32;;32;;32;;;;
52;212-1904-R;Stop LAND CRUISSER DINA Mod.74~81 UNIVERSAL;1;;;32;;32;;32;;;;
834;12-426-L;Stop LEVIN AE 92;1;;;100;;100;;;;;;
830;7337-L;Stop LEVIN TOYOTA LEVIN 90;7;;;100;;700;;7;;;;
831;7337-R;Stop LEVIN TOYOTA LEVIN 90;3;;;100;;300;;3;;1;;
832;7370-L;Stop LEVN 92;4;;;100;;400;;4;;;;
833;7370-R;Stop LEVN 92;3;;;100;;300;;3;;;;
838;28-97-L;Stop LITE ACE  212-1983;1;;;100;;100;;1;;;;
839;28-97-R;Stop LITE ACE 212-1983;1;;;100;;100;;1;;;;
840;4886-L;Stop MARCH  ;1;;;100;;100;;1;;;;
841;4886-R;Stop MARCH  ;1;;;100;;100;;1;;;;
71;216-1992-L;Stop Mazda BT-50 Mod.2012~2014 Pick Up Camioneta;1;;;326;;326;;;;;;
72;216-1992-R;Stop Mazda BT-50 Mod.2012~2014 Pick Up Camioneta;1;;;326;;326;;;;;;
73;216-19AG-L;Stop MAZDA BT-50 Mod.2015~2016~2017~2018~2019~2020;2;;;610;;1220;;;;;;
74;216-19AG-R;Stop MAZDA BT-50 Mod.2015~2016~2017~2018~2019~2020;2;;;610;;1220;;;;1;;
679;31-11301-L;Stop MITSUBISHI CHARIOT GRANDIS;1;;;200;;200;;;;1;;
680;31-11301-R;Stop MITSUBISHI CHARIOT GRANDIS;1;;;200;;200;;;;1;;
661;043-8557-L;Stop MITSUBISHI COULT 3 1989;1;;;100;;100;;;;;;
662;043-8557-R;Stop MITSUBISHI COULT 3 1989;1;;;100;;100;;;;;;
681;043-1593-L;Stop MITSUBISHI GALANT ;1;;;100;;100;;1;;;;
668;1121-R;Stop MITSUBISHI JUNIOR;2;;;200;;400;;1;;;;
1112;214-1941-L;Stop Mitsubishi LANCER Mod. 92~93~94~95~96 LIBERO;1;;;164;;164;;;;1;;
663;220-37508-L;Stop MITSUBSHI DELICA;1;;;100;;100;;1;;1;;
664;220-37508-R;Stop MITSUBSHI DELICA;1;;;100;;100;;1;;1;;
1114;043-6772-L;Stop MONTERO 214-1922;1;;;70;;70;;;;;;
1115;043-6772-R;Stop MONTERO 214-1922;1;;;70;;70;;;;;;
723;220-24522-L;Stop NA 20 URVAN 215-1942;2;;;100;;200;;1;;;;
724;220-24522-R;Stop NA 20 URVAN 215-1942;2;;1;100;;200;;2;;;;
1046;7309-R;Stop NISSAN AD WAGON ;1;;;70;;70;;;;1;;
687;220-24555-L;Stop NISSAN AD Y10;10;;;70;;700;;9;;;;
688;220-24555-R;Stop NISSAN AD Y10;7;;;70;;490;;6;;;;
695;4339-R;Stop NISSAN B11 LARGO;1;;;70;;70;;0;;1;;
715;33-10505-L;Stop NISSAN CUSTOM E 24;3;;;100;;300;;2;;1;;
716;33-10505-R;Stop NISSAN CUSTOM E 24;3;;;100;;300;;2;;1;;
721;7327-L;Stop NISSAN MARCH 97 a rayas ;1;;;100;;100;;;;1;;
722;7327-R;Stop NISSAN MARCH 97 a rayas ;1;;;100;;100;;;;1;;
1028;7379-L;Stop NISSAN PULSAR ;2;;;70;;140;;2;;;;
1029;7379-R;Stop NISSAN PULSAR ;2;;;70;;140;;2;;;;
729;220-52458-L;Stop NISSAN SERENA;3;;;70;;210;;1;;1;;
730;220-52458-R;Stop NISSAN SERENA;3;;;70;;210;;1;;1;;
697;4363-L;Stop NISSAN SUNNY B12;2;;2;70;;140;;2;;;;
698;4363-R;Stop NISSAN SUNNY B12;6;;1;70;;420;;7;;;;
699;7344-L;Stop NISSAN SUNNY B13 DOBLE LINEA 215-1991;7;;4;70;;490;;10;;1;;
700;7344-R;Stop NISSAN SUNNY B13 DOBLE LINEA 215-1991;11;;3;70;;770;;13;;1;;
950;215-1942-R;Stop Nissan URVAN Mod.90~ E24 Minibus E2;1;;;79;;79;;1;;;;
655;043-1150-L;Stop PRELUDE ;;;;;;0;;0;;;;
656;043-1150-R;Stop PRELUDE ;1;;;100;;100;;1;;;;
727;7307-L;Stop PRESSEA ;1;;;70;;70;;1;;;;
728;7307-R;Stop PRESSEA ;2;;;70;;140;;1;;1;;
1021;10-85-R;Stop REFLEX;1;;;70;;70;;1;;;;
943;551-19A2-R;Stop Renault SANDERO STEPWAY Mod. 2012~2013~2014~2015;1;;;600;;600;;;;;;
677;043-1536-L;Stop RVR 92 ;1;;;100;;100;;;;;;
678;043-1536-R;Stop RVR 92 ;1;;;100;;100;;;;;;
673;043-1550-L;Stop RVR BI COLOR;1;;;70;;70;;1;;;;
674;043-1550-R;Stop RVR BI COLOR;2;;;70;;140;;2;;;;
817;33-1300-R;Stop SOLEI EP82;28;;;70;;1960;;28;;1;;
816;33-1300-L;Stop SOLEI EP82 ;29;;;70;;2030;;27;;1;;
1038;12-353-R;Stop SPRINTER 93;1;;;70;;70;;;;1;;
819;1079-L;Stop STARLET;6;;;70;;420;;5;;;;
820;1079-R;Stop STARLET;8;;;70;;560;;8;;;;
821;53-07601-L;Stop STARLET EP82;2;;;70;;140;;2;;;;
822;53-07601-R;Stop STARLET EP82;;;;;;0;;0;;;;
823;220-75539-R;Stop STARLET EP82 TURBO;1;;;70;;70;;1;;;;
737;4340-L;Stop SUABU DOMINGO;1;;;150;;150;;1;;;;
738;4340-R;Stop SUABU DOMINGO;1;;;150;;150;;1;;;;
735;220-20597-L;Stop SUBARU 97;1;;;140;;140;;1;;;;
736;220-20597-R;Stop SUBARU 97;1;;;140;;140;;1;;;;
1041;2074-L;Stop SUBARU DOMINGO;1;;;350;;350;;;;1;;
1042;2074-R;Stop SUBARU DOMINGO;2;;;350;;700;;;;2;;
1047;220-20491-R;Stop SUBARU LEGACY 92 VERIFICAR MOD;1;;;100;;100;;1;;;;
701;836-L;Stop SUNNY B13 215-1967;3;;2;70;;210;;2;;;;
702;836-R;Stop SUNNY B13 215-1967;5;;14;70;;350;;16;;;;
92;218-1905-R;Stop Suzuki SAMURAI;1;;;52;;52;;;;;;
944;218-1974-R;Stop Suzuqui ERTIGA Mod. 2011 2012~2013~2014;1;;;315;;315;;;;1;;
93;218-1949-L;Stop Suzuqui GRAN VITARA Mod.2005 Cristal 2;1;;;422;;422;;;;;;
94;218-1949-R;Stop Suzuqui GRAN VITARA Mod.2005 Cristal 2;1;;;422;;422;;;;;;
951;312-19C2-L;Stop Toyota 4RUNNER Mod. 2013~2014~2015~2016~2017. LED;1;;;1089;;1089;;0;;;;
952;312-19C2-R;Stop Toyota 4RUNNER Mod. 2013~2014~2015~2016~2017. LED;2;;;1089;;2178;;1;;;;
762;20-222-L;Stop TOYOTA CARINA 91;5;;;70;;350;;6;;;;
763;20-222-R;Stop TOYOTA CARINA 91;4;;;70;;280;;4;;;;
793;12-259-R;Stop TOYOTA COROLLA 212-1935-1;1;;;70;;70;;;;1;;
803;20-161-R;Stop TOYOTA CORONA con retro;4;;;70;;280;;2;;1;;
836;33-09803-L;Stop TOYOTA LEVIN ;1;;;100;;100;;;;1;;
837;33-09803-R;Stop TOYOTA LEVIN ;1;;;100;;100;;;;1;;
1045;33-13003-R;Stop TOYOTA SINOS VERIFICAR;1;;;70;;70;;1;;;;
846;212-19Y002-U-L;Stop TOYOTA SUCCED 212-19Y002;1;;;200;;200;;;;1;;
847;212-19Y002-U-R;Stop TOYOTA SUCCED 212-19Y002;1;;;200;;200;;;;1;;
848;33-12103-L;Stop TOYOTA TERCEL;1;;;70;;70;;;;;;
849;33-12103-R;Stop TOYOTA TERCEL;1;;;70;;70;;;;;;
860;32-128-L;Stop TOYOTA WINDOWN;1;;;70;;70;;1;;;;
861;32-128-R;Stop TOYOTA WINDOWN;1;;;70;;70;;1;;;;
853;12-319-R;Stop TRUENO 90 ;1;;;100;;100;;1;;;;
851;12-301-R;Stop TRUENO 90  AE92;1;;;100;;100;;1;;;;
854;220-76610-L;Stop TRUENO 96;;;;;;0;;;;0;;
855;220-76610-R;Stop TRUENO 96;1;;;100;;100;;;;1;;
1016;7324-L;Stop VERIFICAR;1;;;1;;1;;1;;;;
746;220-32224-R;Stop VIATARA ESCUDO;2;;;70;;140;;1;;;;
745;220-32224-L;Stop VITARA ESCUDO ;2;;;70;;140;;1;;;;
95;218-1983-L;Stop VITARA Mod. 2015~2016~2017;1;;;392;;392;;;;1;;
96;218-1983-R;Stop VITARA Mod. 2015~2016~2017;1;;;392;;392;;;;1;;
865;52-049-R;Stop VITZ;1;;;70;;70;;;;1;;
131;441-19C5-L;Stop Volkswagen SAVEIRO Mod. 2010~2011~2013~2014~2015;2;;;257;;514;;1;;1;;
132;441-19C5-R;Stop Volkswagen SAVEIRO Mod. 2010~2011~2013~2014~2015;1;;;257;;257;;0;;1;;
670;043-1563-L;Stop-LANCER 92 214-1942;1;;;100;;100;;1;;;;
1198;DF12001;Tacometro;1;;;350;;350;;;;;;
928;TT-FORESTER-F;Tapa de TABLERO FORESTER 97-2000 FIBRA;5;;;70;;350;;;;1;;
1000;SB11013A-L;Tapabarro FORESTER Mod. 98~99~2000~2001~2002;1;;;1000;;1000;;;;;;
1001;SB11013A-R;Tapabarro FORESTER Mod. 98~99~2000~2001~2002;1;;;1000;;1000;;;;;;
289;3494-L;TOYOTA EP82;1;;;70;;70;;;;1;;
290;3485-R;TOYOTA ;1;;;70;;70;;1;Starlet solei 91;;;
935;TD-04;TURBO TD04;1;;;300;;300;;1;;;;
247;4280-L;VARIOS VERIFICAR;1;;;1;;1;;;;;;
936;197001;Velocimetro SUBARU forester;1;;;100;;100;;;;;;
938;22002;Velocimetro SUBARU impreza;1;;;100;;100;;;;;;
937;257500-3532;Velocimetro SUBARU lite ace;1;;;100;;100;;;;;;
889;20-93-R;Bisel CORONA CON Media luz 212-1535;1;;;20;;20;;1;;;;
883;53130-95J08-R;Bisel CUSTOM 90 CROMADO;1;;;50;;50;;;;1;;
882;53130-95J07-L;Bisel CUSTOM 90 PLOMO;1;;;50;;50;;;;1;;
878;74071-60R00-L;Bisel NISSAN AD ;6;;;50;;300;;4;;;;
879;74071-60R00-R;Bisel NISSAN AD ;5;;;50;;250;;4;;1;;
884;62411-L;Bisel NISSAN URVAN;1;;;75;;75;;1;;;;
;;;;;;;;273275,9;;5999;;;;
;;;;;;;;;;;;;;
;;;;;;;;;;;;;;
;;;;;;;;;;;;;;
;3686-N-L;Espejo MITSUBISHI Montero Negro ELECTRICO ;;;;;;;;;;1;;
;3686-N-R;Espejo MITSUBISHI Montero Negro ELECTRICO ;;;;;;;;1;;1;;
;VZV-32-L;Espejo Toyota Camry 92 ;;;;;;;;1;;1;;
;;;;;;;;;;;;;;
;G-35-L;Espejo Toyota Varios;;;;;;;;1;;;;
;G-35-R;Espejo Toyota Varios;;;;;;;;1;;;;
;1517-L;Espejo Honda varios ;;;;;;;;1;;;;
;5483-2-R;Espejo Toyota Ipsum ;;;;;;;;2;;;;
;1569-L;Espejo Toyota Mark 2 ;;;;;;;;2;;;;
;561327-R;Espejo Toyota Levin 92 ;;;;;;;;1;;;;
;2200-L;Espejo Honda Prelude 87-92 ;;;;;;;;1;;;;
;2200-R;Espejo Honda Prelude 87-92 ;;;;;;;;1;;;;
;4675-2-L;Espejo Nissan b14 Largo Eléctrico 3 pines  ;;;;;;;;1;;;;
;4675-2-R;Espejo Nissan b14 Largo Eléctrico 3 pines  ;;;;;;;;1;;;;
;8247-R;Espejo Nissan Pulsar eléctrico 3 pines ;;;;;;;;1;;;;
;5069-L;Espejo Subaru Impreza ;;;;;;;;3;;;;
;5069-R;Espejo Subaru Impreza ;;;;;;;;4;;;;
;EH-MITSUBISHI ;Estuché de herramientas Mitsubishi Negro  ;;;;;;;;1;;;;
;EH-DAIHATSU ;Estuché de herramientas DAIHATSU azul  ;;;;;;;;1;;;;
;B38-C-L;Espejo Nissan e25 brazo cromado ;;;;;;;;1;;;;
;BU-SURF-F-L;Buchera de fibra Hilux Surf ;;;;;;;;4;;1;;
;220-75539-L;Stop STARLET EP82 TURBO;;;;;;;;1;;;;
;7362-L;STOP TOYOTA CALDINA A MUELLE ROJO BLANCO ;;;;;;;;1;;;;
;7362-R;STOP TOYOTA CALDINA A MUELLE ROJO BLANCO ;;;;;;;;1;;;;
;20-120-R;STOP TOYOTA CORONA 1983 (rojo / Naranja);;;;;;;;1;;;;
;7157-R;Stop CARIB 80 ;;;;;;;;2;;;;
;TD-30-L;EMBELLECEDOR DE MALETERO MITSUBISHI LANCER EVO 6;;;;;;;;1;;;;
;TD-30-R;EMBELLECEDOR DE MALETERO MITSUBISHI LANCER EVO 6;;;;;;;;1;;;;
;1159-R;Farol Toyota Varios ;;;;;;;;1;;;;
;212-1166-L;Farol Toyota. rav 4 97;;;;;;;;1;;;;
;212-1166-R;Farol Toyota. rav 4 97;;;;;;;;1;;;;
;47-59-L;Stop BLUBIRT 96 ;;;;;;;;1;;;;
;13-38-L;FAROL TOYOTASPACIO ;;;;;;;;1;;;;
;13-38-R;Farol Toyota  Spacio;;;;;;;;2;;;;
;215-1129-L;;;;;;;;;1;;;;
;215-1129-R;;;;;;;;;1;;;;
;212-1112-TYC-L;Farol Toyota  COROLLA 90 CRISTALIZADO;;;;;;;;1;;;;
;212-1112-TYC-R;Farol Toyota  COROLLA 90 CRISTALIZADO;;;;;;;;1;;;;
;212-1112-L;;;;;;;;;1;;;;
;212-1112-R;;;;;;;;;2;;;;
;1602-L;FAROL NISSAN SUNNY 2005;;;;;;;;1;;;;
;1602-R;FAROL NISSAN SUNNY 2005;;;;;;;;1;;;;
;001-6840-L;FAROL MAZDA BONGO SGL5 95;;;;;;;;1;;;;
;001-6840-R;FAROL MAZDA BONGO SGL5 95;;;;;;;;1;;;;
;214-1203-R;BICEL MITSUBISHI MONTERO 90 ;;;;;;;;1;;;;
;214-1128-L;;;;;;;;;2;;;;
;214-1128-R;;;;;;;;;2;;;;
;4413-L;FAROL TOYOTA GAIA;;;;;;;;1;;;;
;4413-R;FAROL TOYOTA GAIA;;;;;;;;1;;;;
;2650-L;FAROL TOYOTA GRANVIA ;;;;;;;;1;;;;
;2650-R;FAROL TOYOTA GRANVIA ;;;;;;;;1;;;;
;P0286-L;;;;;;;;;1;;;;
;P0286-R;;;;;;;;;1;;;;
;212-1105-L;;;;;;;;;1;;;;
;212-1105-R;;;;;;;;;1;;;;
;CP-DOMINGO ;COLA DE PATO SUBARU DOMINGO ;;;;;;;;1;;;;
;CP-MIT-GRANDIS;COLA DE PATO MITSUBISHI GRANDIS ;;;;;;;;1;;;;
;VI-S-DOM-89-F-L;BISEL SUBARU DOMINGO RASPADILLO ( FIBRA ) ;;;;;;;;4;;1;;
;VI-S-DOM-89-F-R;BISEL SUBARU DOMINGO RASPADILLO (FIBRA ) ;;;;;;;;4;;1;;
;VI-S-DOM-89-F-L;BISEL SUBARU DOMINGO RASPADILLO JAPONÉS  ;;;;;;;;1;;;;
;VI-S-DOM-89-F-R;BISEL SUBARU DOMINGO RASPADILLO JAPONÉS  ;;;;;;;;1;;;;
;J-TOY-CALGT-F;JALADOR DE PUERTA TRASERA TOYOTA CALDINA GT;;;;;;;;2;;2;;
;212-1592-B-K-L;GUIÑADOR TOYOTA COROLLA SAPITO NEGRO ;;;;;;;;1;;;;
;212-1592-B-K-R;GUIÑADOR TOYOTA COROLLA SAPITO NEGRO ;;;;;;;;1;;;;
;212-1126-L;;;;;;;;;1;;;;
;20-316-L;;;;;;;;;1;;;;
;1266-L;;;;;;;;;1;;;;
;216-1139-R;;;;;;;;;1;;;;
;20-143-L;;;;;;;;;1;;;;
;12-417-L;;;;;;;;;1;;;;
;08423-42040;MASACARA TOYOTA RAV 4 TRD;;;;;;;;1;;;;
;71741-80G00;MASCARA SUZUKI SWIFT IGNIS;;;;;;;;1;;;;
;62310-N00;MASCARA NISSAAN CUSTOM CROMADO;;;;;;;;1;;;;
;PALOGENOS-MIT-JUN;PORTA ALÓGENOS MITSUBISHI JUNIOR SOBRE EL PARACHOQUE;;;;;;;;1;;;;
;F-TSU-SUB-FOR;TOMA DE AIRE TSUNAMI SUBARU FORESTER ;;;;;;;;3;;;;
;F-TSU-SUB-IMP;TOMA DE AIRE TSUNAMI SUBARU IMPREZA ;;;;;;;;1;;;;
;C-TSU-SUB-UNI;TOMA DE AIRE TSUNAMI UNIVERSAL CARBONO ;;;;;;;;1;;;;
;TD-06;TURBO NUEVO SUBARU EJ20 TURBO ;;;;;;;;1;;;;
;212-1156-L;FAROL TOYOTA CALDINA 97 ( oreja agachada );;;;;;;;6;;;;
;212-1156-R;FAROL TOYOTA CALDINA 97 ( oreja agachada );;;;;;;;3;;;;
;20-260-R;;;;;;;;;3;;;;
;CP-SUB-FOR-OEM;Cola DE PATO SUBARU FORESTER 2000 JAPONÉS ;;;;;;;;1;;;;
;13-29-L;Stop COROLLA 89;;;;;;;;1;;;;
;OEW2037;STOP DE MALETERA MITSUBISHI MONTERO (terecera luz );;;;;;;;1;;;;
;221-1975-L;STOP HYUNDAI I10 2011-2012;;;;;;;;1;;;;
;221-1975-R;STOP HYUNDAI I10 2011-2012;;;;;;;;1;;;;
;221-1979-L;STOP HYUNDAI I10 2014-2016;;;;;;;;1;;;;
;315-1934-PTU-VC;SET;;;;;;;;1;;;;
;218-1937-L;STOP SUZUKI VITARA XL7 CRISTALIZADO ;;;;;;;;0;;;;
;218-1937-R;STOP SUZUKI VITARA XL7 CRISTALIZADO ;;;;;;;;1;;1;;
;212-19F1-PTA;SET;;;;;;;;1;;1;;
;216-19AG-L;STOP MAZDA BT50 2015;;;;;;;;1;;1;;
;216-19AG-R;STOP MAZDA BT50 2015;;;;;;;;1;;;;
;214-1140-L;FAROL MITSUBISHI LANCER 95;;;;;;;;1;;;;
;214-1140-R;FAROL MITSUBISHI LANCER 95;;;;;;;;1;;;;
;218-1164-R;;;;;;;;;2;;;;
;214-1556-L;Media luz MITSUBISHI pajero 96;;;;;;;;1;;;;
;214-1556-R;Media luz MITSUBISHI pajero 96;;;;;;;;1;;;;
;212-11T2-R;FAROL TOYOTA HILUX VIGO 2011;;;;;;;;1;;;;
;215-1427-R;Media luz Nissan patrol 95;;;;;;;;1;;;;
;217-1531-L;MIEDIA LUZ HONDA CIVIC 88;;;;;;;;1;;1;;
;217-1531-R;MIEDIA LUZ HONDA CIVIC 88;;;;;;;;1;;;;
;218-1151-L;FAROL SUZUKI SWIFT 2011-2016;;;;;;;;1;;;;
;218-1151-R;FAROL SUZUKI SWIFT 2011-2016;;;;;;;;1;;;;
;212-2901N;REFLECTOR FJ40;;;;;;;;142;;2;;
;314-1132-PXAS2-L;FAROL MITSUBISHI ECLIPSE SPYDER OJO DE ÁNGEL ;;;;;;;;0;;;;
;314-1132-PXAS2-R;FAROL MITSUBISHI ECLIPSE SPYDER OJO DE ÁNGEL ;;;;;;;;1;;;;
;860074;;;;;;;;;1;;;;
;870107-O;;;;;;;;;2;;;;
;87005-G;;;;;;;;;1;;;;
;87006-G;;;;;;;;;1;;;;
;87009-G;;;;;;;;;6;;;;
;870121-G;;;;;;;;;1;;;;
;SZC-527;PRENSA EXEDY SUZUKI APV;;;;;;;;1;;;;
;MBD-005U;DISCO DE EMBREAGUE EXEDY SUZUKI APV;;;;;;;;1;;;;
;T-NISS-STOP-F-L;TAPA DE STOP NISSAN CUSTOM FIBRA;;;;;;;;4;;;;
;T-NISS-STOP-F-R;TAPA DE STOP NISSAN CUSTOM FIBRA;;;;;;;;4;;;;
;400300;;;;;;;;;10;;;;
;CH-216071;;;;;;;;;20;;;;
;MB574333;PARACHOQUE TRASERO MITSUBISHI EVO 9;;;;;;;;1;;;;
;71811-65D30;PARACHOQUE TRASERO SUZUKI GRAN VITARA ;;;;;;;;1;;;;
;YY213M-L;ESPEJO B13;;;;;;;;;;1;;
;YY213M-R;ELSEJO B13;;;;;;;;;;1;;
;TY8002B-L;RETROVISOR TOYOTA HILUX MILENIUM CROMADO ;;;;;;;;;;1;;
;222110-L;;;;;;;;;;;4;;
;TY8022-L;ESPEJO TOYOTA HILUX VIGO ELÉCTRICO ;;;;;;;;;;1;;
;YT7286-L;ESPEJO SUZUKI ALTO 2011;;;;;;;;;;1;;
;YT7286-R;ESPEJO SUZUKI ALTO 2011;;;;;;;;;;1;;
;219-1405-L;;;;;;;;;;;1;;
;219-1405-R;;;;;;;;;;;1;;
;Am0709-L;Jeep Cherokee vicel;;;;;;;;;;1;;
;215-1977;;;;;;;;;;;1;;
;220-6693-L;STOP NISSAN SKYLINE ;;;;;;;;;;1;;
;220-6693-R;STOP NISSAN SKYLINE ;;;;;;;;;;;;
;215-19AA-L;;;;;;;;;;;1;;
;SZ04092BA;;;;;;;;;;;1;;
;SZ07067GA;;;;;;;;;;;1;;
;SZ99020AL;;;;;;;;;;;1;;
;SZ99020AR;;;;;;;;;;;1;;
;EM-FORESTER-C;Embellecedor FORESTER CARBONO ;;;;350;;;;;;1;;
;FS8305;CANDADO DE MOTO / SCOOTER ELÉCTRICO ;;;;;;;;;;1;;
;SZ11036A-L;GUARDABARRO SUZUKI VITARA ;;;;;;;;;;1;;
;SZ11036A-R;GUARDABARRO SUZUKI VITARA ;;;;;;;;;;1;;
;217-1516-L;Guiñador honda eg negro ;;;;;;;;;;1;;
;217-1516-R;Guiñador honda eg negro ;;;;;;;;;;1;;
;212-1592-R;Media luz COROLLA Mod. 95 ~ 96 AE110. SAPITO;;;;;;;;;;1;;
;212-1670-L;;;;;;;;;;;1;;
;312-1141-L;FAROL TOYOTA RAV 4 99;;;;;;;;;;1;;
;312-1141-R;FAROL TOYOTA RAV 4 99;;;;;;;;;;1;;
;215-1111-R;FAROL NISSAN SUNNY B12;;;;;;;;;;1;;
;218-1105-L;;;;;;;;;;;1;;
;218-1105-R;;;;;;;;;;;1;;
;312-1186-L;;;;;;;;;;;1;;
;870043;AMORTIGUADOR PROBOX;;;;;;;;;;1;;
;870090;AMORTIGUADOR APV;;;;;;;;;;1;;
;870052-O;;;;;;;;;;;4;;
;DS-2007;AMORTIGUADORDELANTERO HILUX STAU;;;;;;;;;;1;;
;M-TOY-rav-f;MASCARA TOYOTA RAV 4 FIBRA DE VIDRIO ;;;;;;;;;;1;;
;870104-G;AMORTIGUADOR CHARIOT ;;;;;;;;;;1;;
;860009;MUÑÓN ESTABILIZADOR LARGO UNIVERSAL ;;;;;;;;;;4;;
;860044;MUÑÓN SUSPENCION SUPERIRO HIACE LOBO ;;;;;;;;;;2;;
;30502-AA051;RODAMIENTO SUBARU EJ 20 SIN TURBO ;;;;;;;;;;1;;
;860051;MUÑÓN SUSPENCION TOYOTA TERCEL ;;;;;;;;;;2;;
;860061;MUÑÓN SUSPENCION VANNETE BONGO INFERIOR MAZDA;;;;;;;;;;2;;
;850022;JUNTA 24X23 TOY PROBOX ;;;;;;;;;;1;;
;214-1146-L;FAROL MITSUBISHI MONTERO CRISTALIZADO ;;;;;;;;1;;1;;
;214-1146-R;FAROL MITSUBISHI MONTERO CRISTALIZADO ;;;;;;;;1;;1;;
;123629;RÓTULA HIACE LOBO 14X17;;;;;;;;;;20;;
;214-11A7-R;FAROL MITSUBISHI MIRAGE ;;;;;;;;;;1;;
;320-1506-R;Guiñador subaru forester ;;;;;;;;;;1;;
;214-1112-L;FAROL MITSUBISHI COLT 87;;;;;;;;;;1;;
;218-1172-L;;;;;;;;;;;1;;
;218-1172-R;;;;;;;;;;;1;;
;043-1540-L;STOP MITSUBISHI MONTERO BORDE NEGRO ;;;;;;;;;;1;;
;043-1540-R;STOP MITSUBISHI MONTERO BORDE NEGRO ;;;;;;;;;;1;;
;210-87071-R;;;;;;;;;;;1;;
;215-1968-PXA-L;STOP CRISTALIZADO NISSAN PATROL ;;;;;;;;;;1;;
;215-1968-PXA-R;STOP CRISTALIZADO NISSAN PATROL ;;;;;;;;;;1;;
;212-1915-L;;;;;;;;;;;1;;
;215-1993-R;;;;;;;;;;;1;;
;215-1993-L;;;;;;;;;;;1;;
;317-1513-L;;;;;;;;;;;1;;
;317-1513-R;;;;;;;;;;;1;;
;330-1504-R;;;;;;;;;;;1;;
;TY11106;TAPABARRO HILUX SURF ;;;;;;;;;;2;;
;441-1177;FAROL VOLKSWAGEN OJO DE ÁNGEL ;;;;;;;;;;2;;
;215-1504-L;Guiñador pick up;;;;;;;;;;1;;
;215-1504-R;Guiñador PICK UP;;;;;;;;;;1;;
;220-61871-L;Stop BONGO ;;;;;;;;;;1;;
;1188-L;Farol NISSAN SUNNY b12 ;;;;;;;;;;1;;
;212-11AK-L;FAROL TOYOTA HILUX REVO ;;;;;;;;;;1;;
;212-11AK-R;FAROL TOYOTA HILUX REVO ;;;;;;;;;;1;;
;215-1543-L;Guiñador Nissan patrol 87;;;;;;;;;;1;;
;215-1543-R;Guiñador Nissan patrol 87;;;;;;;;;;1;;
;333-1608-L;GUIÑADOR CHEVROLET COLORADO;;;;;;;;;;1;;
;333-1608-R;GUIÑADOR CHEVROLET COLORADO;;;;;;;;;;1;;
;212-19F9-L;STOP HIACE LOBO TUNNIG ;;;;;;;;;;1;;
;212-19F9-R;STOP HIACE LOBO TUNNIG ;;;;;;;;;;1;;
;312-1549-L;GUIÑADOR CELICA TOYOTA ;;;;;;;;;;1;;
;312-1549-R;GUIÑADOR CELICA TOYOTA ;;;;;;;;;;1;;
;333-1636-L;Guiñador jeep renegade ;;;;;;;;;;1;;
;5283-L;RETROVISOR DE CAPO TOYOTA HILUX SURF ;;;;;;;;;;1;;
;314-1146-L;;;;;;;;;;;1;;
;212-1989-L;Stop corolla 90;;;;;;;;;;1;;
;212-1989-R;Stop corolla 90 ;;;;;;;;;;1;;
;44-3-R;Farol Toyota ipsum ;;;;;;;;;;1;;
;21-16-R;FAROL TOYORA. ALDINA ORIGINAL ;;;;;;;;;;1;;
;551-19AJ-R;STOP RENAULT KIWID;;;;;;;;;;1;;
;215-1562-L;MEDIA LUZ NISSAN SUNNY 90 ;;;;;;;;;;1;;
;214-1112-L;Farol lancer 89;;;;;;;;;;1;;
;215-1614-L;Guiñador Nissan parachoques mini datsun ;;;;;;;;;;1;;
;215-1614-R;Guiñador Nissan parachoques mini datsun ;;;;;;;;;;1;;
;215-1562-R;MEDIA LUZ NISSAN SUNNY 90 ;;;;;;;;;;1;;
;214-1531-R;Media luz montero 92;;;;;;;;;;2;;
;331-1524-L;Guiñador Ford Explorer 99;;;;;;;;;;1;;
;331-1524-R;Guiñador Ford Explorer 99;;;;;;;;;;1;;
;212-15D8-L;MEDIA LUZ COROLLA 92 CRISTALIZADO ;;;;;;;;;;1;;
;212-15D8-R;MEDIA LUZ COROLLA 92 CRISTALIZADO ;;;;;;;;;;1;;
;212-1580-L;MEDIA LUZ TOYOTA CALDINA;;;;;;;;;;2;;
;212-1580-R;MEDIA LUZ TOYOTA CALDINA;;;;;;;;;;2;;
;218-1610-L; SUZUKI NEW VITARA ALÓGENO  ;;;;;;;;;;1;;
;218-1610-R; SUZUKI NEW VITARA ALÓGENO  ;;;;;;;;;;1;;
;222111-L;Espejo COROLLA 92 NEGRO R/L Retrovisor MAMUT Unidad CARIB SPRINTER;;;;;;;;;;2;;
;222110-R;;;;;;;;;;;4;;
;44-26-L;Guiñador Toyota ipsum ;;;;;;;;;;1;;
;44-26-R;Guiñador Toyota ipsum ;;;;;;;;;;1;;