CODIGO_ITEM ;NRO_PIEZA ;CODIGO_2 ;CODIGO_SUSTITUTO_1 ;DESCRIPCION ;CATEGORIA ;PRECIO_1_BS ;PESO ;VOL_CM3_UNID ;VOL_CBM_UNID ;UNID_X_CAJA ;NOMBRE_FAMILIA ;NOMBRE_GRUPO ;NOMBRE_SUBGRUPO ;NOMBRE_MARCA ;NOMBRE_UNIDAD ;NOMBRE_ORIGEN ;ALMACEN ;STOCK_MINIMO ;STOCK_MAXIMO ;NOMBRE_PROVEEDOR_1 ;NOMBRE_PROVEEDOR_2 ;NOMBRE_PROVEEDOR_3 ;CANTIDAD ;
MB20051A;;;;CAPO MITSUBISHI MINI PAJERO 08 H5# -;ACCESORIO;1288;0,1;0,01;0,01;1;MITSUBISHI;ACCESORIOS;PARTES;TYG;UNIDAD;TAIWAN;F: (0), A: (2);;;TONG YANG;;;2;
MB20032A;;;;CAPO MITUBISHI MONTERO SPORT 00 C-Nozzle Hole;ACCESORIO;1605;0,1;0,01;0,01;1;MITSUBISHI;ACCESORIOS;PARTES;TYG;UNIDAD;TAIWAN;F: (0), A: (3);;;TONG YANG;;;3;
TH-2141-L;;TH-2141-L;;ESPEJO LAT MB Montero-Pajero 97-00 LHD Manual Negro;ACCESORIO;283;0,1;0,01;0,01;6;MITSUBISHI;ACCESORIOS;PARTES;THM;UNIDAD;TAIWAN;F: (0), A: (1);;;TONG YANG;;;1;
TH-2141-R;;TH-2141-R;;ESPEJO LAT MB Montero-Pajero 97-00 LHD Manual Negro;ACCESORIO;283;0,1;0,01;0,01;6;MITSUBISHI;ACCESORIOS;PARTES;THM;UNIDAD;TAIWAN;F: (0), A: (1);;;TONG YANG;;;1;
YT-7240CEL;;YT-7240CEL;;ESPEJO LAT MB PAJERO-MONTERO Cromado '01-'06;ACCESORIO;512;0,1;0,01;0,01;20;MITSUBISHI;ACCESORIOS;PARTES;YTM;UNIDAD;TAIWAN;F: (0), A: (1);;;TONG YANG;;;1;
YT-7240CER;;MBM1053HR;;ESPEJO LAT MB PAJERO-MONTERO Cromado '01-'06;ACCESORIO;512;0,1;0,01;0,01;20;MITSUBISHI;ACCESORIOS;PARTES;YTM;UNIDAD;TAIWAN;F: (0), A: (1);0;0;TONG YANG;;;1;
YT-7231G-R;;MBM1049AGR;;ESPEJO LAT SUELTO , MITSUBISHI TRITON L200 06 LHD (GLASS ONLY);ACCESORIO;89;0,1;0,01;0,01;20;MITSUBISHI;ACCESORIOS;PARTES;YTM;UNIDAD;TAIWAN;F: (12), A: (2);0;0;TONG YANG;;;14;
YT-7274EL;;SZM1017FLE;;ESPEJO LAT SZ Swift 05 Elect, LHD (VM-6900E);ACCESORIO;415;0,1;0,01;0,01;5;SUZUKI;ACCESORIOS;PARTES;THM;UNIDAD;TAIWAN;F: (0), A: (3);0;0;TONG YANG;;;3;
YT-7274ER;;SZM1017FRE;;ESPEJO LAT SZ Swift 05 Elect, LHD (VM-6900E);ACCESORIO;415;0,1;0,01;0,01;5;SUZUKI;ACCESORIOS;PARTES;THM;UNIDAD;TAIWAN;F: (0), A: (3);0;0;TONG YANG;;;3;
TYM1121AR;;87910-02380;;ESPEJO LAT TY Corolla EE91 03 ELECTRICO (CE MODEL);ACCESORIO;208;0,1;0,01;0,01;5;TOYOTA;ACCESORIOS;PARTES;SIN MARCA;UNIDAD;TAIWAN;SUCURSAL KM.14: (1), F: (0), A: (0);;;TONG YANG;;;1;
TYM1121AL;;87940-02380;;ESPEJO LAT TY Corolla EE91 03 ELECTRICO (CE MODEL);ACCESORIO;208;0,1;0,01;0,01;5;TOYOTA;ACCESORIOS;PARTES;SIN MARCA;UNIDAD;TAIWAN;SUCURSAL KM.14: (1), F: (1), A: (0);;;TONG YANG;;;2;
TH-2292UE-L;;TYM1209AL;;ESPEJO LAT TY CORROLLA 014 LHD Electrico (USA);ACCESORIO;318;0,1;0,01;0,01;10;TOYOTA;ACCESORIOS;PARTES;THM;UNIDAD;TAIWAN;SUCURSAL RADIAL 26: (1), SUCURSAL KM.14: (1), F: (0), A: (0);0;0;TONG YANG;;;2;
TH-2292UE-R;;TYM1209AR;;ESPEJO LAT TY CORROLLA 014 LHD Electrico (USA);ACCESORIO;318;0,1;0,01;0,01;10;TOYOTA;ACCESORIOS;PARTES;THM;UNIDAD;TAIWAN;SUCURSAL RADIAL 26: (1), SUCURSAL KM.14: (1), F: (0), A: (0);0;0;TONG YANG;;;2;
TH-2178EC-L;;TYM1099AL;;ESPEJO LAT TY HILUX ´00 ELECT CHROME;ACCESORIO;342;0,1;0,01;0,01;10;TOYOTA;ACCESORIOS;PARTES;THM;UNIDAD;TAIWAN;SUCURSAL KM.14: (1), F: (0), A: (0);0;0;TONG YANG;;;1;
TH-2178EC-R;;TYM1099AR;;ESPEJO LAT TY HILUX ´00 ELECT CHROME;ACCESORIO;342;0,1;0,01;0,01;10;TOYOTA;ACCESORIOS;PARTES;THM;UNIDAD;TAIWAN;SUCURSAL KM.14: (1), F: (0), A: (0);0;0;TONG YANG;;;1;
YT-8033CEL-LD;;TYM1177JL;;ESPEJO LAT TY LAND CRUSSER 02-08 FJ120 Elect, LHD Cromado C-LED;ACCESORIO;481;0,1;0,01;0,01;5;TOYOTA;ACCESORIOS;PARTES;YTM;UNIDAD;TAIWAN;F: (0), A: (4);0;0;TONG YANG;;;4;
YT-8033CER-LD;;TYM1177JR;;ESPEJO LAT TY LAND CRUSSER 02-08 FJ120 Elect, LHD Cromado C-LED;ACCESORIO;481;0,1;0,01;0,01;5;TOYOTA;ACCESORIOS;PARTES;YTM;UNIDAD;TAIWAN;F: (0), A: (4);0;0;TONG YANG;;;4;
YT-8033BEL-LD;;TYM1177KL;;ESPEJO LAT TY LAND CRUSSER 02-08 FJ120 Elect, LHD NEGRO C-LED;ACCESORIO;428;0,1;0,01;0,01;5;TOYOTA;ACCESORIOS;PARTES;YTM;UNIDAD;TAIWAN;F: (0), A: (4);0;0;TONG YANG;;;4;
YT-8033BER-LD;;TYM1177KR;;ESPEJO LAT TY LAND CRUSSER 02-08 FJ120 Elect, LHD NEGRO C-LED;ACCESORIO;428;0,1;0,01;0,01;5;TOYOTA;ACCESORIOS;PARTES;YTM;UNIDAD;TAIWAN;F: (0), A: (4);0;0;TONG YANG;;;4;
YT-8032BEL;TYM1135AL;;;ESPEJO LAT TY Tacoma 05 Manual (Regular, Access Cab);ACCESORIO;209,1;0,1;0,01;0,01;10;TOYOTA;ACCESORIOS;PARTES;YTM;UNIDAD;TAIWAN;PAU: (0), F: (1), A: (0);0;0;TONG YANG;FERIA BL;;1;
YT-8032BER;TYM1135AR;;;ESPEJO LAT TY Tacoma 05 Manual (Regular, Access Cab);ACCESORIO;209,1;0,1;0,01;0,01;10;TOYOTA;ACCESORIOS;PARTES;YTM;UNIDAD;TAIWAN;PAU: (0), F: (1), A: (0);0;0;TONG YANG;FERIA BL;;1;
YT-7240G-L;;MBM1053EGL;;ESPEJO LAT, SUELTO MB Pajero 01-06 V60-V70 Espejo LHD C-Base;ACCESORIO;114;0,1;0,01;0,01;20;MITSUBISHI;ACCESORIOS;PARTES;YTM;UNIDAD;TAIWAN;F: (12), A: (2);0;0;TONG YANG;;;14;
YT-7240G-R;;MBM1053EGR;;ESPEJO LAT, SUELTO MB Pajero 01-06 V60-V70 Espejo LHD C-Base;ACCESORIO;114;0,1;0,01;0,01;20;MITSUBISHI;ACCESORIOS;PARTES;YTM;UNIDAD;TAIWAN;F: (14), A: (2);0;0;TONG YANG;;;16;
YT-7231G-L;;MBM1049AGL;;ESPEJO LAT, SUELTO MITSUBISHI TRITON L200 06 LHD (GLASS ONLY);ACCESORIO;89;0,1;0,01;0,01;20;MITSUBISHI;ACCESORIOS;PARTES;YTM;UNIDAD;TAIWAN;F: (12), A: (2);0;0;TONG YANG;;;14;
M-ESPJ-002;;M-ESPJ-002;;ESPEJO O RETROVISO;ACCESORIO;114;0,1;0,01;0,01;6;UNIVERSAL;ACCESORIOS;PARTES;ESMAMUT;SET;TAIWAN;PAU: (510), F: (0);;;ESMAMUT S.R.L.;;;510;
M-ESPJ-003;;M-ESPJ-003;;ESPEJO O RETROVISOR;ACCESORIO;235;0,1;0,01;0,01;6;UNIVERSAL;ACCESORIOS;PARTES;ESMAMUT;SET;TAIWAN;PAU: (358), F: (0);;;ESMAMUT S.R.L.;;;358;
TH-2093-L;;SZM1017ELE;;ESPEJO SUZUKI SWIF 05 LHD -;ACCESORIO;443;0,1;0,01;0,01;5;SUZUKI;ACCESORIOS;PARTES;THM;UNIDAD;TAIWAN;SUCURSAL KM.14: (1), F: (2), A: (3);0;0;TONG YANG;;;6;
TH-2093-R;;SZM1017ERE;;ESPEJO SUZUKI SWIF 05 RHD -;ACCESORIO;282;0,1;0,01;0,01;5;SUZUKI;ACCESORIOS;PARTES;THM;UNIDAD;TAIWAN;SUCURSAL KM.14: (1), F: (4), A: (1);0;0;TONG YANG;;;6;
TH-6901E-R;;SZM1019CRE;;ESPEJO SUZUKI SX-4 07-06Elect, Prime-Ngro;ACCESORIO;291;0,1;0,01;0,01;5;SUZUKI;ACCESORIOS;PARTES;VIEW MAX;UNIDAD;TAIWAN;SUCURSAL RADIAL 26: (1), F: (0), A: (0);0;0;TONG YANG;;;1;
TH-6901E-L;;SZM1019CLE;;ESPEJO SUZUKI SX-4 07-06Elect, Prime-Ngro;ACCESORIO;291;0,1;0,01;0,01;5;SUZUKI;ACCESORIOS;PARTES;VIEW MAX;UNIDAD;TAIWAN;SUCURSAL RADIAL 26: (1), F: (0), A: (1);0;0;TONG YANG;;;2;
222110;;222110;;ESPEJO TOTOTA COROLLA 90 ESMAMUT;ACCESORIO;178;0,1;0;0;12;TOYOTA;ACCESORIOS;VARIOS;ESMAMUT;SET;TAIWAN;PAU: (0), A: (0), C: (1);0;0;ESMAMUT S.R.L.;;;1;
TH-2279E-00-R;;TYM1195ARE;;ESPEJO TOY COROLLA 10 Elect, LED lamp, Prime, aspherica;ACCESORIO;437;0,1;0,01;0,01;10;TOYOTA;ACCESORIOS;PARTES;THM;UNIDAD;TAIWAN;SUCURSAL KM.14: (1), F: (0), A: (0);0;0;TONG YANG;;;1;
TH-2279E-00-L;;TYM1195ALE;;ESPEJO TOY COROLLA 10 Elect, LED lamp, Prime, aspherica;ACCESORIO;415;0,1;0,01;0,01;10;TOYOTA;ACCESORIOS;PARTES;THM;UNIDAD;TAIWAN;SUCURSAL RADIAL 26: (1), SUCURSAL KM.14: (1), F: (0), A: (0);0;0;TONG YANG;;;2;
TH-2265E-4-L;;TYM1150ALE;;ESPEJO TOY YARIS 06 Electrico;ACCESORIO;309;0,1;0,01;0,01;10;TOYOTA;ACCESORIOS;PARTES;THM;UNIDAD;TAIWAN;F: (3), A: (2);0;0;TONG YANG;;;5;
TH-2265E-4-R;;TYM1150ARE;;ESPEJO TOY YARIS 06 Electrico;ACCESORIO;309;0,1;0,01;0,01;10;TOYOTA;ACCESORIOS;PARTES;THM;UNIDAD;TAIWAN;F: (3), A: (2);0;0;TONG YANG;;;5;
222111;;222111;;ESPEJO TOYOTA COROLLA 92-95 ESMAMUT;ACCESORIO;178;0,1;0;0;12;TOYOTA;ACCESORIOS;VARIOS;ESMAMUT;SET;TAIWAN;MUESTRAS: (1), PAU: (0), A: (0), C: (1);0;0;ESMAMUT S.R.L.;;;2;
YT8021B-L;;YT8021B-L;;ESPEJO TY Hiace '05- negro;ACCESORIO;203;0,1;0,01;0,01;10;TOYOTA;ACCESORIOS;PARTES;YTM;UNIDAD;TAIWAN;SUCURSAL KM.14: (1), F: (0), A: (0);;;TONG YANG;;;1;
221-1117L-LD-EM;;221-1117-L-LD-EM;;FAROL HYUNDAY ACCENT ’96 3D;ACCESORIO;481;0,1;0;0;4;HYUNDAY;ACCESORIOS;ILUMINACION;DEPO;UNIDAD;TAIWAN;PAU: (0), A: (1), E: (0);;;DEPO;;;1;
221-1117R-LD-EM;;221-1117-R-LD-EM;;FAROL HYUNDAY ACCENT ’96 3D;ACCESORIO;481;0,1;0;0;4;HYUNDAY;ACCESORIOS;ILUMINACION;DEPO;UNIDAD;TAIWAN;PAU: (0), A: (2), E: (0);;;DEPO;;;2;
213-1136R-LD-E;;213-1136-R-LD-E;;FAROL ISUZU CAMION NPR,NHR ’04-’05;ACCESORIO;633;0,1;0;0;6;ISUZU;ACCESORIOS;ILUMINACION;DEPO;UNIDAD;TAIWAN;A: (1), E: (0);;;DEPO;;;1;
213-1122L-LD;;213-1122-L-LD;222704;FAROL ISUZU FTR-00-01;ACCESORIO;405;0,1;0;0;6;ISUZU;ACCESORIOS;ILUMINACION;DEPO;UNIDAD;TAIWAN;A: (4), E: (0);;;DEPO;;;4;
213-1122R-LD;;213-1122-R-LD;222705;FAROL ISUZU FTR-00-01;ACCESORIO;405;0,1;0;0;6;ISUZU;ACCESORIOS;ILUMINACION;DEPO;UNIDAD;TAIWAN;A: (5), E: (0);;;DEPO;;;5;
213-1123R-LD-E;;213-1123R-LD-E;213-1123;FAROL ISUZU LUV 97-200 SL- TFR CAMIONETA;ACCESORIO;367;0,5;0,5;0,5;6;ISUZU;ACCESORIOS;ILUMINACION;DEPO;UNIDAD;TAIWAN;SUCURSAL KM.14: (1), A: (0), E: (0);;;DEPO;;;1;
214-11ADR-LDEM2;;214-11ADR-LDEM2;227136;FAROL MB L-200 15-,FT FULBAK 16;ACCESORIO;3163;0,1;0;0;1;MITSUBISHI;ACCESORIOS;ILUMINACION;DEPO;UNIDAD;TAIWAN;A: (1), E: (0);;;DEPO;;;1;
214-11ADL-LDEM2;;214-11ADL-LDEM2;227135;FAROL MB L-200 15-,FT FULBAK 16;ACCESORIO;3163;0,1;0;0;1;MITSUBISHI;ACCESORIOS;ILUMINACION;DEPO;UNIDAD;TAIWAN;A: (2), E: (0);;;DEPO;;;2;
214-1155R-LD;;214-1155R-LD;227134;FAROL MIT, L300 DELICA 2010,;ACCESORIO;494;0,1;0;0;6;MITSUBISHI;ACCESORIOS;ILUMINACION;DEPO;UNIDAD;TAIWAN;SUCURSAL RADIAL 26: (1), SUCURSAL KM.14: (1), A: (1), E: (0);;;DEPO;;;3;
214-1155L-LD;;214-1155L-LD;227133;FAROL MIT, L300 DELICA 2010,;ACCESORIO;494;0,1;0;0;6;MITSUBISHI;ACCESORIOS;ILUMINACION;DEPO;UNIDAD;TAIWAN;SUCURSAL RADIAL 26: (1), SUCURSAL KM.14: (1), A: (2), E: (0);;;DEPO;;;4;
214-1105R-LD;;214-1105-R-LD;;FAROL MIT, ROSA FE444,92-95-86;ACCESORIO;443;0,1;0;0;6;MITSUBISHI;ACCESORIOS;ILUMINACION;DEPO;UNIDAD;TAIWAN;A: (1), E: (0);;;DEPO;;;1;
314-1140L-AF2;;314-1140L-AF2;;FAROL MITSUBISHI LANCER EVOLUTION X 08 AF2 11-1-08;ACCESORIO;2404;0,1;0;0;2;MITSUBISHI;ACCESORIOS;ILUMINACION;DEPO;UNIDAD;TAIWAN;A: (4), E: (0);;;DEPO;;;4;
214-1197R-LD-EM;;214-1197-R-LD-EM;;FAROL MITSUBISHI MONTERO PAJERO 09 L200,10 PAJERO SPORT,09;ACCESORIO;1835;0,38;0,5;0,5;2;MITSUBISHI;ACCESORIOS;ILUMINACION;DEPO;UNIDAD;TAIWAN;A: (2), E: (0);;;DEPO;;;2;
315-1170L-AS;;315-1170L-AS;;FAROL NISS, ARMADA 2004-2007;ACCESORIO;2404;0,1;0;0;2;NISSAN;ACCESORIOS;ILUMINACION;DEPO;UNIDAD;TAIWAN;A: (1), E: (0);;;DEPO;;;1;
315-1170R-AS;;315-1170R-AS;;FAROL NISS, ARMADA 2004-2007;ACCESORIO;2404;0,1;0;0;2;NISSAN;ACCESORIOS;ILUMINACION;DEPO;UNIDAD;TAIWAN;A: (1), E: (0);;;DEPO;;;1;
115-1136L-LEMN2;;115-1136L-LEMN2;26010-4CC0C;FAROL NISSAN ,X-TRAIL 14 UNIT,,ECE,ELEC W-LED;ACCESORIO;2910;0,5;0,5;0,5;2;NISSAN;ACCESORIOS;ILUMINACION;DEPO;UNIDAD;TAIWAN;A: (4), E: (0);;;DEPO;;;4;
115-1136R-LEMN2;;115-1136R-LEMN2;26060-4CC0C;FAROL NISSAN ,X-TRAIL 14 UNIT,,ECE,ELEC W-LED;ACCESORIO;2910;0,5;0,5;0,5;2;NISSAN;ACCESORIOS;ILUMINACION;DEPO;UNIDAD;TAIWAN;A: (4), E: (0);;;DEPO;;;4;
215-1185L-LD-E;;215-1185-L-LD-E;221851;FAROL NISSAN 720 2000 FRONTIER CRSITAL;ACCESORIO;405;0,1;0;0;6;NISSAN;ACCESORIOS;ILUMINACION;DEPO;UNIDAD;TAIWAN;A: (1), E: (0);;;DEPO;;;1;
315-1164L-US7;;315-1164-L-US7;;FAROL NISSAN ALTIMA,07,SAE,SMOKE;ACCESORIO;1873;0,75;0,5;0,5;2;NISSAN;ACCESORIOS;ILUMINACION;DEPO;UNIDAD;TAIWAN;A: (2), E: (0);;;DEPO;;;2;
215-1171L-LD-E;;26013-31Z01;222688;FAROL NISSAN CONDOR PKC212 / PK250 95/98/99 UD;ACCESORIO;570;3,515;0,5;0,5;4;NISSAN;ACCESORIOS;ILUMINACION;DEPO;UNIDAD;TAIWAN;FALLAS DE FABRICA: (1), PAU: (0), A: (0), E: (0);;;DEPO;;;1;
315-1174L-AS;;315-1174L-AS;221855;FAROL NISSAN FRONTIER ,09-11 PICK UP;ACCESORIO;1961;0,1;0;0;4;NISSAN;ACCESORIOS;ILUMINACION;DEPO;UNIDAD;TAIWAN;SUCURSAL RADIAL 26: (1), SUCURSAL KM.14: (1), A: (3), E: (0);;;DEPO;;;5;
315-1174R-AS;;315-1174R-AS;221856;FAROL NISSAN FRONTIER ,09-11 PICK UP;ACCESORIO;1961;0,1;0;0;4;NISSAN;ACCESORIOS;ILUMINACION;DEPO;UNIDAD;TAIWAN;SUCURSAL RADIAL 26: (1), SUCURSAL KM.14: (1), A: (4), E: (0);;;DEPO;;;6;
315-1156L-US;;315-1156-L-US;221582;FAROL NISSAN MURANO 03- 04-2006;ACCESORIO;1177;0,1;0;0;4;NISSAN;ACCESORIOS;ILUMINACION;DEPO;UNIDAD;TAIWAN;A: (2), E: (0);;;DEPO;;;2;
315-1156R-US;;315-1156-R-US;221583;FAROL NISSAN MURANO 03- 04-2006;ACCESORIO;1177;0,1;0;0;4;NISSAN;ACCESORIOS;ILUMINACION;DEPO;UNIDAD;TAIWAN;A: (3), E: (0);;;DEPO;;;3;
315-1136R-US;;315-1136-R-US;222727;FAROL NISSAN PATHFINDER 98-2004 CRISTAL VAGONETA;ACCESORIO;443;0,1;0;0;6;NISSAN;ACCESORIOS;ILUMINACION;DEPO;UNIDAD;TAIWAN;SUCURSAL KM.14: (1), E: (0);;;DEPO;;;1;
315-1136L-US;;315-1136-L-US;222726;FAROL NISSAN PATHFINDER 98-2004 CRISTAL VAGONETA;ACCESORIO;481;0,1;0;0;6;NISSAN;ACCESORIOS;ILUMINACION;DEPO;UNIDAD;TAIWAN;SUCURSAL RADIAL 26: (1), SUCURSAL KM.14: (1), A: (0), E: (0);;;DEPO;;;2;
315-1169L-AF;;315-1169-L-AS;227030;FAROL NISSAN PATHIFINDER 08-10;ACCESORIO;1759;0,1;0;0;2;NISSAN;ACCESORIOS;ILUMINACION;DEPO;UNIDAD;BOLIVIA;SUCURSAL KM.14: (1), A: (2), E: (1);;;DEPO;FERIA BL;;4;
315-1169R-AF;;315-1169R-AF;227031;FAROL NISSAN PATHIFINDER 08-12 AF HL NSF;ACCESORIO;1759;0,1;0;0;2;NISSAN;ACCESORIOS;ILUMINACION;DEPO;UNIDAD;TAIWAN;SUCURSAL KM.14: (1), PAU: (0), E: (0);;;DEPO;;;1;
115-1116R-LD-E1;;227011;227011;FAROL NISSAN TIDA 05 MANU;ACCESORIO;949;4,7;0,5;0,5;1;NISSAN;ACCESORIOS;ILUMINACION;DEPO;UNIDAD;TAIWAN;A: (1), E: (0);;;DEPO;;;1;
215-11C4L-LD-E;;26060EL00A;221766;FAROL NISSAN TIDA 07;ACCESORIO;1013;5,055;0,5;0,5;2;NISSAN;ACCESORIOS;ILUMINACION;DEPO;UNIDAD;TAIWAN;A: (2), E: (0);;;DEPO;;;2;
215-11C5L-LD-E;;215-11C5-L-LD-E;26060-1JY5A;FAROL NISSAN TIIDA 08 MANUAL;ACCESORIO;1013;0,5;0,5;0,5;1;NISSAN;ACCESORIOS;ILUMINACION;DEPO;UNIDAD;TAIWAN;A: (1), E: (0);;;DEPO;;;1;
215-11C5R-LD-E;;215-11C5-R-LD-E;26010-1JY5A;FAROL NISSAN TIIDA 08 MANUAL;ACCESORIO;1013;0,5;0,5;0,5;1;NISSAN;ACCESORIOS;ILUMINACION;DEPO;UNIDAD;TAIWAN;A: (1), E: (0);;;DEPO;;;1;
215-11A5L-LD-E;;215-11A5-L-LD-E;;FAROL NISSAN URBAN-CARABAN E24 02 E25 2005-06 VAN;ACCESORIO;583;0,1;0;0;6;NISSAN;ACCESORIOS;ILUMINACION;DEPO;UNIDAD;TAIWAN;A: (6), E: (0);;;DEPO;FERIA BL;;6;
215-11B4R-LD-EM;;215-11B4-R-LD-EM;221540;FAROL NISSAN URVAN-CARAVAN E25 ’07-08 EM;ACCESORIO;823;0,1;0;0;4;NISSAN;ACCESORIOS;ILUMINACION;DEPO;UNIDAD;TAIWAN;SUCURSAL RADIAL 26: (1), SUCURSAL KM.14: (1), A: (7), E: (0);;;DEPO;;;9;
215-11B4L-LD-EM;;215-11B4-L-LD-EM;221538;FAROL NISSAN URVAN-CARAVAN E25 ’07-08 EM;ACCESORIO;823;0,1;0;0;4;NISSAN;ACCESORIOS;ILUMINACION;DEPO;UNIDAD;TAIWAN;SUCURSAL RADIAL 26: (1), SUCURSAL KM.14: (1), A: (9), E: (0);;;DEPO;;;11;
115-1135LMLD-M2;;115-1135LMLD-M2;26060-4CL0A-B193;FAROL NISSAN X-TRAIL,,14,UNIT,,3C,ELEC W-S MO;ACCESORIO;5060;0,5;0,5;0,5;2;NISSAN;ACCESORIOS;ILUMINACION;DEPO;UNIDAD;TAIWAN;A: (4), E: (0);;;DEPO;;;4;
115-1135RMLD-M2;;115-1135RMLD-M2;26010-4CL0A-B193;FAROL NISSAN X-TRAIL,,14,UNIT,,3C,ELEC W-S MO;ACCESORIO;5060;0,5;0,5;0,5;2;NISSAN;ACCESORIOS;ILUMINACION;DEPO;UNIDAD;TAIWAN;A: (4), E: (0);;;DEPO;;;4;
115-1136LMLD-M2;;115-1136LMLD-M2;26010-4CL5A-B19;FAROL NISSAN,X-TRAIL 14 UNIT,,3C,ELEC W-S MO;ACCESORIO;2973;0,5;0,5;0,5;2;NISSAN;ACCESORIOS;ILUMINACION;DEPO;UNIDAD;TAIWAN;A: (4), E: (0);;;DEPO;;;4;
115-1136RMLD-M2;;115-1136RMLD-M2;26060-4CL5A-B19;FAROL NISSAN,X-TRAIL 14 UNIT,,3C,ELEC W-S MO;ACCESORIO;2973;0,5;0,5;0,5;2;NISSAN;ACCESORIOS;ILUMINACION;DEPO;UNIDAD;TAIWAN;A: (4), E: (0);;;DEPO;;;4;
220-1111L-LD-E7;;220-1111L-LDEM7;;FAROL SUBARU IMPREZA WRX 03-07 GRIS;ACCESORIO;2973;3,025;0,5;0,5;4;SUBARU;ACCESORIOS;ILUMINACION;DEPO;UNIDAD;TAIWAN;A: (4), E: (0);;;DEPO;;;4;
220-1111R-LD-E7;;220-1111R-LDEM7;;FAROL SUBARU IMPREZA WRX 03-07 GRIS;ACCESORIO;2973;5,5418;0,5;0,5;4;SUBARU;ACCESORIOS;ILUMINACION;DEPO;UNIDAD;TAIWAN;A: (4), E: (0);;;DEPO;;;4;
218-1147R-LD-EM;;218-1147R-LD-EM;;FAROL SUZUKI ,CELERIO 2010, ALTO 2008, A-STAR 09-;ACCESORIO;1076;0,1;0;0;4;SUZUKI;ACCESORIOS;ILUMINACION;DEPO;UNIDAD;TAIWAN;A: (1), E: (0);;;DEPO;;;1;
218-1127L-LD-EM;;35230-54G10;222724;FAROL SUZUKI BALENO XG AEREO 2003 LIANA;ACCESORIO;823;3,3275;0,5;0,5;4;SUZUKI;ACCESORIOS;ILUMINACION;DEPO;UNIDAD;TAIWAN;A: (2), E: (0);;;DEPO;;;2;
318-1109R-US1;;318-1109-R-US1;221830;FAROL SUZUKI GRAN VITARA 06-08;ACCESORIO;1873;0,1;0;0;2;SUZUKI;ACCESORIOS;ILUMINACION;DEPO;UNIDAD;TAIWAN;A: (6), E: (0);;;DEPO;;;6;
312-11D7L-AF2;;312-11D7L-AF2;227141;FAROL TOY COROLLA 14-15 LED;ACCESORIO;3479;0,1;0;0;2;TOYOTA;ACCESORIOS;ILUMINACION;DEPO;UNIDAD;TAIWAN;SUCURSAL KM.14: (1), A: (12), E: (11);;;DEPO;;;24;
312-11D7R-AF2;;312-11D7R-AF2;227142;FAROL TOY COROLLA 14-15 LED;ACCESORIO;3479;0,1;0;0;2;TOYOTA;ACCESORIOS;ILUMINACION;DEPO;UNIDAD;TAIWAN;SUCURSAL KM.14: (1), A: (12), E: (11);;;DEPO;;;24;
212-1181R-LD;;81110-1E460;222621;FAROL TOY COROLLA 98 CRISTAL TUNING;ACCESORIO;367;1,7;0,5;0,5;6;TOYOTA;ACCESORIOS;ILUMINACION;DEPO;UNIDAD;TAIWAN;A: (1), E: (0);;;DEPO;;;1;
212-1140R-LD-E;;81110-1A800;222509;FAROL TOY COROLLA EUROPEO AE92;ACCESORIO;367;2,4417;0,5;0,5;6;TOYOTA;ACCESORIOS;ILUMINACION;DEPO;UNIDAD;TAIWAN;PAU: (0), A: (2), E: (0);;;DEPO;;;2;
212-1129L-LD;;212-1129-L;;FAROL TOY CORONA 86-87;ACCESORIO;481;0,1;0;0;6;TOYOTA;ACCESORIOS;ILUMINACION;SIN MARCA;UNIDAD;TAIWAN;A: (0), E: (1);;;DEPO;;;1;
312-11A2L-UF;;312-11A2L-UF;;FAROL TOY FJ CRUSER 07-14;ACCESORIO;1265;0,5;0,5;0,5;4;TOYOTA;ACCESORIOS;ILUMINACION;DEPO;UNIDAD;TAIWAN;E: (2);;;DEPO;;;2;
212-1198R-LD;;212-1198R-LD;232420;FAROL TOY HIACE 99 CRISTAL TUNING;ACCESORIO;823;0,1;0;0;4;TOYOTA;ACCESORIOS;ILUMINACION;DEPO;UNIDAD;TAIWAN;SUCURSAL RADIAL 26: (1), SUCURSAL KM.14: (1), A: (13), E: (0);;;DEPO;;;15;
212-1198L-LD;;212-1198L-LD;232419;FAROL TOY HIACE 99 CRISTAL TUNING;ACCESORIO;823;0,1;0;0;4;TOYOTA;ACCESORIOS;ILUMINACION;DEPO;UNIDAD;TAIWAN;SUCURSAL RADIAL 26: (1), SUCURSAL KM.14: (1), A: (14), E: (0);;;DEPO;;;16;
312-1175L-UFN9;;312-1175L-UFN9;227121;FAROL TOY HIGLANDER 04-07;ACCESORIO;1835;0,1;0;0;4;TOYOTA;ACCESORIOS;ILUMINACION;DEPO;UNIDAD;TAIWAN;A: (4), E: (0);;;DEPO;;;4;
312-1175R-UFN9;;312-1175R-UFN9;227122;FAROL TOY HIGLANDER 04-07;ACCESORIO;1835;0,1;0;0;4;TOYOTA;ACCESORIOS;ILUMINACION;DEPO;UNIDAD;TAIWAN;A: (4), E: (0);;;DEPO;;;4;
312-1185L-US;;312-1185-L-US;221678;FAROL TOY IST 04-05 SO,XA DEPORTIVO;ACCESORIO;1898;0,1;0;0;2;TOYOTA;ACCESORIOS;ILUMINACION;DEPO;UNIDAD;TAIWAN;PAU: (0), A: (2), E: (1);;;DEPO;;;3;
312-1185R-US;;312-1185-R-US;221679;FAROL TOY IST 04-05 SO,XA DEPORTIVO;ACCESORIO;1898;0,1;0;0;2;TOYOTA;ACCESORIOS;ILUMINACION;DEPO;UNIDAD;TAIWAN;A: (2), E: (1);;;DEPO;;;3;
212-11H9R-LD-EM;;212-11H9R-LD-E;212-11H9R-LD-E;FAROL TOY LAND CRUISER FJ1000 05-06;ACCESORIO;949;0,5;0,5;0,5;2;TOYOTA;ACCESORIOS;ILUMINACION;DEPO;UNIDAD;BOLIVIA;A: (2), E: (0);;;DEPO;FERIA BL;;2;
212-11P8R-LD-EM;;81110-60E20;221822;FAROL TOY PRADO 09/10 C/NAR;ACCESORIO;1759;4,58;0,5;0,5;1;TOYOTA;ACCESORIOS;ILUMINACION;DEPO;UNIDAD;TAIWAN;A: (2), E: (0);;;DEPO;;;2;
212-11P8L-LD-EM;;81150-60D80;221821;FAROL TOY PRADO 09/10 C/NAR;ACCESORIO;1759;4,58;0,5;0,5;1;TOYOTA;ACCESORIOS;ILUMINACION;DEPO;UNIDAD;BOLIVIA;A: (4), E: (0);;;DEPO;FERIA BL;;4;
312-1197R-US1;;312-1197-R-US1;81130-42330;FAROL TOY RAV 4 06-08 CON NARANJA;ACCESORIO;1013;0,5;0,5;0,5;2;TOYOTA;ACCESORIOS;ILUMINACION;DEPO;UNIDAD;TAIWAN;SUCURSAL RADIAL 26: (1), SUCURSAL KM.14: (0), A: (3), E: (0);;;DEPO;;;4;
312-1197L-US1;;312-1197-L-US1;81170-42330;FAROL TOY RAV 4 06-08 CON NARANJA;ACCESORIO;1013;0,5;0,5;0,5;2;TOYOTA;ACCESORIOS;ILUMINACION;DEPO;UNIDAD;TAIWAN;SUCURSAL RADIAL 26: (1), SUCURSAL KM.14: (0), A: (5), E: (0);;;DEPO;;;6;
312-11D5L-US2;;312-11D5L-US2;227139;FAROL TOY RAV4 13-14,HL,UNIT USA BLT,,SAE,;ACCESORIO;2341;0,1;0;0;1;TOYOTA;ACCESORIOS;ILUMINACION;DEPO;UNIDAD;TAIWAN;MUESTRAS: (1), A: (1), E: (0);;;DEPO;;;2;
212-1152R-LD-E;;212-1152-R;;FAROL TOY STARLET 90 -91;ACCESORIO;570;0,1;0;0;6;TOYOTA;ACCESORIOS;ILUMINACION;DEPO;UNIDAD;TAIWAN;A: (1), E: (0);;;DEPO;;;1;
212-1152L-LD-E;;212-1152-L;;FAROL TOY STARLET 90-91;ACCESORIO;570;0,1;0;0;6;TOYOTA;ACCESORIOS;ILUMINACION;DEPO;UNIDAD;TAIWAN;A: (3), E: (0);;;DEPO;;;3;
312-1150L-US;;312-1150L-US;222788;FAROL TOY TACOMA 01-04-05 USA CAMIONETA;ACCESORIO;633;0,1;0;0;6;TOYOTA;ACCESORIOS;ILUMINACION;DEPO;UNIDAD;TAIWAN;A: (7), E: (0);;;DEPO;;;7;
312-1150R-US;;312-1150R-US;222789;FAROL TOY TACOMA 01-04-05 USA CAMIONETA;ACCESORIO;633;0,1;0;0;6;TOYOTA;ACCESORIOS;ILUMINACION;DEPO;UNIDAD;TAIWAN;A: (7), E: (0);;;DEPO;;;7;
212-1160L-LD;;212-1160-L;222539;FAROL TOY TERCEL 94 ADELANTE;ACCESORIO;292;2,1967;0,5;0,5;6;TOYOTA;ACCESORIOS;ILUMINACION;SIN MARCA;UNIDAD;TAIWAN;A: (1), E: (0);;;DEPO;;;1;
212-1191L-LD;;81170-16750;222668;FAROL TOY TERCEL 98/99 EL53 CRISTAL TUNING;ACCESORIO;443;2,4717;0,5;0,5;6;TOYOTA;ACCESORIOS;ILUMINACION;DEPO;UNIDAD;BOLIVIA;A: (2), E: (0);;;DEPO;FERIA BL;;2;
312-11D8L-AS;;312-11D8L-AS;;FAROL TOY TUNDRA 14-15 ASY HALOGEN;ACCESORIO;1265;0,1;0;0;2;TOYOTA;ACCESORIOS;ILUMINACION;DEPO;UNIDAD;TAIWAN;A: (2), E: (1);;;DEPO;;;3;
212-11A5R-LD;;81110-52170;221591;FAROL TOY,ECHO,,'00/01/02-,HEAD LAMP,UNIT,,,;ACCESORIO;570;2,825;0,5;0,5;4;TOYOTA;ACCESORIOS;ILUMINACION;DEPO;UNIDAD;TAIWAN;A: (0), E: (1);;;DEPO;;;1;
212-11M1L-LD-EM;;212-11M1-L-LD-EM;;FAROL TOY,LAND CRUISER 07 ECE,ELEC;ACCESORIO;1873;0,1;0;0;1;TOYOTA;ACCESORIOS;ILUMINACION;DEPO;UNIDAD;TAIWAN;A: (6), E: (0);;;DEPO;;;6;
212-11M1R-LD-EM;;212-11M1-R-LD-EM;;FAROL TOY,LAND CRUISER 07 ECE,ELEC;ACCESORIO;1898;0,1;0;0;1;TOYOTA;ACCESORIOS;ILUMINACION;DEPO;UNIDAD;TAIWAN;A: (7), E: (0);;;DEPO;;;7;
212-11U5R-LDH-M;;81145-60F20;221490;FAROL TOY,LAND CRUISER FJ200 2007/11;ACCESORIO;3669;7,345;0,5;0,5;2;TOYOTA;ACCESORIOS;ILUMINACION;DEPO;UNIDAD;TAIWAN;SUCURSAL RADIAL 26: (1), SUCURSAL KM.14: (1), A: (2), E: (0);;;DEPO;;;4;
212-11U5L-LDH-M;;81185-60F20;221489;FAROL TOY,LAND CRUISER FJ200 2007/11;ACCESORIO;3669;7,345;0,5;0,5;2;TOYOTA;ACCESORIOS;ILUMINACION;DEPO;UNIDAD;TAIWAN;SUCURSAL RADIAL 26: (1), SUCURSAL KM.14: (1), A: (3), E: (0);;;DEPO;;;5;
212-1193L-RD;;212-1193-L;212-1193-L;FAROL TOY-COROLLA AE101 99;ACCESORIO;405;0,5;0,5;0,5;6;TOYOTA;ACCESORIOS;ILUMINACION;DEPO;UNIDAD;TAIWAN;SUCURSAL KM.14: (2), PAU: (0), A: (0), E: (0);;;DEPO;FERIA BL;;2;
312-11D8R-AS;;312-11D8R-AS;;FAROL TOYOTA TUNDRA 14-15 ASIY ALOGEN;ACCESORIO;2657;1,25;0,01;0,01;2;TOYOTA;ACCESORIOS;ILUMINACION;DEPO;UNIDAD;TAIWAN;PAU: (0), A: (2), E: (0);;;DEPO;;;2;
CH-216034;;;"S25 BAZ15D";FOCO 12V*21-4W UNIV 2 FIL-BLANCO PATA DISPAREJA MOTOS AUTOS;ACCESORIO;1,8;0,002;0,0058;0,0001;1000;UNIVERSAL;ACCESORIOS;FOCOS;ÑEQUE;UNIDAD;CHINA;SUCURSAL KM.14: (0), MUESTRAS: (10), CENTRAL MONTERO: (0), A: (240), E: (3550);0;0;HANGZHOU-AM;FERIA BL;;3800;
CH-216029;;;"T20";FOCO 12V*21-5W, CUÑA GRANDE S-SOQUETE 2 FIL-BLANCO;ACCESORIO;2,7;0,009;0;0;1000;UNIVERSAL;ACCESORIOS;FOCOS;ÑEQUE;UNIDAD;CHINA;MUESTRAS: (0), CENTRAL MONTERO: (0), PAU: (0), A: (1), E: (0);;;HANGZHOU-AM;;;1;
CH-216036;;;"S25 BAY15D";FOCO 12V*21-5W, UNIVERSAL STOP 2 FIL-BLANCO;ACCESORIO;1,8;0,009;0;0;1000;UNIVERSAL;ACCESORIOS;FOCOS;ÑEQUE;UNIDAD;CHINA;CENTRAL MONTERO: (0), PAU: (0), A: (20), E: (0);;;HANGZHOU-AM;FERIA BL;;20;
CH-216031;;;"T20";FOCO 12V*21-5W,CUÑA GRANDE S-SOQUETE 2 FIL-NARANJA;ACCESORIO;2,7;0,01;0,0058;0,0001;1000;UNIVERSAL;ACCESORIOS;FOCOS;ÑEQUE;UNIDAD;CHINA;SUCURSAL KM.14: (10), MUESTRAS: (10), CENTRAL MONTERO: (0), A: (420), E: (3200);;;HANGZHOU-AM;FERIA BL;;3640;
CH-216028;;;"T20";FOCO 12V*21W, CUÑA GRANDE S-SOQUETE 1 FIL-BLANCO;ACCESORIO;2,7;0,009;0;0;1000;UNIVERSAL;ACCESORIOS;FOCOS;ÑEQUE;UNIDAD;CHINA;SUCURSAL KM.14: (9), CENTRAL MONTERO: (0), A: (10), E: (0);;;HANGZHOU-AM;FERIA BL;;19;
CH-216037;;;"S25 BA15D";FOCO 12V*21W, UNIV 2 FIL-BLANCO MOTOS/AUTOS;ACCESORIO;0,9;0,02;0,0058;0,0001;1000;UNIVERSAL;ACCESORIOS;FOCOS;ÑEQUE;UNIDAD;CHINA;FALLAS DE FABRICA: (40), MUESTRAS: (10), CENTRAL MONTERO: (0), A: (760), E: (3360);0;0;HANGZHOU-AM;FERIA BL;;4170;
CH-216030;;;"T20";FOCO 12V*21W,CUÑA GRANDE S-SOQUETE 1 FIL-NARANJA;ACCESORIO;2,7;0,01;0,0058;0,0001;1000;UNIVERSAL;ACCESORIOS;FOCOS;ÑEQUE;UNIDAD;CHINA;SUCURSAL KM.14: (10), CENTRAL MONTERO: (0), A: (990), E: (680);;;HANGZHOU-AM;;;1680;
CH-216025;;;"3157";FOCO 12V*27-7W, CUÑA GRANDE C-SOQUETE 2 FIL- BLANCO;ACCESORIO;3,6;0,009;0;0;1000;UNIVERSAL;ACCESORIOS;FOCOS;ÑEQUE;UNIDAD;CHINA;SUCURSAL KM.14: (9), CENTRAL MONTERO: (0), A: (519), E: (5100);;;HANGZHOU-AM;FERIA BL;;5628;
CH-216027;;;"3157";FOCO 12V*27-7W, CUÑA GRANDE C-SOQUETE 2 FIL- NARANJA;ACCESORIO;3,6;0,01;0,0058;0,0001;1000;UNIVERSAL;ACCESORIOS;FOCOS;ÑEQUE;UNIDAD;CHINA;SUCURSAL KM.14: (0), CENTRAL MONTERO: (0), A: (349), E: (3270);;;HANGZHOU-AM;FERIA BL;;3619;
CH-216024;;;"3156";FOCO 12V*27W, CUÑA GRANDE C-SOQUETE 1 FIL-BLANCO;ACCESORIO;2,7;0,009;0;0;1000;UNIVERSAL;ACCESORIOS;FOCOS;ÑEQUE;UNIDAD;CHINA;FALLAS DE FABRICA: (1), SUCURSAL KM.14: (2), CENTRAL MONTERO: (0), PAU: (0), A: (694), E: (4380);;;HANGZHOU-AM;FERIA BL;;5077;
CH-216026;;;3157;FOCO 12V*27W, CUÑA GRANDE C-SOQUETE 1 FIL-NARANJA;ACCESORIO;3,6;0,01;0,0058;0,0001;1000;UNIVERSAL;ACCESORIOS;FOCOS;ÑEQUE;UNIDAD;BOLIVIA;SUCURSAL KM.14: (0), CENTRAL MONTERO: (0), A: (590), E: (3670);;;HANGZHOU-AM;FERIA BL;;4260;
CH-216021;;;"HB1 9004";FOCO 9004 12V*100-80W, P-HALOGENO FAROL MD-BLANCO;ACCESORIO;9;0,0225;0;0;200;UNIVERSAL;ACCESORIOS;FOCOS;ÑEQUE;UNIDAD;CHINA;SUCURSAL KM.14: (4), MUESTRAS: (1), CENTRAL MONTERO: (0), A: (131), E: (3160);;;HANGZHOU-AM;;;3296;
CH-216022;;;"HB3 9005";FOCO 9005 12V*100W, P-HALOGENO FAROL MD-BLANCO;ACCESORIO;9;0,0275;0,011;0,0002;200;UNIVERSAL;ACCESORIOS;FOCOS;ÑEQUE;UNIDAD;CHINA;MUESTRAS: (1), CENTRAL MONTERO: (0), PAU: (0), A: (112), E: (1055);;;HANGZHOU-AM;;;1168;
CH-216023;;;"P22D 9006";FOCO 9006 12V*100W, P-HALOGENO FAROL MD-BLANCO;ACCESORIO;7,2;0,0225;0;0;200;UNIVERSAL;ACCESORIOS;FOCOS;ÑEQUE;UNIDAD;CHINA;CENTRAL MONTERO: (0), PAU: (0), A: (110), E: (1688);;;HANGZHOU-AM;FERIA BL;;1798;
CH-216020;;;"HB5 9007";FOCO 9007 12V*100-80W, P-HALOGENO FAROL MD-BLANCO;ACCESORIO;9;0,0425;0,0137;0,0002;200;UNIVERSAL;ACCESORIOS;FOCOS;ÑEQUE;UNIDAD;CHINA;SUCURSAL KM.14: (8), CENTRAL MONTERO: (0), A: (134), E: (2570);;;HANGZHOU-AM;FERIA BL;;2712;
CH-216002;;;"H1";FOCO H1 12V*100W, 1 FIL-BLANCO;ACCESORIO;4,5;0,009;0;0;1000;UNIVERSAL;ACCESORIOS;FOCOS;ÑEQUE;UNIDAD;CHINA;SUCURSAL RADIAL 26: (1), SUCURSAL KM.14: (10), MUESTRAS: (1), CENTRAL MONTERO: (0), PAU: (0), A: (4), E: (0);;;HANGZHOU-AM;;;16;
CH-216001;;;"H1";FOCO H1 12V*55W, 1 FIL-BLANCO;ACCESORIO;4,5;0,009;0;0;1000;UNIVERSAL;ACCESORIOS;FOCOS;ÑEQUE;UNIDAD;CHINA;SUCURSAL KM.14: (5), CENTRAL MONTERO: (0), PAU: (0), A: (469), E: (840);;;HANGZHOU-AM;;;1314;
CH-216019;;;"H11";FOCO H11 12V*100W, 1 FIL-BLANCO;ACCESORIO;9;0,0225;0;0;200;UNIVERSAL;ACCESORIOS;FOCOS;ÑEQUE;UNIDAD;CHINA;SUCURSAL RADIAL 26: (1), SUCURSAL KM.14: (6), CENTRAL MONTERO: (0), A: (1), E: (0);;;HANGZHOU-AM;;;8;
CH-216005;;;"PK22S H3";FOCO H3 12V*100W, P-HALOGENO-BLANCO;ACCESORIO;3,6;0,009;0;0;1000;UNIVERSAL;ACCESORIOS;FOCOS;ÑEQUE;UNIDAD;CHINA;SUCURSAL KM.14: (10), CENTRAL MONTERO: (0), A: (246), E: (3150);;;HANGZHOU-AM;;;3406;
CH-216006;;;"PK22S H3";FOCO H3 12V*100W, P-HALOGENO-BLUE;ACCESORIO;5,4;0,01;0,01;0,0001;1000;UNIVERSAL;ACCESORIOS;FOCOS;ÑEQUE;UNIDAD;CHINA;SUCURSAL KM.14: (10), PAU-A: (0), CENTRAL MONTERO: (0), A: (542), E: (750);;;HANGZHOU-AM;FERIA BL;;1302;
CH-216004;;;"H3";FOCO H3 12V*55W, P-HALOGENO-BLANCO;ACCESORIO;3,6;0,009;0;0;1000;UNIVERSAL;ACCESORIOS;FOCOS;ÑEQUE;UNIDAD;CHINA;SUCURSAL KM.14: (10), MUESTRAS: (1), CENTRAL MONTERO: (0), A: (345), E: (690);;;HANGZHOU-AM;FERIA BL;;1046;
CH-216010;;;"P43T H4";FOCO H4 12V*100-90W,P- FAROL-BLUE;ACCESORIO;10,8;0,04;0,0105;0,0002;200;UNIVERSAL;ACCESORIOS;FOCOS;ÑEQUE;UNIDAD;CHINA;SUCURSAL KM.14: (14), PAU-A: (0), MUESTRAS: (1), CENTRAL MONTERO: (0), PAU: (0), A: (175), E: (756);;;HANGZHOU-AM;;;946;
CH-216008;;;216008;FOCO H4 12V*130-100W, P- FAROL-BLANCO;ACCESORIO;8,1;0,035;0;0;200;UNIVERSAL;ACCESORIOS;FOCOS;ÑEQUE;UNIDAD;CHINA;SUCURSAL KM.14: (0), MUESTRAS: (1), CENTRAL MONTERO: (0), PAU: (0), A: (160), E: (4377);;;HANGZHOU-AM;FERIA BL;;4538;
CH-216007;;;"H4";FOCO H4 12V*60-55W, P- FAROL-BLANCO;ACCESORIO;8,1;0,035;0;0;200;UNIVERSAL;ACCESORIOS;FOCOS;ÑEQUE;UNIDAD;CHINA;FALLAS DE FABRICA: (5), SUCURSAL KM.14: (0), CENTRAL MONTERO: (0), PAU: (0), A: (95), E: (1097);;;HANGZHOU-AM;FERIA BL;;1197;
CH-216009;;;"P43T H4";FOCO H4 24V*100-90W, P-FAROL-BLANCO;ACCESORIO;8,1;0,04;0,0105;0,0002;200;UNIVERSAL;ACCESORIOS;FOCOS;ÑEQUE;UNIDAD;CHINA;SUCURSAL KM.14: (6), MUESTRAS: (1), CENTRAL MONTERO: (0), A: (29), E: (2180);;;HANGZHOU-AM;FERIA BL;;2216;
CH-216012;;;"H7";FOCO H7 12V*100W, P-HALOGENO FAROL-BLANCO;ACCESORIO;8,1;0,015;0;0;500;UNIVERSAL;ACCESORIOS;FOCOS;ÑEQUE;UNIDAD;BOLIVIA;SUCURSAL KM.14: (10), PAU-A: (0), MUESTRAS: (1), CENTRAL MONTERO: (0), A: (528), E: (2996);;;HANGZHOU-AM;FERIA BL;;3535;
CH-216013;;;"H7";FOCO H7 12V*100W,P-HALOGENO FAROL-BLUE;ACCESORIO;8,1;0,015;0;0;500;UNIVERSAL;ACCESORIOS;FOCOS;ÑEQUE;UNIDAD;CHINA;SUCURSAL KM.14: (9), CENTRAL MONTERO: (0), PAU: (0), A: (238), E: (2148);;;HANGZHOU-AM;FERIA BL;;2395;
CH-216070;;;;FOCO H7 12V*155 W, P/FAROL/BLANCO;ACCESORIO;8,1;0,03;0;0;500;UNIVERSAL;ACCESORIOS;VARIOS;ÑEQUE;UNIDAD;CHINA;SUCURSAL KM.14: (10), CENTRAL MONTERO: (0), PAU: (0), E: (970);;;HANGZHOU-AM;;;980;
CH-216011;;;"H7";FOCO H7 12V*55W, P-HALOGENO FAROL-BLANCO;ACCESORIO;6,3;0,015;0;0;500;UNIVERSAL;ACCESORIOS;FOCOS;ÑEQUE;UNIDAD;CHINA;SUCURSAL KM.14: (9), CENTRAL MONTERO: (-320), A: (0), E: (169);;;HANGZHOU-AM;FERIA BL;;-142;
CH-216015;;;"H8";FOCO H8 12V*100W, 1 FIL-BLANCO;ACCESORIO;9,9;0,0275;0,033;0,0002;200;UNIVERSAL;ACCESORIOS;FOCOS;ÑEQUE;UNIDAD;CHINA;SUCURSAL KM.14: (9), CENTRAL MONTERO: (0), PAU: (0), A: (116), E: (559);;;HANGZHOU-AM;FERIA BL;;684;
CH-216014;;;"H8";FOCO H8 12V*35W, 1 FIL-BLANCO;ACCESORIO;9;0,0275;0,033;0,0002;200;UNIVERSAL;ACCESORIOS;FOCOS;ÑEQUE;UNIDAD;CHINA;SUCURSAL KM.14: (10), MUESTRAS: (1), CENTRAL MONTERO: (0), A: (256), E: (460);;;HANGZHOU-AM;;;727;
CH-216017;;;"H9";FOCO H9 12V*100W, 1 FIL-BLANCO;ACCESORIO;9;0,0275;0,033;0,0002;200;UNIVERSAL;ACCESORIOS;FOCOS;ÑEQUE;UNIDAD;CHINA;SUCURSAL KM.14: (10), MUESTRAS: (1), CENTRAL MONTERO: (0), PAU: (0), A: (115), E: (640);;;HANGZHOU-AM;FERIA BL;;766;
CH-216016;;;"H9";FOCO H9 12V*65W, 1 FIL-BLANCO;ACCESORIO;9;0,0275;0,033;0,0002;200;UNIVERSAL;ACCESORIOS;FOCOS;ÑEQUE;UNIDAD;CHINA;SUCURSAL KM.14: (9), CENTRAL MONTERO: (0), A: (139), E: (700);;;HANGZHOU-AM;FERIA BL;;848;
215-2030N-AQ;;;;FOCO HALOGENO NISS, MURANO 08, NOTE 2006-10, PATHFHINDER 2004-05;ACCESORIO;352;0,1;0;0;12;NISSAN;ACCESORIOS;ILUMINACION;DEPO;UNIDAD;TAIWAN;E: (5);;;DEPO;;;5;
215-2022L-U;;;;FOCO HALOGENO ROMPENIEBLA NISSAN 720 -- 2002;ACCESORIO;215,1;0,1;0;0;12;NISSAN;ACCESORIOS;ILUMINACION;DEPO;UNIDAD;TAIWAN;SUCURSAL KM.14: (1), E: (1);;;DEPO;;;2;
215-2022R-U;;;;FOCO HALOGENO ROMPENIEBLA NISSAN 720 -- 2002;ACCESORIO;215,1;0,1;0;0;12;NISSAN;ACCESORIOS;ILUMINACION;DEPO;UNIDAD;TAIWAN;SUCURSAL KM.14: (1), E: (1);;;DEPO;;;2;
212-2089L-AQ;;;;FOCO HALOGENO ROMPENIEBLA TOY LAND CRUISER 012 - FJ200-;ACCESORIO;302,5;0,1;0;0;12;TOYOTA;ACCESORIOS;ILUMINACION;DEPO;UNIDAD;TAIWAN;SUCURSAL KM.14: (1), E: (6);;;DEPO;;;7;
212-2089R-AQ;;;;FOCO HALOGENO ROMPENIEBLA TOY LAND CRUISER 012 - FJ200-;ACCESORIO;302,5;0,1;0;0;12;TOYOTA;ACCESORIOS;ILUMINACION;DEPO;UNIDAD;TAIWAN;SUCURSAL KM.14: (1), E: (7);;;DEPO;;;8;
312-2016N-AS;;;;FOCO HALOGENO TOY TACOMA 05-09-SOLARA;ACCESORIO;477;0,1;0;0;12;TOYOTA;ACCESORIOS;ILUMINACION;DEPO;UNIDAD;TAIWAN;E: (10);;;DEPO;;;10;
CH-216042;;;"T8.5";FOCO T8,5 15V*4W, 1 FIL- BLANCO GUIÑADOR;ACCESORIO;0,9;0,004;0,013;0;1000;UNIVERSAL;ACCESORIOS;FOCOS;ÑEQUE;UNIDAD;CHINA;SUCURSAL RADIAL 26: (10), SUCURSAL KM.14: (8), MUESTRAS: (10), A: (550), E: (0);;;HANGZHOU-AM;FERIA BL;;578;
CH-216038;;;"SV8.5";FOCO TECHO SV8,5 12V*5W, 1 FIL- BLANCO 10*31;ACCESORIO;1,8;0,0015;0;0;2000;UNIVERSAL;ACCESORIOS;FOCOS;ÑEQUE;UNIDAD;CHINA;SUCURSAL KM.14: (9), CENTRAL MONTERO: (0), A: (770), E: (1630);;;HANGZHOU-AM;;;2409;
CH-216039;;;"SV8.5";FOCO TECHO SV8,5 12V*5W, 1 FIL- BLANCO 11*36;ACCESORIO;1,8;0,004;0,013;0;1000;UNIVERSAL;ACCESORIOS;FOCOS;ÑEQUE;UNIDAD;CHINA;SUCURSAL RADIAL 26: (10), SUCURSAL KM.14: (10), A: (500), E: (0);;;HANGZHOU-AM;;;520;
CH-216040;;;"SV8.5";FOCO TECHO V8,5 12V*5W, 1 FIL- BLANCO 11*39;ACCESORIO;1,8;0,004;0,013;0;1000;UNIVERSAL;ACCESORIOS;FOCOS;ÑEQUE;UNIDAD;CHINA;SUCURSAL RADIAL 26: (10), SUCURSAL KM.14: (9), MUESTRAS: (10), A: (520), E: (0);;;HANGZHOU-AM;;;549;
CH-216041;;;"SV8.5";FOCO TECHO V8,5 12V*5W, 1 FIL- BLANCO 11*41;ACCESORIO;1,8;0,0015;0;0;2000;UNIVERSAL;ACCESORIOS;FOCOS;ÑEQUE;UNIDAD;CHINA;SUCURSAL KM.14: (10), MUESTRAS: (10), CENTRAL MONTERO: (-10), PAU: (0), A: (880), E: (1840);;;HANGZHOU-AM;FERIA BL;;2730;
CH-216062;;;"D6S";FOCO XENON HID 42V,25W-4300K A-B;ACCESORIO;144,9;0,233;0,6667;0,0009;10;UNIVERSAL;ACCESORIOS;FOCOS;ÑEQUE;UNIDAD;CHINA;MUESTRAS: (1), A: (5), E: (0);;;HANGZHOU-AM;;;6;
CH-216063;;;"D8S";FOCO XENON HID 42V,25W-4300K A-B;ACCESORIO;249,3;0,1;0,4;0,0004;10;UNIVERSAL;ACCESORIOS;FOCOS;ÑEQUE;UNIDAD;CHINA;FALLAS DE FABRICA: (3), A: (8), E: (0);;;HANGZHOU-AM;FERIA BL;;11;
CH-216057;;;"D3S";FOCO XENON HID 42V,35W-6000K BL-A;ACCESORIO;188,1;0,13;0,32;0,0005;10;UNIVERSAL;ACCESORIOS;FOCOS;ÑEQUE;UNIDAD;CHINA;SUCURSAL RADIAL 26: (2), SUCURSAL KM.14: (2), PAU-A: (0), A: (81), E: (0);;;HANGZHOU-AM;FERIA BL;;85;
CH-216058;;;"D3R";FOCO XENON HID 42V,35W-6000K BL-A;ACCESORIO;188,1;0,065;0,16;0,0002;10;UNIVERSAL;ACCESORIOS;FOCOS;ÑEQUE;UNIDAD;CHINA;SUCURSAL RADIAL 26: (2), FALLAS DE FABRICA: (1), SUCURSAL KM.14: (2), MUESTRAS: (1), A: (86), E: (0);;;HANGZHOU-AM;;;92;
CH-216046;;;"9005";FOCO XENON HID 85V,35W- 5500K BL;ACCESORIO;51,3;0,14;0,31;0,0007;120;UNIVERSAL;ACCESORIOS;FOCOS;ÑEQUE;UNIDAD;CHINA;SUCURSAL RADIAL 26: (2), SUCURSAL KM.14: (2), A: (82), E: (0);;;HANGZHOU-AM;;;86;
CH-216044;;;"H3";FOCO XENON HID 85V,35W- 5500K BL;ACCESORIO;51,3;0,12;0,31;0,0007;120;UNIVERSAL;ACCESORIOS;FOCOS;ÑEQUE;UNIDAD;CHINA;SUCURSAL RADIAL 26: (2), SUCURSAL KM.14: (2), MUESTRAS: (1), A: (88), E: (0);;;HANGZHOU-AM;;;93;
CH-216048;;;"9007";FOCO XENON HID 85V,35W- 5500K BL;ACCESORIO;58,5;0,1;0,31;0,0007;120;UNIVERSAL;ACCESORIOS;FOCOS;ÑEQUE;UNIDAD;CHINA;SUCURSAL RADIAL 26: (2), SUCURSAL KM.14: (2), MUESTRAS: (1), A: (92), E: (0);;;HANGZHOU-AM;;;97;
CH-216045;;;"H4-2";FOCO XENON HID 85V,35W- 5500K BL;ACCESORIO;58,5;0,16;0,155;0,0007;100;UNIVERSAL;ACCESORIOS;FOCOS;ÑEQUE;UNIDAD;CHINA;SUCURSAL KM.14: (2), MUESTRAS: (1), A: (174), E: (0);;;HANGZHOU-AM;;;177;
CH-216050;;;"H4-3-X";FOCO XENON HID 85V,35W- 5500K BL SET;ACCESORIO;577,9;3,9;14500;0,0078;10;UNIVERSAL;ACCESORIOS;FOCOS;ÑEQUE;SET;CHINA;SUCURSAL KM.14: (1), MUESTRAS: (1), A: (5), E: (0);;;HANGZHOU-AM;;;7;
CH-216051;;;"9005";FOCO XENON HID 85V,35W- 5500K BL SET;ACCESORIO;432,9;3,9;14500;0,0078;10;UNIVERSAL;ACCESORIOS;FOCOS;ÑEQUE;SET;CHINA;SUCURSAL KM.14: (1), A: (12), E: (0);;;HANGZHOU-AM;;;13;
CH-216049;;;"H3 ";FOCO XENON HID 85V,35W- 5500K BL SET;ACCESORIO;427,5;3,8;14500;0,0078;10;UNIVERSAL;ACCESORIOS;FOCOS;ÑEQUE;SET;CHINA;SUCURSAL KM.14: (1), MUESTRAS: (2), A: (13), E: (0);;;HANGZHOU-AM;;;16;
CH-216052;;;"9007";FOCO XENON HID 85V,35W- 5500K BL SET;ACCESORIO;432,9;3,8;14500;0,0078;10;UNIVERSAL;ACCESORIOS;FOCOS;ÑEQUE;SET;CHINA;SUCURSAL KM.14: (1), A: (17), E: (0);;;HANGZHOU-AM;;;18;
CH-216068;;;"H4-3";FOCO XENON HID 85V,35W- 5500K BL SUELTO;ACCESORIO;130,5;0,22;0,73;0,0007;50;UNIVERSAL;ACCESORIOS;FOCOS;ÑEQUE;UNIDAD;CHINA;SUCURSAL RADIAL 26: (2), SUCURSAL KM.14: (2), MUESTRAS: (1), A: (42), E: (0);;;HANGZHOU-AM;;;47;
CH-216055;;;"D2S";FOCO XENON HID 85V,35W- 6000K BL-A;ACCESORIO;50,3;0,0366;0,1;0,0001;120;UNIVERSAL;ACCESORIOS;FOCOS;ÑEQUE;UNIDAD;CHINA;MUESTRAS: (0), A: (1), E: (0);;;HANGZHOU-AM;FERIA BL;;1;
CH-216053;;;"D1S";FOCO XENON HID 85V,35W- 6000K BL-A;ACCESORIO;137,8;0,0975;0,24;0,0004;120;UNIVERSAL;ACCESORIOS;FOCOS;ÑEQUE;UNIDAD;CHINA;SUCURSAL KM.14: (2), A: (104), E: (78);;;HANGZHOU-AM;;;184;
CH-216054;;;"D1R";FOCO XENON HID 85V,35W- 6000K BL-A;ACCESORIO;137,8;0,13;0,32;0,0005;120;UNIVERSAL;ACCESORIOS;FOCOS;ÑEQUE;UNIDAD;CHINA;SUCURSAL RADIAL 26: (2), SUCURSAL KM.14: (2), PAU-A: (0), MUESTRAS: (1), A: (105), E: (78);;;HANGZHOU-AM;FERIA BL;;188;
CH-216047;;;"9005";FOCO XENON HID 85V,50W- 5500K BL;ACCESORIO;58,5;0,14;0,31;0,0007;120;UNIVERSAL;ACCESORIOS;FOCOS;ÑEQUE;UNIDAD;CHINA;SUCURSAL RADIAL 26: (2), SUCURSAL KM.14: (2), MUESTRAS: (1), A: (93), E: (0);;;HANGZHOU-AM;FERIA BL;;98;
FUSIBLE-01;;;;FUSIBLE HIKARI;ELECTRICO;2;0,016;0,001;0,001;1;UNIVERSAL;ELECTRICO;VARIOS;HIKARI;UNIDAD;BRASIL;SUCURSAL KM.14: (26);;;FERIA BL;;;26;
TY10326AL;;TY10326AL;;GUARDAFANGO DEL TOY COROLLA '14-;ACCESORIO;633;0,1;0,01;0,01;1;TOYOTA;ACCESORIOS;PARTES;TYG;UNIDAD;TAIWAN;SUCURSAL KM.14: (1), F: (0);;;TONG YANG;;;1;
TY10326AR;;TY10326AR;;GUARDAFANGO DEL TOY COROLLA '14-;ACCESORIO;633;0,1;0,01;0,01;1;TOYOTA;ACCESORIOS;PARTES;TYG;UNIDAD;TAIWAN;SUCURSAL KM.14: (1), F: (0);;;TONG YANG;;;1;
SZ10029AL;;SZ10029AL;;GUARDAFANGO LAT DEL SUZUKI SWIFT '04- C-Ojo;ACCESORIO;443;0,1;0,01;0,01;1;SUZUKI;ACCESORIOS;PARTES;TYG;UNIDAD;TAIWAN;F: (1);;;TONG YANG;;;1;
SZ10029AR;;SZ10029AR;;GUARDAFANGO LAT DEL SUZUKI SWIFT '04- C-Ojo;ACCESORIO;443;0,1;0,01;0,01;1;SUZUKI;ACCESORIOS;PARTES;TYG;UNIDAD;TAIWAN;F: (2);;;TONG YANG;;;2;
TY10304AR;;TY10304AR;;GUARDAFANGO TOY HILUX-VIGO *12 P-U 2WD C-S,L,HOLE S-FLARE HO '12-;ACCESORIO;570;0,1;0,01;0,01;1;TOYOTA;ACCESORIOS;PARTES;TYG;UNIDAD;TAIWAN;F: (1);;;TONG YANG;;;1;
TY10277AL;;TY10277AL;;GUARDAFANGO TOY PRADO *10 Sin Agujero Lateral y Espejo;ACCESORIO;1518;0,1;0,01;0,01;1;TOYOTA;ACCESORIOS;PARTES;TYG;UNIDAD;TAIWAN;F: (1);;;TONG YANG;;;1;
TY10214BL;;TY10214BL;;GUARDAFANGO TOY RAV4 06-07 Del, C-Aguj, Rueda Moldua L;ACCESORIO;380;0,1;0,01;0,01;1;TOYOTA;ACCESORIOS;PARTES;TYG;UNIDAD;TAIWAN;F: (2);;;TONG YANG;;;2;
TY10214BR;;TY10214BR;;GUARDAFANGO TOY RAV4 06-07 Del, C-Aguj, Rueda Moldua R;ACCESORIO;380;0,1;0,01;0,01;1;TOYOTA;ACCESORIOS;PARTES;TYG;UNIDAD;TAIWAN;F: (1);;;TONG YANG;;;1;
TY10299AL;;TY10299AL;;GUARDAFANGO TOY YARIS 012;ACCESORIO;380;0,1;0,01;0,01;1;TOYOTA;ACCESORIOS;PARTES;TYG;UNIDAD;TAIWAN;F: (1);;;TONG YANG;;;1;
TY10332AR;;TY10332AR;;GUARDAFANGO TOY YARIS SEDAN-VIOS '13 RH W-O S,L,HOLE;ACCESORIO;633;0,1;0,01;0,01;5;TOYOTA;ACCESORIOS;PARTES;TYG;UNIDAD;TAIWAN;F: (4);;;TONG YANG;;;4;
214-1637R-YA;;214-1637-R-YA;;GUIÑADOR FRONTAL MITSUBISHI CANTER ’94 FB511 BAJO FAROL TRUCK;ACCESORIO;146;0,1;0;0;20;MITSUBISHI;ACCESORIOS;ILUMINACION;DEPO;UNIDAD;TAIWAN;SUCURSAL KM.14: (1), MUESTRAS: (1), A: (15), E: (27);;;DEPO;;;44;
214-1637L-YA;;214-1637-L-YA;;GUIÑADOR FRONTAL MITSUBISHI CANTER ’94 FB511 BAJO FAROL TRUCK;ACCESORIO;146;0,1;0;0;20;MITSUBISHI;ACCESORIOS;ILUMINACION;DEPO;UNIDAD;TAIWAN;SUCURSAL KM.14: (1), A: (17), E: (27);;;DEPO;;;45;
212-1603L-5XL;81520-55051;222821;;GUIÑADOR GUARDAFANGO TOY LAND CRUISER 74/80;ACCESORIO;37;0,588;0,5;0,5;25;TOYOTA;ACCESORIOS;ILUMINACION;LUCID;UNIDAD;TAIWAN;A: (1), E: (0);;;DEPO;FERIA BL;;1;
323-1501L-DS;;323-1501L-DS;229483;GUIÑADOR LAT KIA SPORTAGE,98-00;ACCESORIO;228;0,1;0;0;20;KIA;ACCESORIOS;ILUMINACION;DEPO;UNIDAD;TAIWAN;A: (14), E: (0);;;DEPO;;;14;
214-1508L-AE1;;MB527091;229507;GUIÑADOR LAT MIT, L200 87/94 CROMADO AE1;ACCESORIO;140;0,37;0,5;0,5;20;MITSUBISHI;ACCESORIOS;ILUMINACION;DEPO;UNIDAD;TAIWAN;SUCURSAL RADIAL 26: (1), A: (0), E: (0);;;DEPO;;;1;
215-1534L;;26165-H8560;229509;GUIÑADOR LAT NS SUNNY 82/83 NARANJA B310/302/303;ACCESORIO;38;0,0294;0,5;0,5;100;NISSAN;ACCESORIOS;ILUMINACION;DEPO;UNIDAD;TAIWAN;A: (9), E: (0);;;DEPO;;;9;
215-1534R;;26160-H8560;229510;GUIÑADOR LAT NS SUNNY 82/83 NARANJA B310/302/303;ACCESORIO;38;0,0294;0,5;0,5;100;NISSAN;ACCESORIOS;ILUMINACION;DEPO;UNIDAD;TAIWAN;A: (9), E: (0);;;DEPO;;;9;
219-1506L-A;219-1506L-A;;;GUIÑADOR LAT TOY HINO 03 FG-GH;ACCESORIO;153,4;0,1;0;0;10;TOYOTA;ACCESORIOS;ILUMINACION;DEPO;UNIDAD;TAIWAN;A: (1), E: (0);;;DEPO;FERIA BL;;1;
312-1646R-AF;;312-1646R-AF;229505;GUIÑADOR LAT TOY,FJ CRUSER ,07- 11 ,P-S-SML AF;ACCESORIO;797;0,1;0;0;10;TOYOTA;ACCESORIOS;ILUMINACION;DEPO;UNIDAD;TAIWAN;SUCURSAL KM.14: (1), A: (0), E: (1);;;DEPO;;;2;
213-1530RWA;;213-1530-RWA;;GUIÑADOR LAT, ISUZU CAMION NPR,NHR 2004-06;ACCESORIO;317;0,1;0;0;10;ISUZU;ACCESORIOS;ILUMINACION;DEPO;UNIDAD;TAIWAN;SUCURSAL KM.14: (1), E: (0);;;DEPO;;;1;
213-1530LWA;;213-1530-LWA;;GUIÑADOR LAT, ISUZU CAMION NPR,NHR 2004-06;ACCESORIO;317;0,1;0;0;10;ISUZU;ACCESORIOS;ILUMINACION;DEPO;UNIDAD;TAIWAN;SUCURSAL KM.14: (1), E: (2);;;DEPO;;;3;
214-1548L-AE-C;;214-1548L-AE-C;;GUIÑADOR LAT, MIT, LANCER 95 CK2 BLANCO;ACCESORIO;108;0,1;0;0;20;MITSUBISHI;ACCESORIOS;ILUMINACION;DEPO;UNIDAD;TAIWAN;SUCURSAL KM.14: (1), E: (0);;;DEPO;;;1;
214-1548R-AE-C;;214-1548R-AE-C;;GUIÑADOR LAT, MIT, LANCER 95 CK2 BLANCO;ACCESORIO;108;0,1;0;0;20;MITSUBISHI;ACCESORIOS;ILUMINACION;DEPO;UNIDAD;TAIWAN;SUCURSAL KM.14: (1), E: (0);;;DEPO;;;1;
214-1548R-AE-Y;;214-1548R-AE-Y;;GUIÑADOR LAT, MIT, LANCER 95 CK2 NARANJA;ACCESORIO;114;0,1;0;0;20;MITSUBISHI;ACCESORIOS;ILUMINACION;DEPO;UNIDAD;TAIWAN;A: (1), E: (0);;;DEPO;;;1;
214-1569L-AE;;214-1569L-AE;;GUIÑADOR LAT, MIT, ROSA 1998;ACCESORIO;570;0,79;0,5;0,5;20;MITSUBISHI;ACCESORIOS;ILUMINACION;DEPO;UNIDAD;BOLIVIA;MUESTRAS: (0), A: (15), E: (0);;;DEPO;FERIA BL;;15;
214-1569R-AE;;214-1569R-AE;;GUIÑADOR LAT, MIT, ROSA 1998;ACCESORIO;570;0,59;0,5;0,5;20;MITSUBISHI;ACCESORIOS;ILUMINACION;DEPO;UNIDAD;TAIWAN;A: (15), E: (0);;;DEPO;;;15;
214-1542R-CU;;214-1542R-CU;;GUIÑADOR LAT, MIT,FIGHTER 93 CAMION FM657-FK617;ACCESORIO;317;0,1;0;0;20;MITSUBISHI;ACCESORIOS;ILUMINACION;DEPO;UNIDAD;TAIWAN;SUCURSAL KM.14: (1), A: (5), E: (9);;;DEPO;;;15;
214-1542L-CU;;214-1542L-CU;;GUIÑADOR LAT, MIT,FIGHTER 93 CAMION FM657-FK617;ACCESORIO;317;0,1;0;0;20;MITSUBISHI;ACCESORIOS;ILUMINACION;DEPO;UNIDAD;TAIWAN;SUCURSAL KM.14: (1), A: (6), E: (9);;;DEPO;;;16;
215-15A5L1A;;215-15A5L1A;;GUIÑADOR LAT, NISS, CAMION CKA451;ACCESORIO;405;0,1;0;0;12;NISSAN;ACCESORIOS;ILUMINACION;DEPO;UNIDAD;TAIWAN;SUCURSAL RADIAL 26: (2), SUCURSAL KM.14: (1), A: (8), E: (1);;;DEPO;FERIA BL;;12;
215-15A5R1A;;215-15A5R1A;;GUIÑADOR LAT, NISS, CAMION CKA451;ACCESORIO;405;0,1;0;0;12;NISSAN;ACCESORIOS;ILUMINACION;DEPO;UNIDAD;TAIWAN;SUCURSAL RADIAL 26: (2), SUCURSAL KM.14: (1), A: (8), E: (1);;;DEPO;FERIA BL;;12;
221-1508R-UE;221-1508-R-UE;;226127;GUIÑADOR LATERAL HYUNDAI ACCENT 96 4D;ACCESORIO;46,7;0,1;0;0;20;HYUNDAY;ACCESORIOS;ILUMINACION;DEPO;UNIDAD;TAIWAN;PAU: (0), E: (1);;;DEPO;FERIA BL;;1;
216-1508R-C;;216-1508-R-C;216-1508-R-C;GUIÑADOR LATERAL MAZDA 85-88 B1600-B1800-B2000 CAMIONETA;ACCESORIO;45;0,5;0,5;0,5;50;MAZDA;ACCESORIOS;ILUMINACION;DEPO;UNIDAD;TAIWAN;SUCURSAL KM.14: (1), PAU: (0), E: (12);;;DEPO;;;13;
216-1508L-C;;216-1508-L-C;216-1508-L-C;GUIÑADOR LATERAL MAZDA 85-88 B1600-B1800-B2000 CAMIONETA;ACCESORIO;45;0,5;0,5;0,5;50;MAZDA;ACCESORIOS;ILUMINACION;DEPO;UNIDAD;TAIWAN;SUCURSAL KM.14: (1), A: (4), E: (23);;;DEPO;FERIA BL;;28;
216-1508L-Y;;216-1508-L-Y;216-1508-L-Y;GUIÑADOR LATERAL MAZDA 85-88 B1600-B1800-B2000 NARANJA CAMIONETA;ACCESORIO;45;0,5;0,5;0,5;50;MAZDA;ACCESORIOS;ILUMINACION;DEPO;UNIDAD;TAIWAN;SUCURSAL KM.14: (1), A: (3), E: (15);;;DEPO;;;19;
216-1508R-Y;;216-1508-R-Y;216-1508-R-Y;GUIÑADOR LATERAL MAZDA 85-88 B1600-B1800-B2000 NARANJA CAMIONETA;ACCESORIO;45;0,5;0,5;0,5;50;MAZDA;ACCESORIOS;ILUMINACION;DEPO;UNIDAD;TAIWAN;SUCURSAL KM.14: (1), E: (20);;;DEPO;FERIA BL;;21;
214-1543R-A;;214-1543R-A;229064;GUIÑADOR LATERAL MITSUBISHI CANTER 94 FB 511;ACCESORIO;70;0,1;0;0;20;MITSUBISHI;ACCESORIOS;ILUMINACION;DEPO;UNIDAD;BOLIVIA;PAU: (0), A: (7), E: (0);;;DEPO;FERIA BL;;7;
214-1531L-AE;;214-1531-L;222842;GUIÑADOR LATERAL MITSUBISHI MONTERO 95;ACCESORIO;140;0,55;0,5;0,5;20;MITSUBISHI;ACCESORIOS;ILUMINACION;DEPO;UNIDAD;TAIWAN;MUESTRAS: (1), A: (0), E: (0);;;DEPO;;;1;
215-1504R-1;;215-1504-R-1;223171;GUIÑADOR LATERAL NISS 84-85 720 CAMIO CROME;ACCESORIO;58;0,1;0;0;50;NISSAN;ACCESORIOS;ILUMINACION;DEPO;UNIDAD;TAIWAN;A: (9), E: (0);;;DEPO;;;9;
215-1542L-A;;215-1542-L;222847;GUIÑADOR LATERAL NISSAN B12;ACCESORIO;64;0,31;0,5;0,5;20;NISSAN;ACCESORIOS;ILUMINACION;LUCID;UNIDAD;TAIWAN;A: (2), E: (0);;;DEPO;;;2;
215-1504R-4;;215-1504-4R;223093;GUIÑADOR LATERAL NISSAN CAMIONETA 84-85 BLACK;ACCESORIO;51;0,1;0;0;50;NISSAN;ACCESORIOS;ILUMINACION;DEPO;UNIDAD;TAIWAN;A: (3), E: (0);;;DEPO;;;3;
215-1558L-6A;;215-1558-6L;;GUIÑADOR LATERAL NISSAN PATHFINDER 90 NEGRO;ACCESORIO;58;0,1;0;0;20;NISSAN;ACCESORIOS;ILUMINACION;DEPO;UNIDAD;TAIWAN;A: (1), E: (0);;;DEPO;;;1;
215-1559R-1A;;B6170-60G00;B6170-60G00;GUIÑADOR LATERAL NISSAN PATHFINDER 93 CRO;ACCESORIO;76;0,274;0,5;0,5;20;NISSAN;ACCESORIOS;ILUMINACION;LUCID;UNIDAD;TAIWAN;A: (1), E: (0);;;DEPO;;;1;
315-1534L-US;;315-1534-L-US;226156;GUIÑADOR LATERAL NISSAN PATHFINDER 98-2004 USA;ACCESORIO;190;0,1;0;0;20;NISSAN;ACCESORIOS;ILUMINACION;DEPO;UNIDAD;TAIWAN;SUCURSAL KM.14: (1), A: (0), E: (1);;;DEPO;;;2;
315-1534R-US;;315-1534-R-US;226157;GUIÑADOR LATERAL NISSAN PATHFINDER 98-2004 USA;ACCESORIO;190;0,1;0;0;20;NISSAN;ACCESORIOS;ILUMINACION;DEPO;UNIDAD;TAIWAN;SUCURSAL KM.14: (1), A: (7), E: (2);;;DEPO;FERIA BL;;10;
215-15A2R-A;;26120-4M401;229212;GUIÑADOR LATERAL NISSAN SUNNY 00 INDICATOR B15 ’99;ACCESORIO;190;0,49;0,5;0,5;20;NISSAN;ACCESORIOS;ILUMINACION;DEPO;UNIDAD;TAIWAN;PAU: (0), A: (6), E: (0);;;DEPO;;;6;
212-1524R-U;;212-1524-R;212-1524-R;GUIÑADOR LATERAL TOY COROLLA 88-90;ACCESORIO;70;0,5;0,5;0,5;20;TOYOTA;ACCESORIOS;ILUMINACION;DEPO;UNIDAD;TAIWAN;SUCURSAL RADIAL 26: (2), SUCURSAL KM.14: (0), A: (2), E: (0);;;DEPO;;;4;
212-1520L-1A;;212-1520-1L;222923;GUIÑADOR LATERAL TOY COROLLA AE81 CROMADO;ACCESORIO;102;0,1;0;0;20;TOYOTA;ACCESORIOS;ILUMINACION;DEPO;UNIDAD;TAIWAN;A: (1), E: (0);;;DEPO;;;1;
212-1520R-1A;;212-1520-1R;222922;GUIÑADOR LATERAL TOY COROLLA AE81 CROMADO;ACCESORIO;102;0,1;0;0;20;TOYOTA;ACCESORIOS;ILUMINACION;DEPO;UNIDAD;BOLIVIA;A: (4), E: (0);;;DEPO;FERIA BL;;4;
212-15G5L-UE;;212-15G5-L-UE;;GUIÑADOR LATERAL TOY DINA 2003-HINODUTRO;ACCESORIO;329;0,1;0;0;20;TOYOTA;ACCESORIOS;ILUMINACION;DEPO;UNIDAD;TAIWAN;A: (1), E: (0);;;DEPO;;;1;
212-1593RWA;;212-1593-R-WA;226085;GUIÑADOR LATERAL TOY DYNA 95 YL110-211 BU102-120 NARANJA;ACCESORIO;83;0,1;0;0;20;TOYOTA;ACCESORIOS;ILUMINACION;DEPO;UNIDAD;TAIWAN;PAU: (0), A: (4), E: (0);;;DEPO;;;4;
212-1623L;212-1623-L;;222953;GUIÑADOR LATERAL TOY DYNA BLANCO-NARANJA;ACCESORIO;25,1;0,1;0;0;20;TOYOTA;ACCESORIOS;ILUMINACION;DEPO;UNIDAD;TAIWAN;PAU: (0), A: (1), E: (0);;;DEPO;FERIA BL;;1;
212-15D5L-A;;212-15D5L-A;223073;GUIÑADOR LATERAL TOY HIACE 93-94;ACCESORIO;146;0,1;0;0;20;TOYOTA;ACCESORIOS;ILUMINACION;DEPO;UNIDAD;TAIWAN;A: (3), E: (0);;;DEPO;;;3;
212-1613L-1X;;81620-39845;226222;GUIÑADOR LATERAL TOY HILUX 84/87 CROME X;ACCESORIO;64;0,286;0,5;0,5;50;TOYOTA;ACCESORIOS;ILUMINACION;LUCID;UNIDAD;BOLIVIA;A: (3), E: (0);;;DEPO;FERIA BL;;3;
212-15C3L-AE3;;212-15C3-3L;;GUIÑADOR LATERAL TOY HILUX 98-2000 CROM-NEGRO;ACCESORIO;140;0,1;0;0;20;TOYOTA;ACCESORIOS;ILUMINACION;DEPO;UNIDAD;TAIWAN;A: (1), E: (0);;;DEPO;;;1;
212-1509L-1;;212-1509-1L;222986;GUIÑADOR LATERAL TOY LAND CRUISER 84-87;ACCESORIO;108;0,1;0;0;20;TOYOTA;ACCESORIOS;ILUMINACION;DEPO;UNIDAD;TAIWAN;A: (5), E: (14);;;DEPO;;;19;
212-15G6L-AE1;;81520-60410;212-15G6-1-L;GUIÑADOR LATERAL TOY LAND CRUISSER 2003/5/6 FJ75;ACCESORIO;254;0,85;0,5;0,5;12;TOYOTA;ACCESORIOS;ILUMINACION;DEPO;UNIDAD;TAIWAN;A: (9), E: (0);;;DEPO;;;9;
312-1539L-AS;;226114;;GUIÑADOR LATERAL TOY RUNNER 96/2001;ACCESORIO;254;0,49;0,5;0,5;20;TOYOTA;ACCESORIOS;ILUMINACION;DEPO;UNIDAD;BOLIVIA;A: (6), E: (0);;;DEPO;FERIA BL;;6;
312-1521L-AS-L6;;312-1521-L-AS-L6;223195;GUIÑADOR LATERAL TOY RUNNER 97/98 ASL6;ACCESORIO;216;0,435;0,5;0,5;20;TOYOTA;ACCESORIOS;ILUMINACION;DEPO;UNIDAD;TAIWAN;SUCURSAL RADIAL 26: (0), A: (1), E: (1);;;DEPO;FERIA BL;;2;
312-1556L-AF;;312-1556-L-AS;229069;GUIÑADOR LATERAL TOY SEQUOIA-TUNDRA 05-06 USA;ACCESORIO;696;0,1;0;0;10;TOYOTA;ACCESORIOS;ILUMINACION;DEPO;UNIDAD;TAIWAN;A: (3), E: (0);;;DEPO;;;3;
212-15A0R-AE;;81511-10270;226027;GUIÑADOR LATERAL TOY STARLEY 95;ACCESORIO;190;0,466;0,5;0,5;20;TOYOTA;ACCESORIOS;ILUMINACION;DEPO;UNIDAD;TAIWAN;A: (13), E: (0);;;DEPO;;;13;
212-15A0L-AE;;81521-10250;226026;GUIÑADOR LATERAL TOY STARLEY 95/96;ACCESORIO;190;0,466;0,5;0,5;20;TOYOTA;ACCESORIOS;ILUMINACION;DEPO;UNIDAD;TAIWAN;A: (7), E: (0);;;DEPO;;;7;
212-1540R-AE;212-1540-AE-R;;212-1540-AE-R;GUIÑADOR LATERAL TOY-HILUX CROM-OSC 88 4WD;ACCESORIO;48,8;0,5;0,5;0,5;50;TOYOTA;ACCESORIOS;ILUMINACION;DEPO;UNIDAD;TAIWAN;A: (0), E: (1);;;DEPO;FERIA BL;;1;
212-15D3L-UE;;226236;226236;GUIÑADOR LATERAL TY FJ100 LAND CRUISSER 2002 LEXSUS;ACCESORIO;146;0,6;0,5;0,5;20;TOYOTA;ACCESORIOS;ILUMINACION;DEPO;UNIDAD;BOLIVIA;A: (6), E: (0);;;DEPO;FERIA BL;;6;
213-1619L-AE;;213-1619-L-AE;213-1619-L-AE;GUIÑADOR PARACHOQUE ISUZU LUV 99 NARANJA;ACCESORIO;45;0,5;0,5;0,5;50;ISUZO;ACCESORIOS;ILUMINACION;DEPO;UNIDAD;TAIWAN;SUCURSAL KM.14: (1), PAU: (0), A: (0), E: (16);;;DEPO;FERIA BL;;17;
213-1619R-AE;;213-1619-R-AE;213-1619-R-X;GUIÑADOR PARACHOQUE ISUZU LUV 99 NARANJA TFR;ACCESORIO;45;0,5;0,5;0,5;50;ISUZO;ACCESORIOS;ILUMINACION;DEPO;UNIDAD;TAIWAN;SUCURSAL KM.14: (1), E: (14);;;DEPO;FERIA BL;;15;
215-1652R;;223176;;GUIÑADOR PARACHOQUE NISSAN PATHFINDER 95;ACCESORIO;18,5;0,238;0,5;0,5;50;NISSAN;ACCESORIOS;ILUMINACION;LUCID;UNIDAD;TAIWAN;A: (0), E: (-1);;;DEPO;;;-1;
218-1605R-A;;218-1605-R;;GUIÑADOR PARACHOQUE SUZUKI ALTO-TICO;ACCESORIO;45;0,1;0;0;50;SUZUKI;ACCESORIOS;ILUMINACION;DEPO;UNIDAD;TAIWAN;SUCURSAL RADIAL 26: (2), SUCURSAL KM.14: (1), A: (24), E: (0);;;DEPO;;;27;
218-1605L-A;;218-1605-L;;GUIÑADOR PARACHOQUE SUZUKI ALTO-TIKO;ACCESORIO;45;0,1;0;0;50;SUZUKI;ACCESORIOS;ILUMINACION;DEPO;UNIDAD;TAIWAN;SUCURSAL RADIAL 26: (2), SUCURSAL KM.14: (1), A: (24), E: (0);;;DEPO;;;27;
218-1602L-L;;218-1602-L;223015;GUIÑADOR PARACHOQUE SUZUKI CARRY;ACCESORIO;38;0,1;0;0;50;SUZUKI;ACCESORIOS;ILUMINACION;DEPO;UNIDAD;TAIWAN;SUCURSAL KM.14: (1), A: (0), E: (0);;;DEPO;;;1;
218-1602R-L;;218-1602-R;223016;GUIÑADOR PARACHOQUE SUZUKI CARRY;ACCESORIO;38;0,1;0;0;50;SUZUKI;ACCESORIOS;ILUMINACION;DEPO;UNIDAD;TAIWAN;SUCURSAL KM.14: (1), A: (0), E: (0);;;DEPO;;;1;
212-1647L-AE;;212-1647-L;;GUIÑADOR PARACHOQUE TOY CORRO 88-90;ACCESORIO;64;0,1;0;0;20;TOYOTA;ACCESORIOS;ILUMINACION;DEPO;UNIDAD;TAIWAN;A: (1), E: (0);;;DEPO;;;1;
212-1647R-AE;;212-1647-R;;GUIÑADOR PARACHOQUE TOY CORRO 88-90;ACCESORIO;64;0,1;0;0;20;TOYOTA;ACCESORIOS;ILUMINACION;DEPO;UNIDAD;TAIWAN;E: (5);;;DEPO;;;5;
214-1647R-UE;;214-1647R-UE;;GUIÑADOR PARACHQ, MITSUBISHI L-300 ,01,FRONT;ACCESORIO;114;0,1;0;0;20;MITSUBISHI;ACCESORIOS;ILUMINACION;DEPO;UNIDAD;TAIWAN;PAU-A: (0), A: (6), E: (-2);;;DEPO;;;4;
214-1647L-UE;;214-1647L-UE;;GUIÑADOR PARACHQ, MITSUBISHI L-300 ,01,FRONT;ACCESORIO;114;0,1;0;0;20;MITSUBISHI;ACCESORIOS;ILUMINACION;DEPO;UNIDAD;TAIWAN;PAU: (0), A: (8), E: (0);;;DEPO;;;8;
212-1682R-AE;;212-1682-R-AE;;GUIÑADOR PRACHOQUE TOY RAV4 98-00 CRISTAL;ACCESORIO;329;0,1;0;0;20;TOYOTA;ACCESORIOS;ILUMINACION;DEPO;UNIDAD;TAIWAN;SUCURSAL KM.14: (1), A: (0), E: (0);;;DEPO;;;1;
212-1682L-AE;;212-1682-L-AE;;GUIÑADOR PRACHOQUE TOY RAV4 98-00 CRISTAL;ACCESORIO;329;0,1;0;0;20;TOYOTA;ACCESORIOS;ILUMINACION;DEPO;UNIDAD;TAIWAN;SUCURSAL RADIAL 26: (1), SUCURSAL KM.14: (1), A: (0), E: (0);;;DEPO;;;2;
223206;;69220-12110-L;;JALADOR EXT DELANTERO TOY COROLLA 90;REPUESTO;38;0,5;;;1;TOYOTA;ACCESORIO;VARIOS;SIN MARCA;UNIDAD;CHINA;A: (1);;;FERIA BL;;;1;
223266;;LZ-01-101-BLACK;;JALADOR EXT, CORREDIZO FOTON 15~22 KINLONG BUFALO~20 TY HI QUANTUM BUFALO Mod,'05-'13 RH NEGRO;ACCESORIO;178;0,9;0,001;0,001;1;TOYOTA;ACCESORIO;FOTON;SIN MARCA;UNIDAD;CHINA;SUCURSAL RADIAL 26: (1), SUCURSAL KM.14: (0), A: (0);;;FERIA BL;;;1;
TY3217A-MR;;69230-26070;;JALADOR EXT, CORREDIZO FOTON 15~22 KINLONG BUFALO~20 TY HI QUANTUM BUFALO Mod,'05-'13 RH NEGRO;ACCESORIO;178;0,115;0,001;0,001;10;TOYOTA;ACCESORIO;KIN LONG;HU;PIEZA;TAIWAN;SUCURSAL KM.14: (1), MUESTRAS: (1), A: (0);;;MA&A;;;2;
TY3217M-MR;;;;JALADOR EXT,P/CORREDIZO RH FOTON 15~22 KINLONG BUFALO~20 TY HI QUANTUM BUFALO 05~13 CROMADO;ACCESORIO;228;0,125;0,001;0,001;10;TOYOTA;ACCESORIO;KIN LONG;HU;PIEZA;TAIWAN;SUCURSAL KM.14: (1), MUESTRAS: (0), A: (0);;;MA&A;;;1;
TY3217M-FL;;;;JALADOR EXT,P/DEL LH FOTON 15~22 KINLONG BUFALO~20 TY HI QUANTUM BUFALO 05~13 CROMADO,C/Tapa;ACCESORIO;228;0,15;0,001;0,001;10;TOYOTA;ACCESORIO;KIN LONG;HU;PIEZA;TAIWAN;SUCURSAL KM.14: (1), MUESTRAS: (1), A: (0);;;MA&A;;;2;
TY3217A-FL;;;;JALADOR EXT,P/DEL LH FOTON 15~22 TY HI QUANTUM BUFALO Mod,'05-'13 NEGRO;ACCESORIO;228;0,15;0,001;0,001;10;TOYOTA;ACCESORIO;FOTON;HU;PIEZA;TAIWAN;SUCURSAL RADIAL 26: (1), SUCURSAL KM.14: (1), MUESTRAS: (1), A: (0);;;MA&A;;;3;
TY3215A-FL;;;;JALADOR EXT,P/DEL LH KINLOG 00~15~20 TY HI JIN BEI JIN CHEN YH71/RZH104 90- NEGRO;ACCESORIO;89;0,135;0,001;0,001;10;TOYOTA;ACCESORIO;KIN LONG;HU;PIEZA;TAIWAN;SUCURSAL RADIAL 26: (1), SUCURSAL KM.14: (1), MUESTRAS: (1), A: (0);;;MA&A;;;3;
TY3217M-FR;;;;JALADOR EXT,P/DEL RH FOTON 15~22 KINLONG BUFALO~20 TY HI QUANTUM BUFALO 05~13 CROMADO,C/Tapa;ACCESORIO;228;0,135;0,001;0,001;10;TOYOTA;ACCESORIO;KIN LONG;HU;PIEZA;TAIWAN;SUCURSAL RADIAL 26: (1), SUCURSAL KM.14: (1), MUESTRAS: (1), A: (2);;;MA&A;;;5;
TY3217A-FR;;;;JALADOR EXT,P/DEL RH FOTON 15~22 TY HI QUANTUM BUFALO Mod,'05-'13 NEGRO;ACCESORIO;190;0,145;0,001;0,001;10;TOYOTA;ACCESORIO;FOTON;HU;PIEZA;TAIWAN;SUCURSAL RADIAL 26: (1), SUCURSAL KM.14: (1), MUESTRAS: (1), A: (5);;;MA&A;;;8;
TY3215A-FR;;;;JALADOR EXT,P/DEL RH KINLOG 00~15~20 TY HI JIN BEI JIN CHEN YH71/RZH104 90- NEGRO;ACCESORIO;89;0,135;0,001;0,001;10;TOYOTA;ACCESORIO;KIN LONG;HU;PIEZA;TAIWAN;SUCURSAL RADIAL 26: (1), SUCURSAL KM.14: (0), MUESTRAS: (1), A: (2);;;MA&A;;;4;
TY2565M-RR;;;;JALADOR INT,CORREDIZO RH FOTON 15~22 KINLONG BUFALO~20 TY HI H200 Q BU 05~13 CROMADO;ACCESORIO;279;0,225;0,001;0,001;10;TOYOTA;ACCESORIO;KIN LONG;HU;PIEZA;TAIWAN;SUCURSAL RADIAL 26: (1), SUCURSAL KM.14: (0), MUESTRAS: (1), A: (0);;;MA&A;;;2;
TY2565G-RR;;;;JALADOR INT,CORREDIZO RH FOTON 15~22 KINLONG BUFALO~20 TY HI H200 Q BU 05~13 Gris PLOMO;ACCESORIO;228;0,25;0,001;0,001;10;TOYOTA;ACCESORIO;KIN LONG;HU;PIEZA;TAIWAN;SUCURSAL KM.14: (0), MUESTRAS: (1), A: (1);;;MA&A;FERIA BL;;2;
223252;;JT-LS-0011;;JALADOR INT,CORREDIZO RH FOTON 15~22 KINLONG BUFALO~20 TY HI H200 Q BU 05~13 Gris PLOMO;ACCESORIO;228;0,95;0,001;0,001;1;TOYOTA;ACCESORIO;FOTON;SIN MARCA;UNIDAD;CHINA;SUCURSAL RADIAL 26: (1), SUCURSAL KM.14: (1), A: (0);;;FERIA BL;;;2;
TY2567M-R;;;;JALADOR INT,DEL FOTON 15~22 KINLONG BUFALO~20 TY HI H200 HILUX VIGO HIACE COROLLA ALTIS 03-08 CROMADO;ACCESORIO;190;0,085;0,001;0,001;10;TOYOTA;ACCESORIO;KIN LONG;HU;PIEZA;TAIWAN;SUCURSAL RADIAL 26: (1), SUCURSAL KM.14: (1), MUESTRAS: (1), A: (3);;;MA&A;;;6;
CP1080-L;;L FT-12-190-L;;JALADOR INT,LH KINLOG 00~15~20 MODF TAPA //JIMBEY TY HI~90;ACCESORIO;89;0,135;0,001;0,001;10;TOYOTA;ACCESORIO;KIN LONG;HU;PIEZA;TAIWAN;SUCURSAL RADIAL 26: (0), SUCURSAL KM.14: (1), MUESTRAS: (1), A: (1);;;MA&A;;;3;
CP1080-R;;L FT-12-190-R;;JALADOR INT,RH KINLOG 00~15~20 MODF TAPA //JIMBEY TY HI~90;ACCESORIO;89;0,135;0,001;0,001;10;TOYOTA;ACCESORIO;KIN LONG;HU;PIEZA;TAIWAN;SUCURSAL RADIAL 26: (1), SUCURSAL KM.14: (0), MUESTRAS: (1), A: (0);;;MA&A;;;2;
TY3215-TG-TL;;;;JALADOR MALETERA KINLOG 00~15~20 TY H-90 JIMBEY HI LOBO NEGRO 90~04;ACCESORIO;443;0,465;0,001;0,001;10;TOYOTA;ACCESORIO;KIN LONG;HU;PIEZA;TAIWAN;SUCURSAL KM.14: (1), A: (0);;;MA&A;;;1;
MZ07099GA;;MZ07099GA;;MASCARA MAZDA BT-50 P-U *07 Crom, Pint, Silver, '07-;ACCESORIO;545;0,1;0,01;0,01;5;MAZDA;ACCESORIOS;PARTES;TYG;UNIDAD;TAIWAN;F: (0), A: (3);;;TONG YANG;;;3;
MB07146GAR;MB07146GAR;;;MASCARA MITSUBISHI L200 *08 R Negra Cromada '05-;ACCESORIO;160,4;0,1;0,01;0,01;5;MITSUBISHI;ACCESORIOS;PARTES;TYG;UNIDAD;TAIWAN;F: (1), A: (0);;;TONG YANG;FERIA BL;;1;
SZ07048MA;;SZ07048MA;;MASCARA MOLDE BAJO SUZUKI GRAN VIRARA 06-08 Cromada;ACCESORIO;507;0,1;0,01;0,01;5;SUZUKI;ACCESORIOS;PARTES;TYG;UNIDAD;TAIWAN;F: (0), A: (4);;;TONG YANG;;;4;
DS07277GB;;DS07277GB;;MASCARA NISSAN FRONTIER 720-2WD 06-08 Crom Gris (DS0510GC);ACCESORIO;570;0,1;0,01;0,01;5;NISSAN;ACCESORIOS;PARTES;TYG;UNIDAD;CHINA;F: (0), A: (8);;;TONG YANG;FERIA BL;;8;
DS07055GE;;DS07055GE;;MASCARA NISSAN PICKUP D21 86 NEGRO CAMIONETA;ACCESORIO;380;0,1;0,01;0,01;5;NISSAN;ACCESORIOS;PARTES;TYG;UNIDAD;TAIWAN;SUCURSAL KM.14: (1), F: (0), A: (0);;;TONG YANG;;;1;
TY07571GA;;TY07571GA;;MASCARA P-PARACHOQUE TOY 4WD RUNNER 014 Del, Osc,Gris W-moldu,cromada;ACCESORIO;1076;0,1;0,01;0,01;5;TOYOTA;ACCESORIOS;PARTES;TYG;UNIDAD;TAIWAN;SUCURSAL RADIAL 26: (1), SUCURSAL KM.14: (1), F: (0), A: (3);;;TONG YANG;;;5;
TY07473GA;;TY07473GA;;MASCARA P-PARACHOQUE TOY 4WD RUNNER Del, Mat-Neg, '10-;ACCESORIO;443;0,1;0,01;0,01;5;TOYOTA;ACCESORIOS;PARTES;TYG;UNIDAD;TAIWAN;SUCURSAL RADIAL 26: (1), SUCURSAL KM.14: (1), F: (0), A: (3);;;TONG YANG;;;5;
TY07547GA;;TY07547GA;;MASCARA P-PARACHOQUE TOY RAV-4 *13 Del, Mat- gris oscuro USA built '13;ACCESORIO;254;0,1;0,01;0,01;5;TOYOTA;ACCESORIOS;PARTES;TYG;UNIDAD;TAIWAN;F: (0), A: (1);;;TONG YANG;;;1;
TY07573GA;;TY07573GA;;MASCARA P-PARACHOQUE TOY RUNNER 014 Del, Osc,Gris C-moldura cromada (;ACCESORIO;4428;0,1;0,01;0,01;5;TOYOTA;ACCESORIOS;PARTES;TYG;UNIDAD;TAIWAN;F: (0), A: (2);;;TONG YANG;;;2;
SZ07035GB;;SZ07035GB;;MASCARA SUZUKI BALENO 98-99 crom-neg-GREY;ACCESORIO;1013;0,1;0,01;0,01;5;SUZUKI;ACCESORIOS;PARTES;TYG;UNIDAD;TAIWAN;PAU: (0), F: (0), A: (10);;;TONG YANG;;;10;
SZ07060GA;;SZ07060GA;;MASCARA SUZUKI GRAN VITARA *09 Crom,Negro, '09-;ACCESORIO;759;0,1;0,01;0,01;5;SUZUKI;ACCESORIOS;PARTES;TYG;UNIDAD;TAIWAN;SUCURSAL KM.14: (1), F: (0), A: (0);;;TONG YANG;;;1;
SZ07065GA;;SZ07065GA;;MASCARA SUZUKI JIMY *02 (central) Mat-Ngra (EURO) '02-;ACCESORIO;127;0,1;0,01;0,01;5;SUZUKI;ACCESORIOS;PARTES;TYG;UNIDAD;TAIWAN;F: (0), A: (5);;;TONG YANG;;;5;
SZ07066GA;;SZ07066GA;;MASCARA SUZUKI JIMY *02 P-LOGO (central) Mat-Ngra (EURO) '02-;ACCESORIO;127;0,1;0,01;0,01;5;SUZUKI;ACCESORIOS;PARTES;TYG;UNIDAD;TAIWAN;F: (0), A: (5);;;TONG YANG;;;5;
SZ07067GA;;SZ07067GA;;MASCARA SUZUKI SWIFT SPORT *12 Prime-Ngro (EURO) '12- (RADIADOR GRILL;ACCESORIO;469;0,1;0,01;0,01;5;SUZUKI;ACCESORIOS;PARTES;TYG;UNIDAD;TAIWAN;SUCURSAL RADIAL 26: (1), F: (0), A: (3);;;TONG YANG;;;4;
TY07568GA;;TY07568GA;;MASCARA TOY 4WD RUNNER 14 Mat-Ngra C-Moldrua Ngra '14-;ACCESORIO;1898;0,1;0,01;0,01;5;TOYOTA;ACCESORIOS;PARTES;TYG;UNIDAD;TAIWAN;F: (0), A: (4);;;TONG YANG;;;4;
TY07468GA;;TY07468GA;;MASCARA TOY COROLLA 011 Mat-oscuro gris C-oscuro gris mldura '11-;ACCESORIO;671;0,1;0,01;0,01;5;TOYOTA;ACCESORIOS;PARTES;TYG;UNIDAD;TAIWAN;F: (0), A: (2);;;TONG YANG;;;2;
TY07397GA;;TY07397GA;;MASCARA TOY COROLLA 09 Mat-Neg, (OTN) '09-;ACCESORIO;216;0,1;0,01;0,01;5;TOYOTA;ACCESORIOS;PARTES;TYG;UNIDAD;TAIWAN;SUCURSAL RADIAL 26: (1), SUCURSAL KM.14: (1), F: (0), A: (22);;;TONG YANG;;;24;
TY07161GB;TY07161GB;;;MASCARA TOY COROLLA AE110 96-98 CROMO-P TYG;ACCESORIO;92,1;0,1;0,01;0,01;5;TOYOTA;ACCESORIOS;PARTES;TYG;UNIDAD;TAIWAN;F: (1);;;TONG YANG;FERIA BL;;1;
TY07492GA;;TY07492GA;;MASCARA TOY HILUX VIGO *12 Partial Pint,Silver,Neg, '12-;ACCESORIO;759;0,1;0,01;0,01;5;TOYOTA;ACCESORIOS;PARTES;TYG;UNIDAD;TAIWAN;SUCURSAL RADIAL 26: (1), SUCURSAL KM.14: (1), F: (0), A: (21);;;TONG YANG;;;23;
TY07216GA;;TY07216GA;;MASCARA TOY LAND CRUISER 98-07 Crom-Neg P;ACCESORIO;759;0,1;0,01;0,01;5;TOYOTA;ACCESORIOS;PARTES;TYG;UNIDAD;TAIWAN;F: (0), A: (5);;;TONG YANG;;;5;
TY07540GAL;;TY07540GAL;;MASCARA TOY RAV-4 *013 C-Crom,Moldura Mat,negra '13-;ACCESORIO;443;0,1;0,01;0,01;5;TOYOTA;ACCESORIOS;PARTES;TYG;UNIDAD;TAIWAN;F: (0), A: (4);;;TONG YANG;;;4;
TY07540GAR;;TY07540GAR;;MASCARA TOY RAV-4 *013 C-Crom,Moldura Mat,negra '13-;ACCESORIO;443;0,1;0,01;0,01;5;TOYOTA;ACCESORIOS;PARTES;TYG;UNIDAD;TAIWAN;F: (0), A: (4);;;TONG YANG;;;4;
TY07358GA;;TY07358GA;;MASCARA TOY RAV4 06-08 Limited 2,4L Mat-Ngra C-Mold-Crom;ACCESORIO;279;0,1;0,01;0,01;5;TOYOTA;ACCESORIOS;PARTES;TYG;UNIDAD;CHINA;F: (0), A: (6);;;TONG YANG;FERIA BL;;6;
TY07412GA;;TY07412GA;;MASCARA TOY RAV4 09 Base-Sport Parrilla Mat-Neg, S-Marca '09-;ACCESORIO;823;0,1;0,01;0,01;5;TOYOTA;ACCESORIOS;PARTES;TYG;UNIDAD;TAIWAN;F: (0), A: (2);;;TONG YANG;;;2;
TY07478GA;;TY07478GA;;MASCARA TOY YARIS 012 mat-negro '12-;ACCESORIO;545;0,1;0,01;0,01;5;TOYOTA;ACCESORIOS;PARTES;TYG;UNIDAD;TAIWAN;F: (0), A: (3);;;TONG YANG;;;3;
TY07428GA;;TY07428GA;;MASCARA TOY YARIS '09 SEDAN Mascara (OTN) Mat-Negra '09-;ACCESORIO;1139;0,1;0,01;0,01;5;TOYOTA;ACCESORIOS;PARTES;TYG;UNIDAD;TAIWAN;F: (0), A: (4);;;TONG YANG;;;4;
SZ07046GAV;;SZ07046GAV;;MASCRA SUZUKI SWIFT *05-*08 Mat-neg, '05-'08;ACCESORIO;216;0,1;0,01;0,01;5;SUZUKI;ACCESORIOS;PARTES;TYG;UNIDAD;TAIWAN;SUCURSAL RADIAL 26: (1), F: (0), A: (0);;;TONG YANG;;;1;
223431;;KOA-8055-R;;MECANISMO LEVANTA VIDRIO NISSAN B12 CABLE;REPUESTO;241;0,78;0,001;0,001;1;TOYOTA;REPUESTO;TRANSMISION;SIN MARCA;UNIDAD;TAIWAN;SUCURSAL KM.14: (2);;;FERIA BL;;;2;
223442;;;;MECANISMO LEVANTA VIDRIO TOY KE70 LH (KOA-803;REPUESTO;47;0,941;0,001;0,001;1;TOYOTA;REPUESTO;TRANSMISION;SIN MARCA;UNIDAD;TAIWAN;SUCURSAL KM.14: (2);;;FERIA BL;;;2;
223443;;;;MECANISMO LEVANTA VIDRIO TOY KE70 RH (KOA-80;REPUESTO;47;0,938;0,001;0,001;1;TOYOTA;REPUESTO;TRANSMISION;SIN MARCA;UNIDAD;TAIWAN;SUCURSAL KM.14: (3);;;FERIA BL;;;3;
223451;;;;MECANISMO LEVANTA VIDRIO TOY LAND CRUISER L;REPUESTO;47;1,331;0,001;0,001;1;TOYOTA;REPUESTO;TRANSMISION;SIN MARCA;UNIDAD;TAIWAN;SUCURSAL KM.14: (2);;;FERIA BL;;;2;
223444;;;;MECANISMO LEVANTA VIDRIO TOY LAND CRUISER R;REPUESTO;47;1,31;0,001;0,001;1;TOYOTA;REPUESTO;TRANSMISION;SIN MARCA;UNIDAD;TAIWAN;SUCURSAL KM.14: (1);;;FERIA BL;;;1;
223448;;;;MECANISMO PUERTA TRASERO TOY EE90;REPUESTO;47;0,551;0,001;0,001;1;TOYOTA;REPUESTO;TRANSMISION;SIN MARCA;UNIDAD;TAIWAN;SUCURSAL KM.14: (2);;;FERIA BL;;;2;
223446;;;;MECANISMO PUERTA TRASERO TOY EE90;REPUESTO;47;1,092;0,001;0,001;1;TOYOTA;REPUESTO;TRANSMISION;SIN MARCA;UNIDAD;TAIWAN;SUCURSAL KM.14: (4);;;FERIA BL;;;4;
223445;;;;MECANISMO PUERTA TRASERO TOY EE90;REPUESTO;47;1,092;0,001;0,001;1;TOYOTA;REPUESTO;TRANSMISION;SIN MARCA;UNIDAD;TAIWAN;SUCURSAL KM.14: (8);;;FERIA BL;;;8;
MB05003VA;;MB05003VA;;PARACHOQUE INFERIOR 06-08 L200 Del, Mat-Neg, T-MOLDURA '06-'08;ACCESORIO;190;0,1;0,01;0,01;1;MITSUBISHI;ACCESORIOS;PARTES;TYG;UNIDAD;TAIWAN;F: (5);;;TONG YANG;;;5;
MB04152BA;;MB04152BA;;PARACHOQUE MITSUBISHI L200-Triton 2WD 010 Del, S-Ojo moldura (GRILLE:;ACCESORIO;1013;0,1;0,01;0,01;1;MITSUBISHI;ACCESORIOS;PARTES;TYG;UNIDAD;TAIWAN;F: (1);;;TONG YANG;;;1;
MB04099BB;;MB04099BB;;PARACHOQUE MITSUBISHI TIBURON MONTERO-PAJERO 01-06 TYG P-PRIMARIO P-H;ACCESORIO;2594;0,1;0,01;0,01;1;MITSUBISHI;ACCESORIOS;PARTES;DEPO;UNIDAD;TAIWAN;F: (1);;;TONG YANG;;;1;
SZ04058BAS;;SZ04058BAS;;PARACHOQUE SUZUKI SWIFT 05 Mat-neg, '05-;ACCESORIO;633;0,1;0,01;0,01;1;SUZUKI;ACCESORIOS;PARTES;TYG;UNIDAD;TAIWAN;F: (3);;;TONG YANG;;;3;
TY04293BA;;TY04293BA;;PARACHOQUE TOY HIACE 05-09 Del, Mat-Neg, (High Roof-Wide) C-F,L,Hole ';ACCESORIO;823;0,1;0,01;0,01;1;TOYOTA;ACCESORIOS;PARTES;TYG;UNIDAD;TAIWAN;SUCURSAL KM.14: (1), F: (0);;;TONG YANG;;;1;
TY04268BAS;;TY04268BAS;;PARACHOQUE TOY, YARIS 05 H-B Del, Mat-Neg w-o Fog Lamp (EURO TY;ACCESORIO;507;0,1;0,01;0,01;1;TOYOTA;ACCESORIOS;PARTES;TYG;UNIDAD;TAIWAN;SUCURSAL KM.14: (1), F: (2);;;TONG YANG;;;3;
330-1942L-US;;330-1942L-US;;STOP FORD F-150 -- 09-10 (TODOS 2010);ACCESORIO;823;0,1;0;0;6;FORD;ACCESORIOS;ILUMINACION;DEPO;UNIDAD;TAIWAN;SUCURSAL KM.14: (1), A: (0), E: (0);;;DEPO;;;1;
330-1942R-US;;330-1942R-US;;STOP FORD F-150 -- 09-10 (TODOS 2010);ACCESORIO;823;0,1;0;0;6;FORD;ACCESORIOS;ILUMINACION;DEPO;UNIDAD;TAIWAN;SUCURSAL KM.14: (1), E: (0);;;DEPO;;;1;
330-1919L-US;;330-1919L-US;;STOP FORD F150 2004-06,;ACCESORIO;443;0,1;0;0;10;FORD;ACCESORIOS;ILUMINACION;DEPO;UNIDAD;TAIWAN;SUCURSAL RADIAL 26: (1), SUCURSAL KM.14: (1), A: (2), E: (0);;;DEPO;;;4;
330-1919R-US;;330-1919R-US;;STOP FORD F150 2004-06,;ACCESORIO;443;0,1;0;0;10;FORD;ACCESORIOS;ILUMINACION;DEPO;UNIDAD;TAIWAN;SUCURSAL RADIAL 26: (0), SUCURSAL KM.14: (1), A: (5), E: (0);;;DEPO;;;6;
213-1904R-2;;213-1904-2R;224595;STOP ISUZU LUV 83/88 BLACK;ACCESORIO;102;0,71;0,5;0,5;20;ISUZU;ACCESORIOS;ILUMINACION;LUCID;UNIDAD;BOLIVIA;A: (2), E: (0);;;DEPO;FERIA BL;;2;
213-1904L-1;;213-1904-1L;213-1904-1L;STOP ISUZU LUV 83-88 CROME;ACCESORIO;121;0,5;0,5;0,5;20;ISUZU;ACCESORIOS;ILUMINACION;DEPO;UNIDAD;TAIWAN;SUCURSAL KM.14: (1), A: (0), E: (0);0;0;DEPO;;;1;
213-1904R-1;;213-1904-1R;213-1904-1R;STOP ISUZU LUV 83-88 CROME;ACCESORIO;121;0,5;0,5;0,5;20;ISUZU;ACCESORIOS;ILUMINACION;DEPO;UNIDAD;TAIWAN;SUCURSAL KM.14: (1), E: (0);0;0;DEPO;;;1;
323-1938L-AS;;323-1938L-AS;;STOP KIA SPORTAGE 11-13;ACCESORIO;1392;0,1;0;0;6;KIA;ACCESORIOS;ILUMINACION;DEPO;UNIDAD;TAIWAN;A: (5), E: (0);;;DEPO;;;5;
323-1938R-AS;;323-1938R-AS;;STOP KIA SPORTAGE 11-13;ACCESORIO;1228;0,1;0;0;6;KIA;ACCESORIOS;ILUMINACION;DEPO;UNIDAD;TAIWAN;A: (6), E: (0);;;DEPO;;;6;
214-1911R-A;;MC 844655;214-1911-R;STOP MITSUBISHI FUSO /NISSAN CONDOR;ACCESORIO;140;1,01;0,5;0,5;10;MITSUBISHI;ACCESORIOS;ILUMINACION;LUCID;UNIDAD;TAIWAN;SUCURSAL RADIAL 26: (0), A: (1), E: (0);;;DEPO;;;1;
214-1957R-A;;224748;;STOP MITSUBISHI FUSO CANTER 95/97 (IZUZU);ACCESORIO;184;1,34;0,5;0,5;10;MITSUBISHI;ACCESORIOS;ILUMINACION;LUCID;UNIDAD;CHINA;PAU: (0), A: (5), E: (0);;;DEPO;FERIA BL;;5;
214-1979L-AE;;214-1979L-AE;228016;STOP MITSUBISHI MONTERO 2003 TIBURON;ACCESORIO;570;0,1;0;0;6;MITSUBISHI;ACCESORIOS;ILUMINACION;DEPO;UNIDAD;CHINA;SUCURSAL RADIAL 26: (1), A: (0), E: (0);;;DEPO;FERIA BL;;1;
214-1979R-AE;;214-1979R-AE;228017;STOP MITSUBISHI MONTERO 2003 TIBURON;ACCESORIO;570;0,1;0;0;6;MITSUBISHI;ACCESORIOS;ILUMINACION;DEPO;UNIDAD;TAIWAN;A: (3), E: (0);;;DEPO;;;3;
215-19J3R-UE;;26550-EB30C;228387;STOP NISS, PATHFINDER 04-05 / NAVARA 05-06,;ACCESORIO;823;1,4167;0,5;0,5;6;NISSAN;ACCESORIOS;ILUMINACION;DEPO;UNIDAD;TAIWAN;A: (4), E: (0);;;DEPO;;;4;
215-19J3L-UE;;26555-EB30D;228386;STOP NISS, PATHFINDER 04-05 / NAVARA 05-06,;ACCESORIO;823;1,4167;0,5;0,5;6;NISSAN;ACCESORIOS;ILUMINACION;DEPO;UNIDAD;TAIWAN;A: (5), E: (0);;;DEPO;;;5;
115-1944L-U;;115-1944L-U;228507;STOP NISS, X-TRAIL 2014,;ACCESORIO;823;0,1;0;0;4;NISSAN;ACCESORIOS;ILUMINACION;DEPO;UNIDAD;TAIWAN;SUCURSAL KM.14: (1), MUESTRAS: (1), A: (7), E: (2);;;DEPO;;;11;
115-1944R-U;;115-1944R-U;228508;STOP NISS, X-TRAIL 2014,;ACCESORIO;823;0,1;0;0;4;NISSAN;ACCESORIOS;ILUMINACION;DEPO;UNIDAD;TAIWAN;SUCURSAL KM.14: (1), MUESTRAS: (1), A: (7), E: (2);;;DEPO;;;11;
215-19K8R-AE;;215-19K8R-AE;228292;STOP NISS,TIIDA 2007 5D ECE,;ACCESORIO;823;0,1;0;0;2;NISSAN;ACCESORIOS;ILUMINACION;DEPO;UNIDAD;TAIWAN;A: (2), E: (0);;;DEPO;;;2;
315-1955R-AS;;315-1955-R-AS;228056;STOP NISSAN FRONTER-PATHFINDER,'05-07 USA MODEL;ACCESORIO;886;0,1;0;0;10;NISSAN;ACCESORIOS;ILUMINACION;DEPO;UNIDAD;TAIWAN;SUCURSAL KM.14: (1), A: (1), E: (2);;;DEPO;;;4;
315-1955L-AS;;315-1955-L-AS;228055;STOP NISSAN FRONTER-PATHFINDER,'05-07 USA MODEL;ACCESORIO;886;0,1;0;0;10;NISSAN;ACCESORIOS;ILUMINACION;DEPO;UNIDAD;TAIWAN;SUCURSAL KM.14: (1), A: (2), E: (2);;;DEPO;;;5;
315-1952L-AF;;315-1952L-AF;;STOP NISSAN MURANO 03-05-07 AF;ACCESORIO;1392;0,1;0;0;6;NISSAN;ACCESORIOS;ILUMINACION;DEPO;UNIDAD;TAIWAN;SUCURSAL RADIAL 26: (1), SUCURSAL KM.14: (1), A: (4), E: (0);;;DEPO;;;6;
315-1952R-AF;;315-1952R-AF;;STOP NISSAN MURANO 03-05-07 AF;ACCESORIO;1392;0,1;0;0;6;NISSAN;ACCESORIOS;ILUMINACION;DEPO;UNIDAD;TAIWAN;SUCURSAL RADIAL 26: (1), SUCURSAL KM.14: (1), A: (4), E: (0);;;DEPO;;;6;
215-19B0R-A;;215-19B0-R-A;;STOP NISSAN PATHFINDER TERRANO 96-97;ACCESORIO;696;0,1;0;0;10;NISSAN;ACCESORIOS;ILUMINACION;DEPO;UNIDAD;TAIWAN;PAU-A: (0), A: (1), E: (1);;;DEPO;;;2;
215-19B9R-A;;215-19B9-R-A;224757;STOP NISSAN PATROL-SAFARI 98-2003;ACCESORIO;570;0,1;0;0;10;NISSAN;ACCESORIOS;ILUMINACION;DEPO;UNIDAD;TAIWAN;SUCURSAL KM.14: (1), A: (3), E: (5);;;DEPO;;;9;
215-19B9L-A;;215-19B9-L-A;224756;STOP NISSAN PATROL-SAFARI 98-2003;ACCESORIO;570;0,1;0;0;10;NISSAN;ACCESORIOS;ILUMINACION;DEPO;UNIDAD;TAIWAN;SUCURSAL KM.14: (1), A: (5), E: (4);;;DEPO;;;10;
215-1967R-U;;215-1967-R;224470;STOP NISSAN SENTRA B12 90-91;ACCESORIO;254;0,1;0;0;20;NISSAN;ACCESORIOS;ILUMINACION;DEPO;UNIDAD;TAIWAN;A: (4), E: (0);;;DEPO;;;4;
215-19K9R-AE;;26550-EL00A;228202;STOP NISSAN TIDA 07 4D;ACCESORIO;658;2,45;0,5;0,5;4;NISSAN;ACCESORIOS;ILUMINACION;DEPO;UNIDAD;TAIWAN;A: (1), E: (0);;;DEPO;;;1;
315-1310L-AF;;315-1310L-AF;26555-4BA1A;STOP REFLECTOR NISSAN XTRAIL 14-16 ROGE BUL ASY,,,NSF,;ACCESORIO;658;0,5;0,5;0,5;12;NISSAN;ACCESORIOS;ILUMINACION;DEPO;UNIDAD;TAIWAN;SUCURSAL KM.14: (1), A: (17), E: (6);;;DEPO;;;24;
315-1310R-AF;;315-1310R-AF;26550-4BA1A;STOP REFLECTOR NISSAN XTRAIL 14-16 ROGE BUL ASY,,,NSF,;ACCESORIO;658;0,5;0,5;0,5;12;NISSAN;ACCESORIOS;ILUMINACION;DEPO;UNIDAD;TAIWAN;SUCURSAL KM.14: (1), A: (17), E: (6);;;DEPO;;;24;
212-2922R;;212-2922-R;;STOP REFLECTOR PEQUEÑO TOY HILUX 98-00 YN140-LN170;ACCESORIO;76;0,1;0;0;100;TOYOTA;ACCESORIOS;ILUMINACION;DEPO;UNIDAD;TAIWAN;A: (3), E: (0);;;DEPO;;;3;
312-1322L-AS;;312-1322L-AS;;STOP REFLECTOR TOY COROLLA 14-15;ACCESORIO;949;0,1;0;0;20;TOYOTA;ACCESORIOS;ILUMINACION;DEPO;UNIDAD;TAIWAN;SUCURSAL KM.14: (1), A: (5), E: (8);;;DEPO;;;14;
312-1322R-AS;;312-1322R-AS;;STOP REFLECTOR TOY COROLLA 14-15;ACCESORIO;949;0,1;0;0;20;TOYOTA;ACCESORIOS;ILUMINACION;DEPO;UNIDAD;TAIWAN;SUCURSAL RADIAL 26: (2), SUCURSAL KM.14: (1), A: (14), E: (0);;;DEPO;;;17;
212-1320L-AE;;212-1320L-AE;;STOP REFLECTOR TOY,LAND CRUSR FJ200,,07-08 ,BACK L;ACCESORIO;823;0,1;0;0;10;TOYOTA;ACCESORIOS;ILUMINACION;DEPO;UNIDAD;TAIWAN;SUCURSAL RADIAL 26: (2), SUCURSAL KM.14: (1), A: (4), E: (0);;;DEPO;;;7;
212-1320R-AE;;212-1320R-AE;;STOP REFLECTOR TOY,LAND CRUSR FJ200,,07-08 ,BACK L;ACCESORIO;823;0,1;0;0;10;TOYOTA;ACCESORIOS;ILUMINACION;DEPO;UNIDAD;TAIWAN;SUCURSAL RADIAL 26: (2), SUCURSAL KM.14: (1), A: (5), E: (0);;;DEPO;;;8;
212-2097P-AE;;212-2097P-AE;;STOP REFLECTOR TY,HILX RVO,,15,FOG LAMP,ASSY,,ECE,;ACCESORIO;1228;4,4708;0,5;0,5;6;TOYOTA;ACCESORIOS;ILUMINACION;DEPO;SET;TAIWAN;SUCURSAL KM.14: (1), A: (0), E: (0);;;DEPO;;;1;
218-1918R-A;;218-1918-R-A;;STOP SUZUKI BALENO ,95-97;ACCESORIO;380;0,1;0;0;10;SUZUKI;ACCESORIOS;ILUMINACION;DEPO;UNIDAD;TAIWAN;A: (2), E: (0);;;DEPO;;;2;
312-1945R-US;;312-1945R-US;;STOP TOY 4 RUNNER,,'03-'05-07;ACCESORIO;886;0,1;0;0;10;TOYOTA;ACCESORIOS;ILUMINACION;DEPO;UNIDAD;TAIWAN;SUCURSAL RADIAL 26: (0), SUCURSAL KM.14: (1), A: (0), E: (0);;;DEPO;;;1;
312-1945L-US;;312-1945L-US;;STOP TOY 4 RUNNER,,'03-'05-07;ACCESORIO;886;0,1;0;0;10;TOYOTA;ACCESORIOS;ILUMINACION;DEPO;SET;TAIWAN;SUCURSAL RADIAL 26: (1), SUCURSAL KM.14: (1), A: (0), E: (0);;;DEPO;;;2;
212-1980L-2A;;212-1980L-2A;;STOP TOY COHASTER JUMBO 92/9,,,;ACCESORIO;507;0,1;0;0;10;TOYOTA;ACCESORIOS;ILUMINACION;LUCID;UNIDAD;TAIWAN;SUCURSAL KM.14: (1);2;2;DEPO;;;1;
212-1980R-2A;;212-1980R-2A;;STOP TOY COHASTER JUMBO 92/9,,,;ACCESORIO;507;0,1;0;0;10;TOYOTA;ACCESORIOS;ILUMINACION;LUCID;UNIDAD;TAIWAN;SUCURSAL KM.14: (1);2;2;DEPO;;;1;
212-1935R-2A;;212-1935-2A-R;224509;STOP TOY COROLLA EE90 88-90 NEGRO AUTO;ACCESORIO;203;0,1;0;0;10;TOYOTA;ACCESORIOS;ILUMINACION;DEPO;UNIDAD;TAIWAN;SUCURSAL RADIAL 26: (1), A: (0), E: (0);;;DEPO;;;1;
212-1989R-U;;212-1989-R;224519;STOP TOY COROLLA VAGONETA 88/91;ACCESORIO;228;0,68;0,5;0,5;10;TOYOTA;ACCESORIOS;ILUMINACION;LUCID;UNIDAD;TAIWAN;SUCURSAL KM.14: (1), A: (0), E: (2);;;DEPO;FERIA BL;;3;
212-1989L-U;;212-1989-L;224520;STOP TOY COROLLA VAGONETA 88/91;ACCESORIO;228;0,68;0,5;0,5;10;TOYOTA;ACCESORIOS;ILUMINACION;LUCID;UNIDAD;TAIWAN;SUCURSAL RADIAL 26: (1), SUCURSAL KM.14: (1), A: (3), E: (1);;;DEPO;FERIA BL;;6;
212-1914L-2;;212-1914-2L;;STOP TOY HILUX-RUNNER 84-87 BLACK;ACCESORIO;76;0,1;0;0;20;TOYOTA;ACCESORIOS;ILUMINACION;DEPO;UNIDAD;TAIWAN;SUCURSAL RADIAL 26: (1), A: (0), E: (0);;;DEPO;;;1;
212-1914L-1;;212-1914-1L;;STOP TOY HILUX-RUNNER 84-87 CROME;ACCESORIO;121;0,1;0;0;20;TOYOTA;ACCESORIOS;ILUMINACION;DEPO;UNIDAD;TAIWAN;SUCURSAL KM.14: (1), A: (0), E: (0);;;DEPO;;;1;
212-1914R-1;;212-1914-1R;;STOP TOY HILUX-RUNNER 84-87 CROME;ACCESORIO;121;0,1;0;0;20;TOYOTA;ACCESORIOS;ILUMINACION;DEPO;UNIDAD;TAIWAN;SUCURSAL KM.14: (1), A: (0), E: (0);;;DEPO;;;1;
312-1951L-US;;312-1951L-US;;STOP TOY IST 04-05 XA;ACCESORIO;1303;0,1;0;0;6;TOYOTA;ACCESORIOS;ILUMINACION;DEPO;UNIDAD;TAIWAN;SUCURSAL RADIAL 26: (1), SUCURSAL KM.14: (1), A: (3), E: (0);;;DEPO;;;5;
312-1951R-US;;312-1951R-US;;STOP TOY IST 04-05 XA;ACCESORIO;1303;0,1;0;0;6;TOYOTA;ACCESORIOS;ILUMINACION;DEPO;UNIDAD;TAIWAN;SUCURSAL RADIAL 26: (1), SUCURSAL KM.14: (1), A: (3), E: (0);;;DEPO;;;5;
212-19B6R-A;;212-19B6-A-R;;STOP TOY LAND CRUISER 98-2002 HZ206-FJ100;ACCESORIO;507;0,1;0;0;10;TOYOTA;ACCESORIOS;ILUMINACION;DEPO;UNIDAD;TAIWAN;SUCURSAL KM.14: (1), E: (0);;;DEPO;;;1;
212-19B6L-A;;212-19B6-A-L;;STOP TOY LAND CRUISER 98-2002 HZ206-FJ100;ACCESORIO;507;0,1;0;0;10;TOYOTA;ACCESORIOS;ILUMINACION;DEPO;UNIDAD;CHINA;SUCURSAL KM.14: (1), PAU: (0), A: (4), E: (0);;;DEPO;FERIA BL;;5;
312-1923R-AS-L6;;312-1923-R-AS-L6;;STOP TOY RUNNER USA 97-2000;ACCESORIO;507;0,1;0;0;10;TOYOTA;ACCESORIOS;ILUMINACION;DEPO;UNIDAD;TAIWAN;PAU: (0), A: (19), E: (0);;;DEPO;;;19;
212-19P3R-LD-AE;;212-19P3R-LD-AE;;STOP TOY VITZ/YARIS, 5D,'05/06;ACCESORIO;949;0,1;0;0;10;TOYOTA;ACCESORIOS;ILUMINACION;LUCID;UNIDAD;TAIWAN;SUCURSAL KM.14: (1);2;2;DEPO;;;1;
312-19B8R-AF;;312-19B8R-AF;228512;STOP TOY, COROLLA 14-15 OT NSF;ACCESORIO;949;0,1;0;0;6;TOYOTA;ACCESORIOS;ILUMINACION;DEPO;UNIDAD;TAIWAN;SUCURSAL RADIAL 26: (1), A: (0), E: (0);;;DEPO;;;1;
212-191NL-UE;;212-191NL-UE;;STOP TOY, HIACE, QUANTUM 2013;ACCESORIO;696;0,1;0;0;6;TOYOTA;ACCESORIOS;ILUMINACION;DEPO;UNIDAD;TAIWAN;SUCURSAL KM.14: (1), A: (0), E: (0);;;DEPO;;;1;
212-191NR-UE;;212-191NR-UE;;STOP TOY, HIACE, QUANTUM 2013;ACCESORIO;696;0,1;0;0;6;TOYOTA;ACCESORIOS;ILUMINACION;DEPO;UNIDAD;TAIWAN;SUCURSAL KM.14: (1), A: (0), E: (0);;;DEPO;;;1;
212-19Y3R3AE;;212-19Y3R3AE;;STOP TOY, LAND CRUISER FJ200-2012;ACCESORIO;1518;0,1;0;0;4;TOYOTA;ACCESORIOS;ILUMINACION;DEPO;UNIDAD;TAIWAN;A: (2), E: (0);;;DEPO;;;2;
212-191CR-UE;;228413;;STOP TOY, RAV4 2013,;ACCESORIO;734;2,05;0,5;0,5;6;TOYOTA;ACCESORIOS;ILUMINACION;DEPO;UNIDAD;TAIWAN;A: (2), E: (0);;;DEPO;;;2;
312-19B6L-UF;;312-19B6L-UF;228509;STOP TOY, RAV4 2013-15,BODY JPN BI;ACCESORIO;886;0,1;0;0;6;TOYOTA;ACCESORIOS;ILUMINACION;DEPO;UNIDAD;TAIWAN;SUCURSAL RADIAL 26: (1), SUCURSAL KM.14: (1), A: (1), E: (0);;;DEPO;;;3;
312-19B6R-UF;;312-19B6R-UF;228510;STOP TOY, RAV4 2013-15,BODY JPN BI;ACCESORIO;886;0,1;0;0;6;TOYOTA;ACCESORIOS;ILUMINACION;DEPO;UNIDAD;TAIWAN;SUCURSAL RADIAL 26: (1), SUCURSAL KM.14: (1), A: (1), E: (0);;;DEPO;;;3;
312-1976L-US;;81560-35270;228181;STOP TOY,4 RUNNER,,'06-09 USA;ACCESORIO;949;2,0667;0,5;0,5;6;TOYOTA;ACCESORIOS;ILUMINACION;DEPO;UNIDAD;TAIWAN;A: (1), E: (0);;;DEPO;;;1;
212-19J6L-U;;212-19J6-L-U;;STOP TOY,COROLA 04-05,JAPAN TIPE ECE MANUAL;ACCESORIO;507;0,1;0;0;6;TOYOTA;ACCESORIOS;ILUMINACION;DEPO;UNIDAD;TAIWAN;SUCURSAL KM.14: (1), A: (0), E: (0);;;DEPO;;;1;
212-19J6R-U;;212-19J6-R-U;;STOP TOY,COROLA 04-05,JAPAN TIPE ECE MANUAL;ACCESORIO;507;0,1;0;0;6;TOYOTA;ACCESORIOS;ILUMINACION;DEPO;UNIDAD;TAIWAN;SUCURSAL KM.14: (1), A: (1), E: (5);;;DEPO;FERIA BL;;7;
312-1980L-AS;;312-1980-L-AS;;STOP TOY,YARIS SDN ,07-09,RL MDL;ACCESORIO;1228;0,1;0;0;6;TOYOTA;ACCESORIOS;ILUMINACION;DEPO;UNIDAD;TAIWAN;SUCURSAL RADIAL 26: (1), SUCURSAL KM.14: (1), A: (2), E: (0);;;DEPO;;;4;
312-1980R-AS;;312-1980-R-AS;;STOP TOY,YARIS SDN ,07-09,RL MDL;ACCESORIO;1228;0,1;0;0;6;TOYOTA;ACCESORIOS;ILUMINACION;DEPO;UNIDAD;TAIWAN;SUCURSAL RADIAL 26: (1), SUCURSAL KM.14: (1), A: (2), E: (0);;;DEPO;;;4;
212-1923R-1;;212-1923-1-R;;STOP TOYOTA HILUX-RUNNER 80-83;ACCESORIO;140;0,1;0;0;20;TOYOTA;ACCESORIOS;ILUMINACION;DEPO;UNIDAD;TAIWAN;A: (9), E: (0);;;DEPO;;;9;
228161;;212-19C7-R-UE;;STOP TOYOTA VITZ / YARIS 99/02;ACCESORIO;696;1,07;0,001;0,001;1;TOYOTA;ACCESORIO;LUCES;DEPO;UNIDAD;TAIWAN;SUCURSAL KM.14: (2);;;FERIA BL;;;2;
228160;;212-19C7-L-UE;;STOP TOYOTA VITZ / YARIS 99/02;ACCESORIO;696;1,07;0,001;0,001;1;TOYOTA;ACCESORIO;LUCES;DEPO;UNIDAD;TAIWAN;SUCURSAL KM.14: (2);;;FERIA BL;;;2;
312-19C1L-AF;;228533;;STOP TY TUNDRA 14-15,RL ASY,,,NSF;ACCESORIO;1051;1,8;0,5;0,5;6;TOYOTA;ACCESORIOS;ILUMINACION;DEPO;UNIDAD;TAIWAN;A: (3), E: (0);;;DEPO;;;3;
312-19C1R-AF;;228534;;STOP TY TUNDRA 14-15,RL ASY,,,NSF;ACCESORIO;1051;1,7833;0,5;0,5;6;TOYOTA;ACCESORIOS;ILUMINACION;DEPO;UNIDAD;TAIWAN;A: (3), E: (0);;;DEPO;;;3;
TY07076HBR;212-1226-HBR;;;VICEL HILUX 86-88 4WD CROM-NEG '86-'88;ACCESORIO;44;0,1;0,01;0,01;10;TOYOTA;ACCESORIOS;PARTES;TYG;UNIDAD;TAIWAN;F: (1);;;TONG YANG;FERIA BL;;1;
212-1203L;;212-1203-L;;VICEL TOY COROLLA KE70-KE75 82-83 CROM-PLATA-GRIS;ACCESORIO;127;0,44;0;0;10;TOYOTA;ACCESORIOS;PARTES;TYG;UNIDAD;TAIWAN;PAU: (0), E: (3);;;DEPO;;;3;
TY07132HAL;;53132-35050-L;;VICEL TOY HILUX 92-95 NEGRO;ACCESORIO;127;0,1;0,01;0,01;10;TOYOTA;ACCESORIOS;PARTES;TYG;UNIDAD;TAIWAN;SUCURSAL RADIAL 26: (1), F: (0), A: (2);;;TONG YANG;;;3;
TY07132HAR;;53131-35050-R;;VICEL TOY HILUX 92-95 NEGRO;ACCESORIO;127;0,1;0,01;0,01;10;TOYOTA;ACCESORIOS;PARTES;TYG;UNIDAD;TAIWAN;SUCURSAL RADIAL 26: (1), F: (0), A: (2);;;TONG YANG;;;3;
;;;;;;;;;;;;;;;;;;;;;;;;