BIGDAM INTERNACIONAL LTDA.;;;;;;;
Manzana 04 Galpón 28 Zofri;;;;;;;
511374 - 511373;;;;;;;
N.I.T. 77.852.370-1;;;;;;;
LISTA EN STOCK DE MERCADERIA;;;;;;;
;;;;;;;
CODIGO LOCAL;N.PIEZA;DESCRIPCION;ORIGEN;MARCA;UNIDAD;CANTIDAD;P.UNIT.
870163-G;4106862L00;AMORT DEL L NISSAN PIXO (UA0) 1999(2003 GAS;KO;YOI;UNI;60,00;19,04
870162-G;4106962L00;AMORT DEL R NISSAN PIXO (UA0) 1999(2003 GAS;KO;YOI;UNI;59,00;19,04
870121-G;55310-02000;AMORT SUZUKI ALTO 08/2014;KO;YOI;UNI;68,00;7,87
870097-G;4853052440;AMORT TRAS TOY PROBOX/SUCCEED 98/04 GAS;KO;YOI;UNI;944,00;7,45
870164-G;4180062L00;AMORT TRAS. R/L NISSAN PIXO (UA0) 1999(2003 GAS;KO;YOI;UNI;49,00;8,91
870034;HQ-YOI-172L;AMORT/ TRAS (LH) RECARGABLE C/ROSCA TOY CALDINA CORONA CURREN CELICA DEPORTIVO 5 PERNOS;KO;YOI;UNI;211,00;17,65
870034-G;YOI-172L;AMORT/ TRAS (LH) RECARGABLE C/ROSCA TOY CALDINA CORONA CURREN CELICA DEPORTIVO 5 PERNOS;KO;YOI;UNI;162,00;17,65
870033;HQ-YOI-172R;AMORT/ TRAS (RH) RECARGABLE C/ROSCA TOY CALDINA CORONA CURREN CELICA DEPORTIVO 5 PERNOS;KO;YOI;UNI;186,00;17,65
870033-G;YOI-172R;AMORT/ TRAS (RH) RECARGABLE C/ROSCA TOY CALDINA CORONA CURREN CELICA DEPORTIVO 5 PERNOS;KO;YOI;UNI;150,00;17,65
870044-G;YOI-178-L-Y;AMORT/(LH) TOYOTA PROBOX 4WD 1NZ 4X4;KO;YOI;UNI;163,00;17,65
870045-G;YOI-178-R-Y;AMORT/(RH) TOYOTA PROBOX 4WD 1NZ 4X4;KO;YOI;UNI;162,00;17,65
870027;HQ-B-3090 HDR-Y;AMORT/DEL ( LH ) RECARGABLE C/ROSCA COROLLA/SPRINTER/SPACIO/CARIBE/CORONA/LEVIN TRUENO;KO;YOI;UNI;382,00;18,13
870072-G;335016;AMORT/DEL (L) NISSAN TERRANO LR-50 96-99;KO;YOI;UNI;52,00;19,50
120066;B-3091 HDR-Y;AMORT/DEL (L) RECARGABLE C/ROSCA TOY/SPRINTER;KO;YOI;UNI;21,00;18,13
870076-G;B1100;AMORT/DEL (L) SENTRA-B15.00-54303-5M400;KO;YOI;UNI;50,00;17,70
870080-G;41602-65D10;AMORT/DEL (L) SUZUKI GRAND VITARA  XL-07/GRAND ESCUDO '01/07-;KO;YOI;UNI;30,00;17,57
870006;HQ-48530-20861-L-Y;AMORT/DEL (L) TOY CALDINA YOITOKI;KO;YOI;UNI;114,00;17,65
870084-G;48520-49016;AMORT/DEL (L) TOY RAV4/SXA10G/SXA11G/SXA15G/SXA16G  ´98/01-00/04;KO;YOI;UNI;44,00;18,35
870048;HQ-B-2189-Y;AMORT/DEL (L) TOY. STARLET CARAT EL50/TERCEL 95;KO;YOI;UNI;759,00;18,13
870057-G;B-2187 HD-Y;AMORT/DEL (L) TOY.TERCEL/STARLET/CORSA/COROLLA 2;KO;YOI;UNI;22,00;17,65
870068;HQ-334483;AMORT/DEL (L), TOY  RAV4. 97-00;KO;YOI;UNI;2,00;17,57
870114-G;54303EM01A;AMORT/DEL (LH) NISSAN TIIDA/VERSA 04/ADEL USA;KO;YOI;UNI;2,00;17,85
870105-G;4160262C00;AMORT/DEL (LH) SUZUKI CARRY 85/03;KO;YOI;UNI;108,00;15,15
870018-G;B-3091-Y-HD;AMORT/DEL (LH) TOY COROLLA  AE101/CE100 YOITOKI;KO;YOI;UNI;765,00;17,65
870131-G;341397;AMORT/DEL (LH) TOY HILUX FORTUNER/HILUX VIGO KUN-15 '2004-2016;KO;YOI;UNI;54,00;17,01
870110-G;4852002150;AMORT/DEL (LH) TOYOTA COROLLA ZZE121;KO;YOI;UNI;106,00;18,18
870062;HQ-B-3286;AMORT/DEL (LH) TOYOTA RAV4 2000;KO;YOI;UNI;15,00;21,05
870037-G;B-3090/91 HD-Y;AMORT/DEL (LH/RH) TOYOTA AE100/CE100;KO;YOI;UNI;8,00;17,65
870071-G;335015;AMORT/DEL (R) NISSAN TERRANO LR-50 96-99;KO;YOI;UNI;66,00;19,50
870075-G;B1099;AMORT/DEL (R) SENTRA-B15.00-54303-5M400;KO;YOI;UNI;48,00;17,70
870081-G;41601-65D10;AMORT/DEL (R) SUZUKI GRAND VITARA  XL-07/GRAND ESCUDO ´01/07-;KO;YOI;UNI;36,00;17,57
870005;HQ-48530-20861-R-Y;AMORT/DEL (R) TOY CALDINA YOITOKI;KO;YOI;UNI;112,00;17,65
870083-G;48510-49016;AMORT/DEL (R) TOY RAV4/SXA10G/SXA11G/SXA15G/SXA16G ´98/01-00/04;KO;YOI;UNI;51,00;18,35
870056-G;B-2186 HD-Y;AMORT/DEL (R) TOY TERCEL/STARLET/CORSA/COROLLA 2;KO;YOI;UNI;21,00;17,65
870049;HQ-B-2188-Y;AMORT/DEL (R) TOY. STARLET CARAT EL50/TERCEL 95;KO;YOI;UNI;761,00;18,13
870067;HQ-334482;AMORT/DEL (R), TOY RAV4. 97-00;KO;YOI;UNI;1,00;17,57
870047-G;343357-Y;AMORT/DEL (R/L)  NOAH LITEACE 97/02;KO;YOI;UNI;664,00;8,47
870085-O;MB-573606;AMORT/DEL (R/L) MITSUBISHI SPACE WAGON (VAN)/EXPO/CHARIOT/NIMBUS ´91/09-97/08;KO;YOI;UNI;69,00;18,92
870082-O;41700-60A01;AMORT/DEL (R/L) SUZUKI GRAND VITARA/ESCUDO/SE416/SV420/SV620/X-90 ´96;KO;YOI;UNI;29,00;9,00
870017-G;B-3090-Y-HD;AMORT/DEL (RH ) TOY COROLLA  AE101/CE100 YOITOKI;KO;YOI;UNI;803,00;17,65
870113-G;54302EM01A;AMORT/DEL (RH) NISSAN TIIDA/VERSA 04/ADEL USA;KO;YOI;UNI;1,00;17,85
870028;HQ-B-3091 HDR-Y;AMORT/DEL (RH) RECARGABLE C/ROSCA COROLLA/SPRINTER/SPACIO/CARIBE/CORONA/LEVIN TRUENO;KO;YOI;UNI;377,00;18,13
870029-G;LB-14R-Y;AMORT/DEL (RH) RECARGABLE C/ROSCA TOY IPSUM/CALDINA MODERNO;KO;YOI;UNI;70,00;17,65
870132-G;341398;AMORT/DEL (RH) TOY HILUX FORTUNER/HILUX VIGO KUN-15 '2004-2016;KO;YOI;UNI;53,00;17,01
870111-G;4851002150;AMORT/DEL (RH) TOYOTA COROLLA ZZE121;KO;YOI;UNI;105,00;18,18
870061;HQ-B-3285;AMORT/DEL (RH) TOYOTA RAV4 2000;KO;YOI;UNI;14,00;21,05
870087-G;48511-26282;AMORT/DEL HIACE LH100/101, RZH100/101 WAGON ´89/08-95/08;KO;YOI;UNI;10,00;8,47
870073-G;2649;AMORT/DEL HILUX 4WD JAPON-KA1780;KO;YOI;UNI;57,00;7,20
870117-G;341440;AMORT/DEL L/R TOY TUNDRA 2ED/4WD 04/09;KO;YOI;UNI;84,00;15,89
120054;444012;AMORT/DEL MIT LAND CRUISER MONTERO YOITOKI;KO;YOI;UNI;1,00;7,07
870088-G;MB948337;AMORT/DEL MITSUBISHI  SPACE R/L 92/09;KO;YOI;UNI;41,00;18,95
870003-O;3143-Y;AMORT/DEL MITSUBISHI BK215 / TOY IPSUM SXM10 / CALDINA;KO;YOI;UNI;691,00;7,07
870003-G;3143--Y;AMORT/DEL MITSUBISHI BK215 / TOY IPSUM SXM10 / CALDINA AT196 / COROLLA EE91/EE102/EE103;KO;YOI;UNI;310,00;7,07
120039;444117;AMORT/DEL MITSUBISHI FORTE L022G/L26G YOITOKI;KO;YOI;UNI;1,00;7,07
870004-G;3338-Y;AMORT/DEL MITSUBISHI FORTE L022G/L26G YOITOKI;KO;YOI;UNI;189,00;7,07
870092-G;5430354Y00;AMORT/DEL NISSAN B13 LH;KO;YOI;UNI;33,00;17,05
870100-G;56110VW003;AMORT/DEL NISSAN CARAVAN E25;KO;YOI;UNI;79,00;7,70
870094;HQ-333748;AMORT/DEL NISSAN NOTE LH 02/06 GAS;KO;YOI;UNI;17,00;18,95
870094-G;333748;AMORT/DEL NISSAN NOTE LH 02/06 GAS;KO;YOI;UNI;96,00;18,95
870093;HQ-333747;AMORT/DEL NISSAN NOTE RH 02/06 GAS;KO;YOI;UNI;18,00;18,95
870093-G;333747;AMORT/DEL NISSAN NOTE RH 02/06 GAS;KO;YOI;UNI;96,00;18,95
870128-G;334360;AMORT/DEL NISSAN X-TRAIL 01;KO;YOI;UNI;35,00;20,75
870129-G;334361;AMORT/DEL NISSAN X-TRAIL 01;KO;YOI;UNI;36,00;20,75
120067;LB-14R--Y;AMORT/DEL RECARGABLE C/ROSCA TOY IPSUM/CALDIN;KO;YOI;UNI;5,00;17,65
870090-G;4160261J00;AMORT/DEL SUZ APV LH 06/07;KO;YOI;UNI;47,00;17,90
870090;HQ-4160261J00;AMORT/DEL SUZUKI APV LH 06/07;KO;YOI;UNI;1,00;17,90
870089;HQ-4160161J00;AMORT/DEL SUZUKI APV RH 06/07;KO;YOI;UNI;1,00;17,90
870046-G;S-1065-Y;AMORT/DEL TOY  KE70/AE70 80/83 R/L VAN;KO;YOI;UNI;45,00;12,08
870039-O;S-1052-Y;AMORT/DEL TOY /COROLLA/TERCEL 75/85;KO;YOI;UNI;169,00;12,08
120075;48510-12780-HD-R/L;AMORT/DEL TOY AE100/CE100 (LH/RH);KO;YOI;UNI;2,00;18,13
870002-O;S-3014-Y;AMORT/DEL TOY AE85/TE70/CE70/COROLLA YOITOKI;KO;YOI;UNI;98,00;12,08
870002-G;S-3014-Y-G;AMORT/DEL TOY AE85/TE70/CE70/COROLLA YOITOKI;KO;YOI;UNI;67,00;12,08
870039-G;S-1052-Y-G;AMORT/DEL TOY AL1/COROLLA/TERCEL 75/85 TOKIKO;KO;YOI;UNI;1,00;12,08
870000-O;S-3007-Y;AMORT/DEL TOY CARINA 80 YOITOKI;KO;YOI;UNI;149,00;12,08
870038-O;S-3073-Y;AMORT/DEL TOY CE80/ST150/CT150 YOITOKI;KO;YOI;UNI;26,00;12,08
120051;B-3089-Y;AMORT/DEL TOY COROLLA LH AE91 YOITOKI;KO;YOI;UNI;503,00;17,65
120050;B-3088-Y;AMORT/DEL TOY COROLLA RH AE91 YOITOKI;KO;YOI;UNI;576,00;17,65
870074-O;S-1088;AMORT/DEL TOY EP71/EP76V STARLET;KO;YOI;UNI;160,00;12,08
870001-O;S-1082-Y;AMORT/DEL TOY GASOLINA AUT/VAG YOITOKI;KO;YOI;UNI;99,00;12,08
870050-G;EL-2726-Y;AMORT/DEL TOY HILUX LN50/YN51 TIPO GAS;KO;YOI;UNI;379,00;8,47
870020-G;3388---Y;AMORT/DEL TOY HILUX LN61V 85/88;KO;YOI;UNI;356,00;7,82
870020-O;3388-Y;AMORT/DEL TOY HILUX LN61V 85/88 YOITOKI;KO;YOI;UNI;30,00;7,82
870023-O;3373-Y;AMORT/DEL TOY LAND CRUISER BJ70/FJ75 YOITOKI;KO;YOI;UNI;49,00;7,07
870023-G;HQ-3373-Y;AMORT/DEL TOY LAND CRUISER BJ70/FJ75 YOITOKI;KO;YOI;UNI;119,00;7,07
870025-O;3169-Y;AMORT/DEL TOY/ISUZU TL23N/TL60/EFL YOITOKI;KO;YOI;UNI;158,00;7,07
870025-G;3169-Y-G;AMORT/DEL TOY/ISUZU TL23N/TL60/EFL YOITOKI;KO;YOI;UNI;308,00;7,07
870021-G;3418-Y-G;AMORT/DEL TOY/NISSAN URVAN Z20/Z24/E24 YOITOKI;KO;YOI;UNI;499,00;7,07
870109-G;11245458;AMORT/DEL TOYOTA/ISUZU TL23N/TL60/EFL + 5 CM. (72 CM LONG);KO;YOI;UNI;9,00;8,47
870060;HQ-B-3087-Y;AMORT/DEL(L) VITARA. 88-95 SE416/JLX1;KO;YOI;UNI;1,00;17,65
870060-G;B-3087-Y;AMORT/DEL(L), VITARA. 88-95 SE416/JLX1;KO;YOI;UNI;49,00;17,10
870059-G;B-3086-Y;AMORT/DEL(R), VITARA. 88-95 SE416/JLX1;KO;YOI;UNI;50,00;17,10
870063-O;MR448161;AMORT/DEL(R/L) MITSUBISHI MONTERO  00-;KO;YOI;UNI;49,00;19,05
870063-G;MR448161-G;AMORT/DEL(R/L), MONTERO. 00-;KO;YOI;UNI;25,00;19,05
870106-G;4160162C00;AMORT/DEL(RH) SUZUKI CARRY 85/03;KO;YOI;UNI;101,00;15,15
870012;HQ-B-1041-Y;AMORT/TRAS (L) NISSAN SUNNY B12/SENTRA B13;KO;YOI;UNI;54,00;18,13
870055-G;YOI-171-HDL;AMORT/TRAS (LH) PATENTADO C/ROSCA TOY TURING 4X4;KO;YOI;UNI;15,00;17,65
870036;HQ-B-2151 HDR-Y;AMORT/TRAS (LH) RECARGABLE C/ROSCA  TOY EE100/AE100/CE100;KO;YOI;UNI;783,00;18,13
870032-G;YOI-171L;AMORT/TRAS (LH) RECARGABLE C/ROSCA TOY TURING 4X4;KO;YOI;UNI;41,00;17,65
870014-G;B-2151-Y-HD;AMORT/TRAS (LH) TOY COROLLA  AE101/CE100 YOITOKI;KO;YOI;UNI;233,00;17,65
870011;HQ-B-1040-Y;AMORT/TRAS (R) NISSAN SUNNY B12/SENTRA B13;KO;YOI;UNI;63,00;18,13
870065-G;U-3739;AMORT/TRAS (R/L)  HONDA-CRV. 95/02 LH/RH DR1 2.0;KO;YOI;UNI;58,00;13,62
870058-G;343358-Y;AMORT/TRAS (R/L) NOAH LITEACE 97/02;KO;YOI;UNI;1.438,00;8,47
870054-G;YOI-171-HDR;AMORT/TRAS (RH) PATENTADO C/ROSCA TOY TURING 4X4;KO;YOI;UNI;14,00;17,65
870035;HQ-B-2150 HDR-Y;AMORT/TRAS (RH) RECARGABLE C/ROSCA  TOY EE100/AE100/CE100;KO;YOI;UNI;786,00;18,13
870031-G;YOI-171R;AMORT/TRAS (RH) RECARGABLE C/ROSCA TOY TURING 4X4;KO;YOI;UNI;37,00;17,65
870013-G;B-2150-Y-HD;AMORT/TRAS (RH) TOY COROLLA  AE101/CE100 YOITOKI;KO;YOI;UNI;225,00;17,65
870115-G;E6210EM30C;AMORT/TRAS (RH/LH) NISSAN TIIDA/VERSA 04/ADEL USA;KO;YOI;UNI;139,00;12,87
870051-G;E-3561-Y-G;AMORT/TRAS MIT.PAJERO V10V/V14V/V44W 91;KO;YOI;UNI;113,00;8,47
870103-G;MB914729;AMORT/TRAS MITSUBISHI SPACE 4WD (RH/LH) 92/09;KO;YOI;UNI;69,00;12,11
870099-G;343810;AMORT/TRAS NISSAN NOTE 02/06 GAS;KO;YOI;UNI;39,00;13,80
120073;B-2150 HDR-Y;AMORT/TRAS RECARGABLE C/ROSCA TOY EE100/AE100;KO;YOI;UNI;159,00;18,13
120074;B-2151 HDR-Y;AMORT/TRAS RECARGABLE C/ROSCA TOY EE100/AE100;KO;YOI;UNI;199,00;18,13
870127-G;348033;AMORT/TRAS SUZUKI APV;KO;YOI;UNI;9,00;8,51
870107-O;4170085010;AMORT/TRAS SUZUKI CARRY 85/03 OIL;KO;YOI;UNI;79,00;7,27
870009-O;3150-Y;AMORT/TRAS TOY CE70 REFORZADO YOITOKI 2727;KO;YOI;UNI;149,00;7,07
870009-G;3150-Y-G;AMORT/TRAS TOY CE70 REFORZADO YOITOKI 2727;KO;YOI;UNI;407,00;7,07
870008-O;3068-Y;AMORT/TRAS TOY COAS/HIACE/ISUZU/LAND CRUS WF YOITOKI;KO;YOI;UNI;309,00;7,07
870007-G;2727-Y;AMORT/TRAS TOY DIESEL/GASOLINA COR/VAG YOITOKI;KO;YOI;UNI;1.899,00;7,00
870095-O;4853126780-O;AMORT/TRAS TOY HIACE KDH2/LH2/TRH2 OIL;KO;YOI;UNI;727,00;8,15
870118-G;4853144070;AMORT/TRAS TOY IPSUM 05/ADELANTE;KO;YOI;UNI;358,00;12,87
870022;HQ-2572-Y;AMORT/TRAS TOY KE/SE/TE/CE70 YOITOKI;KO;YOI;UNI;209,00;7,07
870024-G;3374-Y-G;AMORT/TRAS TOY LAND CRUISER BJ70/BJ70V YOITOKI;KO;YOI;UNI;199,00;7,07
870098-G;4853142010;AMORT/TRAS TOY RAV4 95/04 GAS;KO;YOI;UNI;98,00;8,90
870119-G;48530-16460;AMORT/TRAS TOY STARLET/RAUM/TERCEL/PASEO/CORSA (96/01-00) R/L;KO;YOI;UNI;52,00;10,90
870112-G;4853002180;AMORT/TRAS TOYOTA COROLLA ZZE121;KO;YOI;UNI;89,00;12,11
870122-G;41700-65J00;AMORTIGUADOR DE SUZUKI GRAND VITARA  08/2014;KO;YOI;UNI;123,00;7,87
870168-G;4852052130;AMORTIGUADOR DEL L TOY VITZ 05 GAS;KO;YOI;UNI;50,00;19,44
870167-G;4851052C20;AMORTIGUADOR DEL R TOY VITZ 05 GAS;KO;YOI;UNI;49,00;19,44
870170-G;41602-65J00;AMORTIGUADOR DELANTERO SUZUKI GRAN VITARA (L);KO;YOI;UNI;204,00;19,00
870171-G;41601-65J00;AMORTIGUADOR DELANTERO SUZUKI GRAN VITARA (R);KO;YOI;UNI;203,00;19,00
870124-G;341340;AMORTIGUADOR DELANTERO TOYOTA TUNDRA;KO;YOI;UNI;89,00;15,89
870166-G;334363;AMORTIGUADOR L TRAS NISS X-TRAIL 01 GAS;KO;YOI;UNI;32,00;20,25
870165-G;334362;AMORTIGUADOR R TRAS NISS X-TRAIL 01 GAS;KO;YOI;UNI;33,00;20,25
870169-G;4853052800;AMORTIGUADOR TRAS L/R TOY VITZ  GAS;KO;YOI;UNI;47,00;10,13
120079;U2927-Y;AMORTIGUADOR TRASERO NISSAN SUNNY MODELO 97;KO;YOI;UNI;130,00;14,17
120064;YOI-168;ASPA VENTILADOR TOY COROLLA UNIV CE90/AE110 M;TW;NAK;UNI;2.635,00;4,99
;;AT196 / COROLLA EE91/EE102/EE103;;;;;
110812;IGC206F;BOBINA T/LAPIZ  NISSAN INFINITY17/SENTRA 14/VERSA 010 VARIOS;JAP;FLAMA;UNI;25,00;17,50
110811;IGC117F;BOBINA T/LAPIZ  TY COROLLA/SPACIO/CELICA/CALDINA/RAV4/VITZ/PASO;JAP;FLAMA;UNI;14,00;17,50
110809;IGC105F;BOBINA T/LAPIZ TY TACOMA/HILUX/DINA/PRADO 04 TOYOACE 07/;JAP;FLAMA;UNI;14,00;17,50
860001;HQ-16100-69085;BOMBA AGUA 1C 97;KO;YOI;UNI;384,00;14,96
860115;16100-79035;BOMBA AGUA 1Y-2Y-3Y-4Y;KO;YOI;UNI;119,00;10,33
860007;HQ-16100-19135;BOMBA AGUA 4AF/5AF 91 COROLLA/CORONA C/BASE ´97;KO;YOI;UNI;89,00;9,74
120723;16100-19135;BOMBA AGUA 4AF/5AF 91 COROLLA/CORONA C/BASE´97;KO;YOI;UNI;1,00;9,54
860000;HQ-16100-19125;BOMBA AGUA TOY 2E/3E;KO;YOI;UNI;54,00;8,84
860006;16100-79095-KO;BOMBA AGUA TOY 3S-FE CORONA CAMRY;KO;YOI;UNI;119,00;11,39
120724;16100-79155-KO;BOMBA AGUA TOY HIACE 1RZ/2RZE RZH-100-110-124;KO;YOI;UNI;131,00;13,44
120660;16100-19075;BOMBA AGUA TOY/COROLLA 4K/5K 86/87;KO;YOI;UNI;106,00;11,84
120657;21010-E3000-KO;BOMBA DE AGUA NISSAN Z20/Z16;KO;YOI;UNI;159,00;9,33
110806;GIP-604;BOMBA ELEC. GASOL. SUMERGIBLE  SUZUKI;JAP;HKT;UNI;39,00;24,00
110807;GIP-514;BOMBA ELEC. GASOL. SUMERGIBLE  TOY LAND CRUISER/PRADO 02/09;JAP;HKT;UNI;30,00;22,00
110784;GIP-510;BOMBA ELEC. GASOL. SUMERGIBLE NISSAN INFINITY CEIRO AUTO;JAP;HKT;UNI;341,00;24,00
110783;GIP-602;BOMBA ELEC. GASOL. SUMERGIBLE TOY COROLLA 88/90 NEW;JAP;HKT;UNI;24,00;36,00
110778;GIP-601;BOMBA ELEC. GASOL. SUMERGIBLE TOY LAND CRUISER 99/011 1FZFE/FZJ80/2UZFE/UZJ100;JAP;HKT;UNI;134,00;36,00
110779;GIP-503;BOMBA ELEC. GASOL. SUMERGIBLE TOY YARIS/VITZ/VIOS/;JAP;HKT;UNI;15,00;23,70
120695;EFP3858-3-B-PG;BOMBA ELECT 3B/PG TOY COR 92/200/NIIS/MIT/HON;KO;S/M;UNI;509,00;6,80
120697;EEFP5004-1;BOMBA ELECT GAS GRANDE TOY HIACE/HILUX/MIT/98;KO;S/M;UNI;674,00;11,90
110814;GIP-536;BOMBA ELECT GAS SUMERGIBLE TOY HILUX REVO 2016;JAP;HKT;UNI;16,00;23,00
110815;GIP-545;BOMBA ELECT GAS SUMERGIBLE TOY HILUX REVO 2016  FORTUNER;JAP;HKT;UNI;21,00;26,80
110770;GIP-505-JAP;BOMBA ELECT GAS SUMERGIBLE TOY HILUX VIGO 2TR-FE 2700cc. FORTUNER Sw4 UNIV;JAP;HKT;UNI;41,00;23,70
122484;E8012-S;BOMBA GAS ELECTRICA EXTERIOR HEP-02R 12V SET;KO;S/M;UNI;5,00;7,20
120719;EP-259-Y;BOMBA GASOLINA ELECTRICA CUADRADA UNIVERSAL C;KO;S/M;UNI;159,00;6,10
120720;EP-500-0-Y;BOMBA GASOLINA ELECTRICA HEP-02 CON MOCHILA U;KO;S/M;UNI;358,00;6,10
220634;37990-56B00;BOTON LEVANTA VIDRIO SET SUZUKI VITARA 4 BOTO;TW;S/M;UNI;11,00;39,00
220635;37995-56B11;BOTON LEVANTA VIDRIO SUZUKI VITARA SUELTO;TW;S/M;UNI;29,00;6,50
130804;YOI-207;BUJE DE BANDEJA ESTABILIZADOR NIS PATHFINDER SET 3 PC;KO;YOI;UNI;455,00;2,10
120603;YOI-193;BUJE DE BANDEJA INTERIOR COROLLA 90 CHICO;KO;YOI;UNI;306,00;1,10
120731;YOI-224;BUJE MUELLE TOY COROLLA 90 VAG CHICO;KO;YOI;UNI;224,00;1,30
130803;YOI-206;BUJE PARA AMORTIGUADOR CONICO TOY. 2727 UNIV;KO;YOI;UNI;2.699,00;0,19
110660;37207-35011;BUJE RODAMIENTO CENTRAL COAS/DYNA/BB/BU 1;JAP;TZK;UNI;76,00;12,50
120611;37207-35011-TW;BUJE RODAMIENTO CENTRAL COAS/DYNA/BB/BU10;TW;NAK;UNI;1,00;3,65
120702;48655-20220-Y;BUJE TIJERAL CALDINA REDONDO AE100 CHICO YOI;KO;YOI;UNI;4.481,00;1,25
120726;48655-12010-Y;BUJE TIJERAL COROLLA 88/91;KO;YOI;UNI;1.181,00;1,00
120704;YOI-151;BUJE TOPE AMORTIGUADOR UNIVERSAL Y;KO;S/M;UNI;19,00;0,65
870079;HQ-DAMPER-CH-Y;BUJE TOPE DE AMORTIGUADOR UNIV. CHICO TIPO ORIGINAL;KO;YOI;UNI;140,00;1,08
120715;BIG DAMPER;BUJE TOPE DE AMORTIGUADOR UNIV. GRANDE TIPO ORIGINAL;KO;YOI;UNI;399,00;1,84
111155;90919-21316-SEIWA;CABLE BUJIA 2Y/3Y/4Y HILUX/HIACE 063 SEIWA JA;JAP;SW;UNI;29,00;6,50
110747;22450-27T86-SEIWA;CABLE BUJIA NISSAN NA16S ATLAS SEIWA;JAP;SW;SET;54,00;8,50
111267;90919-21569/75/C33;CABLE BUJIA NOAH LITEACE 5K CARB/ 75/33 LARGO;JAP;SW;SET;200,00;14,00
111281;90919-21569/75/C33-V;CABLE BUJIA NOAH LITEACE 5K CARB/ 75/33 LARGO CNG GAS;JAP;SW;SET;139,00;13,50
111260;90919-21297;CABLE BUJIA TOY  22R;JAP;SW;SET;37,00;9,50
111259;90919-21045;CABLE BUJIA TOY  2T/3T;JAP;SW;SET;24,00;13,50
111006;90919-21366-SEIWA;CABLE BUJIA TOY 2A/2E/3A/4A;JAP;SW;SET;32,00;7,20
110740;90919-22386;CABLE BUJIA TOY 3S/4S-FE RAV4/CALDINA/IPSUM/;JAP;SW;SET;624,00;21,50
111276;90919-22386-VG;CABLE BUJIA TOY 3S/4S-FE RAV4/CALDINA/IPSUM/CELICA/ 96/00 CNG GAS;JAP;SW;SET;91,00;22,50
111279;90919-21070-VG;CABLE BUJIA TOY 4K/5K 021 CNG GAS;JAP;SW;SET;26,00;7,20
111280;90919-21585-NC-VG;CABLE BUJIA TOY 4SFE CELICA 3SFE CARINA CNG GAS;JAP;SW;SET;6,00;22,90
111249;90919-22389;CABLE BUJIA TOY NOAH 3SFE TOWNACE 96/010 CONF;JAP;SW;SET;172,00;18,60
111275;90919-21045-VG;CABLE BUJIAS TOY  2T/3T CNG GAS;JAP;SW;SET;57,00;13,50
110759;90919-21560;CABLE BUJIAS, 4SFE-SX90, 93-;JAP;SW;SET;518,00;20,30
BOX-600*400*350;CAJA-600*400*350;CAJA PLASTICA PLEGABLE AZUL 600*400*350;CH;S/M;UNI;143,00;18,00
231015;215-2814-L-KO;CANTONERA DEL NISS E24 87/99 KO;KO;S/M;UNI;135,00;2,40
231016;215-2814-R-KO;CANTONERA DEL NISS E24 87/99 KO;KO;S/M;UNI;135,00;2,40
221070;214-2809-2-L;CANTONERA DELANTERO MITSUBISHI PAJERO MONTERO;TW;TYG;UNI;10,00;18,30
221071;214-2809-2-R;CANTONERA DELANTERO MITSUBISHI PAJERO MONTERO;TW;TYG;UNI;10,00;18,30
221082;MB04065PAL;CANTONERA DELANTERO MITSUBISHI PAJERO/MONTERO 97/00 NEGRO P/HALOGENO;TW;TYG;UNI;5,00;87,97
221083;MB04065PAR;CANTONERA DELANTERO MITSUBISHI PAJERO/MONTERO 97/00 NEGRO P/HALOGENO;TW;TYG;UNI;4,00;87,97
221005;212-2818-R;CANTONERA DELANTERO TOY HIACE 9O;TW;DEPO;UNI;3,00;7,90
221087;214-2802-L-2;CANTONERA MITSUBISHI MONTERO/PAJERO 92/00  PARACHOQUE TRAS NEGRO;TW;TYG;UNI;5,00;17,80
221088;214-2802-R-2;CANTONERA MITSUBISHI MONTERO/PAJERO 92/00  PARACHOQUE TRAS NEGRO;TW;TYG;UNI;4,00;17,80
223667;HLL01-4174;CANTONERA PARACHOQUE TOY PROBOX SUCCEED 2005;KO;S/M;UNI;41,00;8,80
231017;215-2815-L-KO;CANTONERA TRAS NISS E24 87/99 KO;KO;S/M;UNI;185,00;2,40
231018;215-2815-R-KO;CANTONERA TRAS NISS E24 87/99 KO;KO;S/M;UNI;185,00;2,40
221089;TY20149A;CAPO TOY SCION X 04 IST;TW;TYG;UNI;15,00;112,00
221086;TY20120A;CAPOTA TOY PROBOX 02;TW;TYG;UNI;24,00;73,50
121189;YOI-158;CAPUCHON CREMALLERA CORTO/ALARGADO YOI;KO;YOI;UNI;4.250,00;0,79
121197;YOI-223;CAPUCHON TRICETA NISSAN PATHFINDER;KO;YOI;UNI;1,00;0,87
221052;BVDA-CE101;CHAPA DE PUERTA TOY COROLLA CE100 92/95;KO;S/M;UNI;149,00;10,40
121116;YSM-6594;CONMUTADOR DE PALACA LUZ AE/EE90/80 COROLLA;TW;NAK;UNI;1,00;3,01
121201;RACK-DIING;CREMALLERA DIING UNIV  MECANICA;KO;DIING;UNI;1,00;21,00
121191;RACK-9016;CREMALLERA HIDRAULICA L NISSAN B14/15 MITS/SR;KO;YOI;UNI;132,00;119,00
121080;GUIS-63;CRUCETA CARDAN KE70 DIESEL;TW;CIB;UNI;1,00;2,83
121225;YOI-275;CRUCETA DIRECCION TOY HIACE HIDRAULICO;KO;YOI;UNI;109,00;9,30
121224;YOI-274;CRUCETA DIRECCION TOY PRADO/LAND CRUISER/IPSUM;KO;YOI;UNI;115,00;12,00
322002;FXJ-188;EMBLEMA CAPO TOY CON 3LUZ/AZUL/ROJO/VERDE;TW;S/M;UNI;214,00;1,10
222105;HLL01-2627-003;ESPEJO LAT TOY IPSUM SXN20 99 MANUAL;KO;S/M;SET;111,00;39,35
222112;HLL05-1231 L/R;ESPEJO LAT. MAZDA BONGO 86/06 KO;KO;S/M;SET;8,00;23,00
322122;ESP-E25-KO;ESPEJO LAT. NISSAN E25 02/08 R/L CROMO KO;KO;S/M;SET;54,00;19,00
222107;ESP-HIACE 04/06 KO;ESPEJO LAT. TOY HIACE 04/06 R/L KO;KO;S/M;SET;78,00;17,00
222103;HLL01-4156;ESPEJO TOY PROBOX 96/98 SET G/N;KO;DENNY;SET;16,00;23,50
222104;HLL01-1562-L-R;ESPEJO TOY VIGO CAMIONETA MANUAL SET;KO;DENNY;SET;1,50;45,00
120714;YOI-192;ESTABILIZADOR U TOY NOAH DELANTERO;KO;YOI;UNI;2.617,00;2,00
221927;313-1112L-US2;FARO ISUZU RODEO SPORT 2001- 03.;TW;DEPO;PCS;2,00;45,00
221928;313-1112R-US2;FARO ISUZU RODEO SPORT 2001- 03.;TW;DEPO;PCS;2,00;45,00
221771;218-1134L-LD-E2;FARO SUZUKI SWIFT..'04-'05.NEGRO;TW;DEPO;PCS;3,00;46,60
221772;218-1134R-LD-E2;FARO SUZUKI SWIFT..'04-'05.NEGRO;TW;DEPO;PCS;2,00;46,60
221811;211-1132L-LD-EM;FAROL DAIHATSU TERIOS 07.NAUTICA 08;TW;DEPO;UNI;2,00;43,00
221812;211-1132R-LD-EM;FAROL DAIHATSU TERIOS 07.NAUTICA 08;TW;DEPO;UNI;1,00;43,00
222583;214-2024-PXA;FAROL HALOGENO  MITSUBISHI DELICA SPACE TUNIN;TW;DEPO;SET;4,50;77,00
221555;214-2026R-AE;FAROL HALOGENO MITSUBISHI MONTERO 00/03 PAJER;TW;DEPO;UNI;3,00;18,00
221554;214-2026L-AE;FAROL HALOGENO MITSUBISHI PAJERO 00/03 MONTER;TW;DEPO;UNI;4,00;18,00
221982;221-1145L-LD-E;FAROL HYUNDAI  I10 2010/08;TW;DEPO;PCS;12,00;48,50
221983;221-1145R-LD-E;FAROL HYUNDAI  I10 2010/08;TW;DEPO;PCS;11,00;48,50
221817;221-1140L-LD-E;FAROL HYUNDAI ACCENT 06. 4D CRISTAL LIGHT;TW;DEPO;UNI;6,00;35,50
221818;221-1140R-LD-E;FAROL HYUNDAI ACCENT 06. 4D CRISTAL LIGHT;TW;DEPO;UNI;5,00;35,50
221813;221-1114L-LD-E;FAROL HYUNDAI VAN H100..96-2003;TW;DEPO;UNI;3,00;21,00
221937;221-1137L-RD;FAROL HYUNDAY ACCENT 2004-;TW;DEPO;PCS;4,00;25,00
221938;221-1137R-RD;FAROL HYUNDAY ACCENT 2004-;TW;DEPO;PCS;4,00;25,00
221768;216-1153L-LD-E;FAROL MAZDA BONGO E VAN/E2000 99..;TW;DEPO;UNI;35,00;43,00
221769;216-1153R-LD-E;FAROL MAZDA BONGO E VAN/E2000 99..;TW;DEPO;UNI;30,00;43,00
222652;331-1122-L-S;FAROL MERCURY SPORTS 97 MOUNTAINEER USA;TW;DEPO;ca;6,00;14,00
222653;331-1122-R-S;FAROL MERCURY SPORTS 97 MOUNTAINEER USA;TW;DEPO;UNI;6,00;14,00
221685;214-1185R-LD-E;FAROL MITSUBISHI L200 05 TRITON/SPORTERO;TW;DEPO;UNI;2,00;28,00
221566;214-1162R-LD;FAROL MITSUBISHI MINI PAJERO 2002 STANDART;TW;DEPO;UNI;4,00;35,00
221565;214-1162L-LD;FAROL MITSUBISHI MINI PAJERO STANDART;TW;DEPO;UNI;4,00;35,00
221758;214-1186L-LD-E;FAROL MITSUBISHI MONTERO/PAJERO 2007 CRISTAL;TW;DEPO;UNI;2,00;78,00
221759;214-1186R-LD-E;FAROL MITSUBISHI MONTERO/PAJERO 2007 CRISTAL;TW;DEPO;UNI;2,00;78,00
221898;214-1197L-LD-EM;FAROL MITSUBISHI PAJERO SPORT 2009;TW;DEPO;UNI;9,00;73,50
221899;214-1197R-LD-EM;FAROL MITSUBISHI PAJERO SPORT 2009;TW;DEPO;UNI;9,00;73,50
221941;315-1177L-AS;FAROL NISS. ALTIMA SEDAN 2010-12 C/ HALOGENO;TW;DEPO;PCS;6,00;72,00
221942;315-1177R-AS;FAROL NISS. ALTIMA SEDAN 2010-12 C/ HALOGENO;TW;DEPO;PCS;5,00;72,00
221857;215-11B5L-LD-EM;FAROL NISS. NOTE..06-09. ELEC/MANUAL;TW;DEPO;UNI;19,00;61,00
221858;215-11B5R-LD-EM;FAROL NISS. NOTE..06-09. ELEC/MANUAL;TW;DEPO;UNI;18,00;61,00
227109;115-1133L-LD-EM;FAROL NISS. SUNNY 2014.;TW;DEPO;PCS;2,00;75,00
227110;115-1133R-LD-EM;FAROL NISS. SUNNY 2014.;TW;DEPO;PCS;1,00;75,00
221469;215-11G3L-LD;FAROL NISS. URVAN / CARAVAN 2013;TW;DEPO;PCS;5,00;70,00
221470;215-11G3R-LD;FAROL NISS. URVAN / CARAVAN 2013;TW;DEPO;PCS;5,00;70,00
221972;315-1177LMUSM;FAROL NISS.ALTIMA SEDAN 2010;TW;DEPO;UNI;6,00;62,00
221973;315-1177RMUSM;FAROL NISS.ALTIMA SEDAN 2010;TW;DEPO;UNI;6,00;62,00
227131;215-11F8L-LD-EM;FAROL NISS.PATHFINDER 2010-12.;TW;DEPO;PCS;3,00;59,00
227132;215-11F8R-LD-EM;FAROL NISS.PATHFINDER 2010-12.;TW;DEPO;PCS;3,00;59,00
221896;215-11B7L-LD-E;FAROL NISS.SUNNY / ALMERA 2007 CRISTAL LIGHT;TW;DEPO;UNI;3,00;36,00
221897;215-11B7R-LD-E;FAROL NISS.SUNNY / ALMERA 2007 CRISTAL LIGHT;TW;DEPO;UNI;3,00;36,00
221851;215-1185L-LD-E;FAROL NISSAN 720 -2000-2001 CAMIONETA;TW;DEPO;UNI;9,00;18,00
221852;215-1185R-LD-E;FAROL NISSAN 720 -2000-2001 CAMIONETA;TW;DEPO;UNI;9,00;18,00
221580;315-1155L-US;FAROL NISSAN ARMADA 04/06 TITAN 04/05;TW;DEPO;UNI;2,00;58,00
221581;315-1155R-US;FAROL NISSAN ARMADA 04/06 TITAN 04/05;TW;DEPO;UNI;2,00;58,00
232464;215-11B4-L-KO;FAROL NISSAN E25 06/08 KO;KO;S/M;UNI;8,00;21,50
232465;215-11B4-R-KO;FAROL NISSAN E25 06/08 KO;KO;S/M;UNI;7,00;21,50
221716;215-1155L-LD-EM;FAROL NISSAN MARCH/MICRA 93-97;TW;DEPO;UNI;1,00;15,00
221582;315-1156L-US;FAROL NISSAN MURANO 03/04/06;TW;DEPO;UNI;4,00;53,00
221583;315-1156R-US;FAROL NISSAN MURANO 03/04/06;TW;DEPO;UNI;4,00;53,00
222726;315-1136L-US;FAROL NISSAN PATHFINDER 98/2004 CRISTAL VAGON;TW;DEPO;UNI;6,00;20,00
222727;315-1136R-US;FAROL NISSAN PATHFINDER 98/2004 CRISTAL VAGON;TW;DEPO;UNI;5,00;20,00
221785;215-11B2-L-LD-EM;FAROL NISSAN PATHFINDER/NAVARA 2004/2005;TW;DEPO;UNI;18,00;59,00
221786;215-11B2-R-LD-EM;FAROL NISSAN PATHFINDER/NAVARA 2004/2005;TW;DEPO;UNI;18,00;59,00
222734;215-1179L-LD;FAROL NISSAN SUNNY 98/99;TW;DEPO;UNI;5,00;16,50
222735;215-1179R-LD;FAROL NISSAN SUNNY 98/99;TW;DEPO;UNI;2,00;16,50
222573;215-1142L-LD;FAROL NISSAN SUNNY B12 85/86 AUTO;TW;DEPO;UNI;2,00;12,00
222574;215-1142R-LD;FAROL NISSAN SUNNY B12 85/86 AUTO;TW;DEPO;UNI;1,00;12,00
222611;215-1111R-LD;FAROL NISSAN SUNNY B12 SENTRA  87;TW;DEPO;UNI;2,00;10,00
222716;215-1129L-LD;FAROL NISSAN SUNNY SENTRA 88/89 B12;TW;DEPO;UNI;3,00;15,00
222717;215-1129R-LD;FAROL NISSAN SUNNY SENTRA 88/89 B12;TW;DEPO;UNI;2,00;15,00
221567;215-1138-L-LD-Y;FAROL NISSAN TRUCK CH520/450/CD520;TW;DEPO;UNI;18,00;21,00
221568;215-1138-R-LD-Y;FAROL NISSAN TRUCK CH520/450/CD520;TW;DEPO;UNI;18,00;21,00
221523;215-11A5L-LD-E;FAROL NISSAN URVAN CARAVAN E24 /02 E25 2005/0;TW;DEPO;UNI;14,00;26,00
221524;215-11A5R-LD-E;FAROL NISSAN URVAN CARAVAN E24 E25 2005/06 VA;TW;DEPO;UNI;13,00;26,00
221538;215-11B4L-LD-EM;FAROL NISSAN URVAN/CARAVAN E25 07/08 EM;TW;DEPO;UNI;6,00;37,00
222795;320-1111R-US;FAROL SUBARU FORESTER 98/2005 CRISTAL USA;TW;DEPO;UNI;1,00;40,00
222792;320-1108L-USD;FAROL SUBARU FORESTER 98/2005 USA;TW;DEPO;UNI;7,00;45,00
222793;320-1108R-USD;FAROL SUBARU FORESTER 98/2005 USA;TW;DEPO;UNI;14,00;45,00
221637;320-1112L-USD;FAROL SUBARU IMPREZA/SEDAN/WAGON/AOUTBACK 93-;TW;DEPO;UNI;6,00;58,00
221638;320-1112R-USD;FAROL SUBARU IMPREZA/SEDAN/WAGON/AOUTBACK 93-;TW;DEPO;UNI;5,00;58,00
221836;218-1133L-LD-E;FAROL SUZUKI APV 2008,CARRY 08 CRISTAL;TW;DEPO;UNI;1,00;48,00
221612;218-1136L-LD-EM;FAROL SUZUKI GRAND VITARA 2005 3D1,6;TW;DEPO;UNI;2,00;59,00
221613;218-1136R-LD-EM;FAROL SUZUKI GRAND VITARA 2005 3D1,6;TW;DEPO;UNI;1,00;59,00
221751;218-1135L-LDEM7;FAROL SUZUKI GRAND VITARA..2.0/05  5D;TW;DEPO;UNI;7,00;99,00
221752;218-1135R-LDEM7;FAROL SUZUKI GRAND VITARA..2.0/05  5D;TW;DEPO;UNI;6,00;99,00
221525;218-1126L-LDEM2;FAROL SUZUKI JIMNY  01/05;TW;DEPO;UNI;15,00;64,50
221526;218-1126R-LDEM2;FAROL SUZUKI JIMNY  01/05;TW;DEPO;UNI;15,00;64,50
221556;218-1134L-LD-E1;FAROL SUZUKI SWIFT 04/05 ECE MANUAL CRM;TW;DEPO;UNI;6,00;41,50
221557;218-1134R-LD-E1;FAROL SUZUKI SWIFT 04/05 ECE MANUAL CRM;TW;DEPO;UNI;5,00;41,50
221900;218-1117L-LD-EM;FAROL SUZUKI SWIFT 96/2003 CRISTAL;TW;DEPO;UNI;4,00;25,00
221901;218-1117R-LD-EM;FAROL SUZUKI SWIFT 96/2003 CRISTAL;TW;DEPO;UNI;3,00;25,00
221906;318-1110L-US;FAROL SUZUKI SX4  2007/11;TW;DEPO;UNI;2,00;98,00
221907;318-1110R-US;FAROL SUZUKI SX4  2007/11;TW;DEPO;UNI;1,00;98,00
222686;212-1187L-LD-EM;FAROL TOY CALDINA/AVENSIS 98/2002 CT220 CRIST;TW;DEPO;UNI;3,00;31,00
232423;212-1147-L-KO-LL;FAROL TOY CARINA/CORONA 92 LL KO;KO;S/M;UNI;135,00;9,67
232424;212-1147-R-KO-LL;FAROL TOY CARINA/CORONA 92 LL KO;KO;S/M;UNI;150,00;9,67
221589;212-11A4-R-LD-EM;FAROL TOY COROLLA 00 AE112 ZZ110;TW;DEPO;UNI;7,00;31,50
221588;212-11A4-L-LD-EM;FAROL TOY COROLLA 00/AE112 ZZ110;TW;DEPO;UNI;7,00;31,50
221559;212-11B5R-LD;FAROL TOY COROLLA 2001/02;TW;DEPO;UNI;4,00;28,50
221710;212-11H6L-LD-EM;FAROL TOY COROLLA 3D/5D '04;TW;DEPO;UNI;16,00;45,50
221711;212-11H6R-LD-EM;FAROL TOY COROLLA 4D/5D '04;TW;DEPO;UNI;15,00;45,50
222560;212-1193L-RD;FAROL TOY COROLLA AE101 99;TW;DEPO;UNI;249,00;18,20
222561;212-1193R-RD;FAROL TOY COROLLA AE101 99;TW;DEPO;UNI;245,00;18,20
221562;212-11G4L-LD-E;FAROL TOY COROLLA..'05 JAPAN TIPE ECE MANUAL;TW;DEPO;UNI;6,00;29,99
221563;212-11G4R-LD-E;FAROL TOY COROLLA..'05 JAPAN TIPE ECE MANUAL;TW;DEPO;UNI;5,00;29,99
222521;212-1156R-LD-E;FAROL TOY CORONA/CALDINA 92 ADELANTE;TW;DEPO;UNI;211,00;16,50
222522;212-1156L-LD-E;FAROL TOY CORONA/CALDINA 92 ADELANTE;TW;DEPO;UNI;213,00;16,50
232413;212-1156-L-KO;FAROL TOY CORONA/CALDINA 92 ADELANTE KO;KO;S/M;UNI;67,00;9,50
232414;212-1156-R-KO;FAROL TOY CORONA/CALDINA 92 ADELANTE KO;KO;S/M;UNI;57,00;9,50
222625;212-1156PXLD-2;FAROL TOY CORONA/CALDINA TUNING 92 ADELANTE;TW;DEPO;SET;5,00;46,00
222683;212-1167R-LD-Y;FAROL TOY DINA 95/96/99 C/Y YL110/YL111/BU102;TW;DEPO;UNI;6,00;22,00
141520;212-11Y011-L;FAROL TOY GAIA;KO;S/M;UNI;8,00;21,00
141521;212-11Y011-R;FAROL TOY GAIA;KO;S/M;UNI;11,00;21,00
232468;212-11H1-L-KO;FAROL TOY HIACE 04/05 QUANTUM 2005-KO;KO;S/M;UNI;3,00;17,50
232469;212-11H1-R-KO;FAROL TOY HIACE 04/05 QUANTUM 2005-KO;KO;S/M;UNI;2,00;17,50
222736;212-1196-L-RD;FAROL TOY HIACE 93/94 RXH 101/102/103/104;TW;DEPO;UNI;10,00;31,00
222737;212-1196-R-RD;FAROL TOY HIACE 93/94 RZH 101/102/103/104;TW;DEPO;UNI;6,00;31,00
232419;212-1198L-LD;FAROL TOY HIACE 99 CRISTAL TUNING;TW;DEPO;UNI;10,00;39,00
232420;212-1198R-LD;FAROL TOY HIACE 99 CRISTAL TUNING;TW;DEPO;UNI;11,00;39,00
232472;212-1198-L-KO;FAROL TOY HIACE 99/JIN BEI 05;KO;S/M;UNI;14,00;16,70
232473;212-1198-R-KO;FAROL TOY HIACE 99/JIN BEI 05;KO;S/M;UNI;20,00;16,70
221705;212-1171R-LD-E;FAROL TOY HIACE GRANVIA 97;TW;DEPO;UNI;2,00;27,00
221641;312-1175-L-USN9;FAROL TOY HIGHLANDER 04/07;TW;DEPO;UNI;4,00;81,00
221642;312-1175-R-USN9;FAROL TOY HIGHLANDER 04/07;TW;DEPO;UNI;4,00;81,00
141522;212-11Y012-L;FAROL TOY IPSUM 2004/2006  KO;KO;S/M;UNI;119,00;36,00
141523;212-11Y012-R;FAROL TOY IPSUM 2004/2006 KO;KO;S/M;UNI;118,00;36,00
141501;212-11Y001-R;FAROL TOY IPSUM 99/200 YOI;KO;S/M;UNI;6,00;13,25
221678;312-1185L-US;FAROL TOY IST 04/05 SO.XA SPORT;TW;DEPO;UNI;5,00;101,00
221679;312-1185R-US;FAROL TOY IST 04/05 SOXA DEPORTIVO;TW;DEPO;UNI;4,00;101,00
221706;212-11C7L-LD;FAROL TOY KIJANG 02;TW;DEPO;UNI;4,00;22,00
221707;212-11C7R-LD;FAROL TOY KIJANG 02;TW;DEPO;UNI;3,00;22,00
221651;212-11C1L-LD-E;FAROL TOY LAND CRUISER FJ100 HZJ105 98;TW;DEPO;UNI;12,00;38,00
221652;212-11C1R-LD-E;FAROL TOY LAND CRUISER FJ100 HZJ105 98;TW;DEPO;UNI;12,00;38,00
141518;212-11Y010-L;FAROL TOY NADIA SXN10 98 KO;KO;S/M;UNI;45,00;15,80
141519;212-11Y010-R;FAROL TOY NADIA SXN10 98 KO;KO;S/M;UNI;44,00;15,80
141508;212-11Y005-L;FAROL TOY NOAH 96/99 BORDE PLOMO INTERIOR;KO;S/M;UNI;55,00;17,80
141509;212-11Y005-R;FAROL TOY NOAH 96/99 BORDE PLOMO INTERIOR;KO;S/M;UNI;52,00;17,80
141504;212-11Y003-L;FAROL TOY NOAH 96/99 YOI;KO;S/M;UNI;481,00;17,85
141505;212-11Y003-R;FAROL TOY NOAH 96/99 YOI;KO;S/M;UNI;483,00;17,85
222778;212-11D7L-LD-EM;FAROL TOY PRADO LAND CUSER '03. 07/08;TW;DEPO;UNI;12,00;50,00
222779;212-11D7R-LD-EM;FAROL TOY PRADO LAND CUSER '03. 07/08;TW;DEPO;UNI;5,00;50,00
221561;212-11F6R-LD-EM;FAROL TOY RAV 4 03/04 ECE ELCT;TW;DEPO;UNI;2,00;48,00
221560;212-11F6L-LD-EM;FAROL TOY RAV 4 03/04 ECE ELECT;TW;DEPO;UNI;2,00;48,00
221640;212-11K5R-LDEM1;FAROL TOY RAV 4 05-06;TW;DEPO;UNI;2,00;70,00
221639;212-11K5L-LDEM1;FAROL TOY RAV 4 '05-'06;TW;DEPO;UNI;2,00;70,00
221800;212-11N7LMLD-EM;FAROL TOY RAV 4 08-09 ECE.ELEC W/S MOTOR;TW;DEPO;UNI;16,00;85,00
221801;212-11N7RMLD-EM;FAROL TOY RAV 4 08-09 ECE.ELEC W/S MOTOR;TW;DEPO;UNI;16,00;85,00
222567;312-1153L-US;FAROL TOY RAV 4 2001/2003/2004;TW;DEPO;UNI;1,00;53,00
141502;212-11Y002-L;FAROL TOY SPACIO 98 YOI;KO;S/M;UNI;100,00;16,37
141503;212-11Y002-R;FAROL TOY SPACIO 98 YOI;KO;S/M;UNI;86,00;16,37
222529;212-1141R-LD-E;FAROL TOY SPRINTER 88/89;TW;DEPO;UNI;20,00;14,15
222530;212-1141L-LD-E;FAROL TOY SPRINTER 88/89;TW;DEPO;UNI;19,00;14,15
232411;212-1141-L-KO;FAROL TOY SPRINTER 88/89 KO;KO;S/M;UNI;33,00;8,00
232412;212-1141-R-KO;FAROL TOY SPRINTER 88/89 KO;KO;S/M;UNI;31,00;8,00
221722;212-11K7L-LD-EM;FAROL TOY VITZ/YARIS 5D ’05;TW;DEPO;UNI;8,00;51,00
221723;212-11K7R-LD-EM;FAROL TOY VITZ/YARIS 5D ’05;TW;DEPO;UNI;8,00;51,00
221713;212-11L2R-LD-EM;FAROL TOY VITZ/YARIS 5D '05 - '06;TW;DEPO;UNI;10,00;50,50
221712;212-11L2L-LD-EM;FAROL TOY VITZ/YARIS 5D '05-'06;TW;DEPO;UNI;11,00;50,50
232457;16-33-R;FAROL TOY WINGRO AD Y1198 /AD2004 NISSAN);KO;S/M;UNI;94,00;14,00
232456;16-33L;FAROL TOY WINGRO ADY11 98 /AD2004 NISSAN);KO;S/M;UNI;94,00;14,00
221794;312-1199L-US;FAROL TOY YARIS HATCHBACK  07-08;TW;DEPO;UNI;6,00;45,00
221795;312-1199R-US;FAROL TOY YARIS HATCHBACK  07-08;TW;DEPO;UNI;6,00;45,00
222660;212-11A2L-LD-EM;FAROL TOY YARIS/VITZ /99/2000/02;TW;DEPO;UNI;8,00;37,00
222661;212-11A2R-LD-EM;FAROL TOY YARIS/VITZ /99/2000/02;TW;DEPO;UNI;7,00;37,00
222766;212-11F7-L-LD-EM;FAROL TOY YARIS/VITZ /V TIPE 2000/2002;TW;DEPO;UNI;8,00;37,00
222767;212-11F7-R-LD-EM;FAROL TOY YARIS/VITZ /V TIPE 2000/2002;TW;DEPO;UNI;8,00;37,00
221610;212-11F5L-LD-EM;FAROL TOY YARIZ/HECHO 03/04;TW;DEPO;UNI;24,00;32,00
221611;212-11F5R-LD-EM;FAROL TOY YARIZ/HECHO 03/04;TW;DEPO;UNI;24,00;32,00
221688;212-11F3-L-LD-EM;FAROL TOY. AVENIS 03/05;TW;DEPO;UNI;2,00;63,50
221689;212-11F3-R-LD-EM;FAROL TOY. AVENSIS 03/05;TW;DEPO;UNI;2,00;63,50
222507;212-1162R-LD-E;FAROL TOY. COROLLA AE100 92/93;TW;DEPO;UNI;2,00;16,40
221465;212-11Q1L-RDHEM;FAROL TOY. HIACE VENTURY 2010 ELEC;TW;DEPO;PCS;31,00;90,00
221466;212-11Q1R-RDHEM;FAROL TOY. HIACE VENTURY 2010 ELEC;TW;DEPO;PCS;31,00;90,00
221485;212-11W1L-LDMN2;FAROL TOY. RAV4 2013;TW;DEPO;PCS;4,00;74,40
221486;212-11W1R-LDMN2;FAROL TOY. RAV4 2013;TW;DEPO;PCS;3,00;74,40
227118;212-11R3R-LDEM2;FAROL TOY. YARIS / VITZ 2011-13.;TW;DEPO;PCS;4,00;49,00
221487;212-11R3L-LDEM1;FAROL TOY. YARIS 2011-13 ECE.ELEC;TW;DEPO;PCS;4,00;49,00
221488;212-11R3R-LDEM1;FAROL TOY. YARIS 2011-13 ECE.ELEC;TW;DEPO;PCS;3,00;49,00
221873;312-11A1L-US1;FAROL TOY. YARIS SEDAN 07-11  (08-09 BASE);TW;DEPO;UNI;8,00;63,00
221874;312-11A1R-US1;FAROL TOY. YARIS SEDAN 07-11  (08-09 BASE);TW;DEPO;UNI;7,00;63,00
221939;312-11A8L-AS1;FAROL TOY.COROLLA 2009-10  MODEL USA;TW;DEPO;PCS;10,00;42,00
221940;312-11A8R-AS1;FAROL TOY.COROLLA 2009-10  MODEL USA;TW;DEPO;PCS;10,00;42,00
221974;212-11N5L-LD-EM;FAROL TOY.HIACE GRANVIA 2008.CRISTAL LIGHT;TW;DEPO;PCS;3,00;46,00
221975;212-11N5R-LD-EM;FAROL TOY.HIACE GRANVIA 2008.CRISTAL LIGHT;TW;DEPO;PCS;3,00;46,00
221489;212-11U5L-LDH-M;FAROL TOY.LAND CRUISER FJ200 2007/11;TW;DEPO;PCS;4,00;193,00
221490;212-11U5R-LDH-M;FAROL TOY.LAND CRUISER FJ200 2007/11;TW;DEPO;PCS;4,00;193,00
221821;212-11P8L-LD-EM;FAROL TOY.PRADO 2009/10 CRISTAL;TW;DEPO;UNI;1,00;95,00
221822;212-11P8R-LD-EM;FAROL TOY.PRADO 2009/10 CRISTAL;TW;DEPO;UNI;1,00;95,00
232407;212-1193-B-L-KO;FAROL TOY/COROLLA 99 CRISTAL NEGRO TUNING;TW;S/M;UNI;2,00;13,00
222680;212-1166L-LD-E;FAROL TOYOTA RAV 4 97;TW;DEPO;UNI;4,00;31,20
222681;212-1166R-LD-E;FAROL TOYOTA RAV 4 97;TW;DEPO;UNI;3,00;31,20
232444;6001-FC-KO-GLASS;FAROL UNIV/CHICO RECTANG H4 F/CAMBIABLE GLASS;KO;S/M;UNI;91,00;1,20
227105;773-1116N-LD-E;FAROLVOLKSWAGEN TRUK FH12/16&FM7/12 1993-2002 L/R;TW;DEPO;PCS;55,00;23,00
122472;13780-79210;FILTRO DE AIRE SUZUKI EMP-265 MUE-124;TW;NAK;UNI;20,00;2,35
141526;212-11Y014-L;FOCO HALOGENO PAR TOY PROBOX 2005 KO;KO;S/M;UNI;80,00;8,10
141527;212-11Y014-R;FOCO HALOGENO PAR TOY PROBOX 2005 KO;KO;S/M;UNI;85,00;8,10
141531;212-11Y016-R;FOCO HALOGENO PARACH IPSUM 2000 CRISTAL;KO;S/M;UNI;69,00;7,60
221653;212-2002N;FOCO HALOGENO ROMPENIEBLA H3 TOY LAND CRUISER FJ75 ’85-’02 AMARILLO;TW;DEPO;UNI;15,00;4,60
221658;214-2017-L-A-Y;FOCO HALOGENO ROMPENIEBLA MITUBISHI FUSO 350;TW;S/M;UNI;4,00;30,59
221659;214-2017-R-A-T;FOCO HALOGENO ROMPENIEBLA MITUBISHI FUSO 350;TW;S/M;UNI;3,00;30,59
221520;H4-12V-200/260W;FOCO HALOGENO SUPER H4-12V 200/260W P43T 2PC;KO;S/M;SET;238,00;1,70
222463;VF5158;FOCO HALOGENO SUPER WHITE AZULADO H4-12V P43T;TW;S/M;SET;559,00;1,63
141528;212-11Y015-L;FOCO HALOGENO TOY IPSUM 2005/2006 KO;KO;S/M;UNI;27,00;8,10
141529;212-11Y015-R;FOCO HALOGENO TOY IPSUM 2005/2006 KO;KO;S/M;UNI;5,00;8,10
232875;HLL01-4159-4160;GUARDABARRO TOY PROBOX NCP55 98 SET 4 PCS;KO;S/M;SET;3,00;6,00
229445;SZ10037AL;GUARDAFANDO SUZUKI SX-4/FT 07 L Sedici W/S.L.& Flare Hole;TW;TYG;UNI;1,00;34,50
229444;SZ10037AR;GUARDAFANDO SUZUKI SX-4/FT 07 R Sedici W/S.L.& Flare Hole;TW;TYG;UNI;1,00;34,50
229364;MB10075AL;GUARDAFANGO MITSUBISHI LANCER 08 C/ojo de farol lat.;TW;TYG;UNI;3,00;22,00
229365;MB10075AR;GUARDAFANGO MITSUBISHI LANCER 08 C/ojo de farol lat.;TW;TYG;UNI;3,00;22,00
229452;MB10052AR;GUARDAFANGO MITSUBISHI MONTERO SPORT 2000 S/ Flare Hole;TW;TYG;UNI;2,00;116,00
229453;MB10052AL;GUARDAFANGO MITSUBISHI MONTERO SPORT 2000 S/ Flare Hole;TW;TYG;UNI;2,00;116,00
229463;DS10133AR;GUARDAFANGO NISSAN FRONTIER 02 /2WD C/Side lamp hole '02-;TW;TYG;UNI;3,00;23,00
229343;53812-1H100;GUARDAFANGO TOY COROLLA 04-06 LH W/S.L.HOLE;TW;TYG;UNI;1,00;35,99
229331;TY10070AL;GUARDAFANGO TOY CORONA 92/97  S/ojo -7 (TKY);TW;TYG;UNI;1,00;37,44
229332;TY10070AR;GUARDAFANGO TOY CORONA 92/97  S/ojo -7 (TKY);TW;TYG;UNI;10,00;25,00
229248;TY11211AL;GUARDAFANGO TOY IST  SO.XA '04-'05 DEPOTIVO;TW;TYG;UNI;24,00;11,30
229249;TY11211AR;GUARDAFANGO TOY IST  SO.XA '04-'05 DEPOTIVO;TW;TYG;UNI;24,00;11,30
229454;TY10293AR;GUARDAFANGO TOY RUNNER 010;TW;TYG;UNI;1,00;149,00
229455;TY10293AL;GUARDAFANGO TOY RUNNER 010;TW;TYG;UNI;1,00;149,00
229458;TY10328AR;GUARDAFANGO TOY TUNDRA 014  (OTN);TW;TYG;UNI;1,00;140,00
229459;TY10328AL;GUARDAFANGO TOY TUNDRA 014  (OTN);TW;TYG;UNI;1,00;140,00
229448;TY10299AL;GUARDAFANGO TOY YARIS 012;TW;TYG;UNI;1,00;23,00
121184;YOI-153;GUARDAPOLVO CON TOPE DE AMORTIGUADOR CHICO YOI;KO;YOI;UNI;313,00;1,40
121193;YOI-195;GUARDAPOLVO DE JUNTA NISSAN PATHFINDER;KO;YOI;UNI;751,00;1,10
121198;YOI-226;GUARDAPOLVO DE JUNTA NISSAN PATHFINDER BAJITO;KO;YOI;UNI;223,00;1,00
850000;HQ RR3920022;GUARDAPOLVO DE TERMINAL EXT. DE JUNTA H.;KO;YOI;UNI;5.114,00;1,41
850046;HQ RR3935012;GUARDAPOLVO DE TERMINAL EXT. DE JUNTA H. NISS. B13  25X52X22;KO;YOI;UNI;387,00;1,16
850001;HQ RF3950012;GUARDAPOLVO DE TERMINAL IN.  DE JUNTA H.;KO;YOI;UNI;4.810,00;1,68
850075;HQ RF3880031;GUARDAPOLVO SIMPLE DE TERMINAL EXT.DE JUNTA H.;KO;YOI;UNI;429,00;1,42
850072;HQ-RF3950012 S/S;GUARDAPOLVO SIMPLE DE TERMINAL IN.. DE JUNTA H.;KO;YOI;UNI;239,00;1,23
227108;773-1405N-AE;GUIIÑADOR LAT. VOLKSWAGEN TRUK FH16..08- .;TW;DEPO;PCS;89,00;8,50
226032;212-15G6L-AE2;GUIÑADOR  LAT TOY LAND CRUSSIER 2003/5/6;TW;DEPO;UNI;71,00;15,20
226033;212-15G6R-AE2;GUIÑADOR  LAT TOY LAND CRUSSIER 2003/5/6;TW;DEPO;UNI;70,00;15,20
229254;212-1664L-YA;GUIÑADOR DEL. TOY HIACE 93 RZH. 101,102,103,104;TW;DEPO;UNI;15,00;13,60
229255;212-1664R-YA;GUIÑADOR DEL. TOY HIACE 93 RZH. 101,102,103,104;TW;DEPO;UNI;14,00;13,60
229350;312-1625L-US;GUIÑADOR FRONTAL TOY.LAND CRUISER 91- 97 NEW;TW;DEPO;PCS;29,00;5,30
229351;312-1625R-US;GUIÑADOR FRONTAL TOY.LAND CRUISER 91- 97 NEW;TW;DEPO;PCS;28,00;5,30
229229;212-2045L-AE;GUIÑADOR HALOGENO CON VICEL COROLLA RU X3D/5D;TW;DEPO;UNI;6,00;19,00
229230;212-2045R-AE;GUIÑADOR HALOGENO CON VICEL COROLLA RU X3D/5D;TW;DEPO;UNI;5,00;19,00
142833;212-15Y016-L;GUIÑADOR LAT 1/2 LUZ NISSAN AD 2004 NARANJA Y1;KO;S/M;UNI;40,00;5,70
142834;212-15Y016-R;GUIÑADOR LAT 1/2 LUZ NISSAN AD 2004 NARANJA Y1;KO;S/M;UNI;33,00;5,70
222822;212-1501N-A;GUIÑADOR LAT GUARDAFANGO TOY HILUX UNIVERSAL;TW;DEPO;UNI;59,00;0,65
229251;219-1506R-UE;GUIÑADOR LAT HINO RANGER FD,FG 2003;TW;DEPO;UNI;10,00;21,00
232880;215-1556-L-A-KO;GUIÑADOR LAT MAZDA BONGO E2000 99-00 P/UP KO;KO;S/M;UNI;50,00;7,00
232881;215-1556-R-A-KO;GUIÑADOR LAT MAZDA BONGO E2000 99-00 P/UP KO;KO;S/M;UNI;50,00;7,00
142822;212-15Y010-R;GUIÑADOR LAT TOY CARIBE AE111/115 98 KO;KO;S/M;UNI;12,00;5,80
142840;212-15Y019-R;GUIÑADOR LAT TOY CERES 90;KO;S/M;UNI;129,00;4,00
142839;212-15Y019-L;GUIÑADOR LAT TOY CERES 90;KO;S/M;UNI;130,00;4,00
142837;212-15Y018-L;GUIÑADOR LAT TOY MARINO 90/91;KO;S/M;UNI;51,00;4,00
142838;212-15Y018-R;GUIÑADOR LAT TOY MARINO 90/91;KO;S/M;UNI;37,00;4,00
226220;221-1519L-UE;GUIÑADOR LAT. HYUNDAI ACCENT 96  3D ECE.;TW;DEPO;UNI;28,00;4,80
226221;221-1519R-UE;GUIÑADOR LAT. HYUNDAI ACCENT 96  3D ECE.;TW;DEPO;UNI;27,00;4,80
229049;313-1510L-AS;GUIÑADOR LAT. ISUZU TROOPER 98/99 VAGON S-LX;TW;DEPO;UNI;3,00;50,00
229050;313-1510R-AS;GUIÑADOR LAT. ISUZU TROOPER 98/99 VAGON S-LX2;TW;DEPO;UNI;2,00;50,00
229200;315-1515L-AS6;GUIÑADOR LAT. NISS. PATHFINDER 96/98/00 -6 PLOMO;TW;DEPO;UNI;5,00;9,00
229201;315-1515R-AS6;GUIÑADOR LAT. NISS. PATHFINDER 96/98/00 -6 PLOMO;TW;DEPO;UNI;4,00;9,00
229162;215-1588L-AE;GUIÑADOR LAT. NISSAN ALMERA ’98-’00/N15;TW;DEPO;UNI;45,00;6,60
229163;215-1588R-AE;GUIÑADOR LAT. NISSAN ALMERA ’98-’00/N15;TW;DEPO;UNI;44,00;6,60
229096;215-15A3L-U-Y;GUIÑADOR LAT. NISSAN WINGROAD Y11 99 AMARILLO;TW;DEPO;UNI;10,00;9,15
229098;215-15A3R-U-Y;GUIÑADOR LAT. NISSAN WINGROAD Y11 99 AMARILLO;TW;DEPO;UNI;9,00;9,15
229152;312-1505L-AS;GUIÑADOR LAT. TOY CORROLA AUT/VAGON 93/97;TW;DEPO;PCS;10,00;4,20
229153;312-1505R-AS;GUIÑADOR LAT. TOY CORROLA AUT/VAGON 93/97;TW;DEPO;PCS;14,00;4,20
222922;212-1520R-1A;GUIÑADOR LAT. TOY. COROLLA AE81 86/87 CROMADO;TW;DEPO;UNI;60,00;4,55
222923;212-1520L-1A;GUIÑADOR LAT. TOY. COROLLA AE81 86/87 CROMADO;TW;DEPO;UNI;60,00;4,55
229345;212-15C8L-UE;GUIÑADOR LAT. TOY. LANN CRUISER FJ100 98-2004;TW;DEPO;PCS;10,00;8,35
229346;212-15C8R-UE;GUIÑADOR LAT. TOY. LANN CRUISER FJ100 98-2004;TW;DEPO;PCS;10,00;8,35
229069;312-1556L-AS;GUIÑADOR LAT. TOY. TUNDRA 05-06. DOBLE CAB;TW;DEPO;PCS;15,00;32,50
229070;312-1556R-AS;GUIÑADOR LAT. TOY. TUNDRA 05-06. DOBLE CAB;TW;DEPO;PCS;15,00;32,50
229333;212-1680L-UE;GUIÑADOR LAT. TOY.DYNA XZU.99-2003;TW;DEPO;PCS;9,00;25,70
229334;212-1680R-UE;GUIÑADOR LAT. TOY.DYNA XZU.99-2003;TW;DEPO;PCS;9,00;25,70
229286;212-15F8L-A;GUIÑADOR LAT. TOY.HIACE  2001;TW;DEPO;UNI;8,00;16,00
229287;212-15F8R-A;GUIÑADOR LAT. TOY.HIACE  2001;TW;DEPO;UNI;6,00;16,00
229301;212-15G9L-A;GUIÑADOR LAT. TOY.IPSUM 96-97.;TW;DEPO;PCS;50,00;8,60
229302;212-15G9R-A;GUIÑADOR LAT. TOY.IPSUM 96-97.;TW;DEPO;PCS;70,00;8,60
229278;773-1519L-UE;GUIÑADOR LAT. VOLVO FM/FH..02-07- TRUCK-;TW;DEPO;UNI;20,00;6,00
229374;215-1545L-A;GUIÑADOR LAT.NISS. CONDOR UD520/CH520/CH450;TW;DEPO;PCS;65,00;9,20
229375;215-1545R-A;GUIÑADOR LAT.NISS. CONDOR UD520/CH520/CH450;TW;DEPO;PCS;24,00;9,20
229298;115-1503L-U;GUIÑADOR LAT.NISS.SENTRA 1800 MOD. 2000;TW;DEPO;UNI;4,00;7,90
229299;115-1503R-U;GUIÑADOR LAT.NISS.SENTRA 1800 MOD. 2000;TW;DEPO;UNI;4,00;7,90
229376;218-1407N-AE;GUIÑADOR LAT/GURDAFANG .SUZUKI VITARA 2000-04/UNIVERSAL;TW;DEPO;PCS;50,00;2,20
226130;331-1524L-US;GUIÑADOR LAT/LUZ PARQUEO FORD EXPLORER 95-2001;TW;DEPO;PCS;8,00;10,20
226131;331-1524R-US;GUIÑADOR LAT/LUZ PARQUEO FORD EXPLORER 95-2001;TW;DEPO;PCS;8,00;10,20
223065;214-1515L-AE-C;GUIÑADOR LAT/MIT/GALANT 89/92 E33A;TW;DEPO;UNI;1,00;4,80
223190;214-1515-CYA-L;GUIÑADOR LAT/MITSU/GALANT 89/92 E33A NARANJA;TW;DEPO;UNI;9,00;4,70
223104;215-1574L-UE;GUIÑADOR LAT/NISSAN SERENA C23 92;TW;DEPO;UNI;46,00;10,99
223105;215-1574R-UE;GUIÑADOR LAT/NISSAN SERENA C23 92;TW;DEPO;UNI;45,00;10,99
229149;773-1602N-UE;GUIÑADOR LATERAL CAMION VOLVO FL12/FL16 93/02;TW;DEPO;UNI;100,00;5,60
226066;212-15D3L-UE;GUIÑADOR LATERAL ESQ. FJ100 LAND CRUISER 2002;TW;DEPO;UNI;13,00;10,00
226067;212-15D3R-UE;GUIÑADOR LATERAL ESQ. FJ100 LAND CRUISER 2002;TW;DEPO;UNI;13,00;10,00
229177;314-1503-P-CA-U;GUIÑADOR LATERAL MITSUBISHI ECLIPSE 92/94 TUN;TW;DEPO;SET;21,00;19,20
222840;214-1508L-2A;GUIÑADOR LATERAL MITSUBISHI L200 87/90 BLACK;TW;DEPO;UNI;1,00;3,55
229178;320-1501L-AS;GUIÑADOR LATERAL MITSUBISHI LEGACY 92-94;TW;DEPO;UNI;46,00;35,18
229179;320-1501R-AS;GUIÑADOR LATERAL MITSUBISHI LEGACY 92-94;TW;DEPO;UNI;45,00;35,18
223089;214-1556L-AE;GUIÑADOR LATERAL MITSUBISHI MONTERO 98 BLANCO;TW;DEPO;UNI;7,00;11,00
223090;214-1556R-AE;GUIÑADOR LATERAL MITSUBISHI MONTERO 98 BLANCO;TW;DEPO;UNI;6,00;11,00
222865;315-1510R-NS;GUIÑADOR LATERAL NISSAN PATHFINDER 96 USA;TW;DEPO;UNI;20,00;6,00
222866;315-1510L-NS;GUIÑADOR LATERAL NISSAN PATHFINDER 96 USA;TW;DEPO;UNI;20,00;6,00
226156;315-1534L-US;GUIÑADOR LATERAL NISSAN PATHFINDER 98/2004 US;TW;DEPO;UNI;10,00;11,00
229031;115-1505-L-LU;GUIÑADOR LATERAL NISSAN SERENA 2002/05;TW;DEPO;UNI;11,00;14,82
229032;115-1505-R-U;GUIÑADOR LATERAL NISSAN SERENA 2002/05;TW;DEPO;UNI;10,00;14,82
229211;215-15A2L-A;GUIÑADOR LATERAL NISSAN SUNNY 00 INDICADOR B1;TW;DEPO;UNI;20,00;8,80
229212;215-15A2R-A;GUIÑADOR LATERAL NISSAN SUNNY 00 INDICADOR B1;TW;DEPO;UNI;20,00;8,80
222876;215-1519R-C;GUIÑADOR LATERAL NISSAN SUNNY B11 BLANCO;TW;DEPO;UNI;14,00;2,50
222896;212-1595-R;GUIÑADOR LATERAL TOY CARINA/CALDINA 92/94/96;TW;DEPO;UNI;5,00;7,25
222897;212-1595-L;GUIÑADOR LATERAL TOY CARINA/CALDINA 92/94/96;TW;DEPO;UNI;5,00;7,25
226160;212-1577L-CYA;GUIÑADOR LATERAL TOY COASTER 93/99 BLANCO;TW;DEPO;UNI;19,00;8,50
226161;212-1577R-CYA;GUIÑADOR LATERAL TOY COASTER 93/99 BLANCO;TW;DEPO;UNI;18,00;8,50
222902;212-1577R-YA;GUIÑADOR LATERAL TOY COASTER 93/99 NARANJA;TW;DEPO;UNI;4,00;8,00
222903;212-1577L-YA;GUIÑADOR LATERAL TOY COASTER 93/99 NARANJA;TW;DEPO;UNI;4,00;8,00
232829;212-1524-C-L-KO;GUIÑADOR LATERAL TOY COROLLA 90 CRISTAL KO;KO;S/M;UNI;102,00;3,00
232830;212-1524-C-R-KO;GUIÑADOR LATERAL TOY COROLLA 90 CRISTAL KO;KO;S/M;UNI;102,00;3,00
232849;212-1592-L-KO;GUIÑADOR LATERAL TOY COROLLA AE110 95 KO;KO;S/M;UNI;4,00;3,00
222929;212-1535R;GUIÑADOR LATERAL TOY CORONA 81/82 TT132;TW;DEPO;UNI;19,00;3,00
223087;212-1625L-U;GUIÑADOR LATERAL TOY CORONA 85/87 ST150;TW;DEPO;UNI;10,00;3,60
223088;212-1625R-U;GUIÑADOR LATERAL TOY CORONA 85/87 ST150;TW;DEPO;UNI;14,00;3,60
222938;212-1538R;GUIÑADOR LATERAL TOY CORONA 87;TW;DEPO;UNI;15,00;4,90
222939;212-1538L;GUIÑADOR LATERAL TOY CORONA 87;TW;DEPO;UNI;15,00;4,90
222940;212-1543R-A;GUIÑADOR LATERAL TOY CORONA 88/89 AT171;TW;DEPO;UNI;4,00;5,99
222941;212-1543L-A;GUIÑADOR LATERAL TOY CORONA 88/89 AT171;TW;DEPO;UNI;4,00;5,99
222942;212-1557R-A;GUIÑADOR LATERAL TOY CORONA 90/91 AT181;TW;DEPO;UNI;65,00;4,85
222943;212-1557L-A;GUIÑADOR LATERAL TOY CORONA 90/91 AT181;TW;DEPO;UNI;65,00;4,85
222947;212-1567R-A;GUIÑADOR LATERAL TOY CORONA/CALDINA 92 ADELAN;TW;DEPO;UNI;15,00;4,80
222948;212-1567L-A;GUIÑADOR LATERAL TOY CORONA/CALDINA 92 ADELAN;TW;DEPO;UNI;15,00;4,80
232815;212-1580-L-KO;GUIÑADOR LATERAL TOY CORONA/CALDINA 92 KO;KO;S/M;UNI;1,00;3,45
226086;212-1594L-A;GUIÑADOR LATERAL TOY DYNA 95 YL110/211 BU102/120 BLANCO;TW;DEPO;UNI;15,00;5,50
222953;212-1623L;GUIÑADOR LATERAL TOY DYNA BLANCO/NARANJA;TW;DEPO;UNI;24,00;2,57
222954;212-1623R;GUIÑADOR LATERAL TOY DYNA BLANCO/NARANJA;TW;DEPO;UNI;24,00;2,57
222966;212-1613-2R;GUIÑADOR LATERAL TOY HILUX 84/87 NEGRO;TW;DEPO;UNI;3,00;1,66
222968;212-1552L-6A;GUIÑADOR LATERAL TOY HILUX 88/91 BLACK;TW;DEPO;UNI;4,00;3,59
226062;212-15D1L-A-1;GUIÑADOR LATERAL TOY HILUX 98/2002 CRISTAL PLOMO;TW;DEPO;UNI;10,00;6,00
226063;212-15D1R-A-1;GUIÑADOR LATERAL TOY HILUX 98/2002 CRISTAL PLOMO;TW;DEPO;UNI;10,00;6,00
226076;212-1566L-1A;GUIÑADOR LATERAL TOY KIJANG 92 ZACE/VAG BDE C;TW;DEPO;UNI;27,00;4,96
226078;212-1566R-1A;GUIÑADOR LATERAL TOY KIJANG 92 ZACE/VAG BDE C;TW;DEPO;UNI;28,00;4,96
226077;212-1566L-6A;GUIÑADOR LATERAL TOY KIJANG 92 ZACE/VAG BDE N;TW;DEPO;UNI;28,00;4,46
226079;212-1566R-6A;GUIÑADOR LATERAL TOY KIJANG 92 ZACE/VAG BDE N;TW;DEPO;UNI;27,00;4,46
226065;212-15G6R-AE1;GUIÑADOR LATERAL TOY LAND CRUISER 2003/5/6 CROME;TW;DEPO;UNI;99,00;15,50
222985;212-1509R-1;GUIÑADOR LATERAL TOY LAND CRUISER 84/87;TW;DEPO;UNI;41,00;4,80
222986;212-1509L-1;GUIÑADOR LATERAL TOY LAND CRUISER 84/87;TW;DEPO;UNI;30,00;4,80
222987;212-1509R-2;GUIÑADOR LATERAL TOY LAND CRUISER 84/87 BLAC;TW;DEPO;UNI;49,00;3,70
222988;212-1509L-2;GUIÑADOR LATERAL TOY LAND CRUISER 84/87 BLAC;TW;DEPO;UNI;55,00;3,70
226064;212-15G6L-AE1;GUIÑADOR LATERAL TOY LAND CRUSSIER 2003/5/6 CROME;TW;DEPO;UNI;100,00;15,50
232865;212-1568-L-A-KO;GUIÑADOR LATERAL TOY LITE ACE 92/95 CR227 3Y/;KO;S/M;UNI;30,00;3,65
232866;212-1568-R-A-KO;GUIÑADOR LATERAL TOY LITE ACE 92/95 CR227 3Y/;KO;S/M;UNI;29,00;3,65
226074;212-1519L-A;GUIÑADOR LATERAL TOY LITE HIACE 80/85/89 KM39;TW;DEPO;UNI;18,00;5,55
226075;212-1519R-A;GUIÑADOR LATERAL TOY LITE HIACE 80/85/89 KM39;TW;DEPO;UNI;17,00;5,55
142815;212-15Y007-L;GUIÑADOR LATERAL TOY NADIA SXN10 98 KO;KO;S/M;UNI;56,00;5,20
142816;212-15Y007-R;GUIÑADOR LATERAL TOY NADIA SXN10 98 KO;KO;S/M;UNI;56,00;5,20
223125;212-15F4-L-AE;GUIÑADOR LATERAL TOY PRADO CRISTAL FJ90/2000;TW;DEPO;UNI;20,00;12,18
223126;212-15F4-R-AE;GUIÑADOR LATERAL TOY PRADO CRISTAL FJ90/2000;TW;DEPO;UNI;20,00;12,18
222993;212-1539R-6;GUIÑADOR LATERAL TOY RUNNER 88/91 BLACK;TW;DEPO;UNI;15,00;3,03
222994;212-1539L-6;GUIÑADOR LATERAL TOY RUNNER 88/91 BLACK;TW;DEPO;UNI;15,00;3,03
222995;212-1539R-1X;GUIÑADOR LATERAL TOY RUNNER 88/91 CROME;TW;DEPO;UNI;14,00;3,15
222996;212-1539L-1X;GUIÑADOR LATERAL TOY RUNNER 88/91 CROME;TW;DEPO;UNI;15,00;3,15
142805;212-15Y002-L;GUIÑADOR LATERAL TOY SPACIO 98/00 YOI;KO;S/M;UNI;1.323,00;4,19
142806;212-15Y002-R;GUIÑADOR LATERAL TOY SPACIO 98/00 YOI;KO;S/M;UNI;1.267,00;4,19
223001;212-1560R-A;GUIÑADOR LATERAL TOY SPRINTER 88/90;TW;DEPO;UNI;19,00;10,30
223002;212-1560L-A;GUIÑADOR LATERAL TOY SPRINTER 88/90;TW;DEPO;UNI;20,00;10,30
232869;212-1560-L-KO;GUIÑADOR LATERAL TOY SPRINTER 90/91 LARGO KO;KO;S/M;UNI;9,00;3,25
232870;212-1560-R-KO;GUIÑADOR LATERAL TOY SPRINTER 90/91 LARGO KO;KO;S/M;UNI;7,00;3,25
229182;212-1586L-AE;GUIÑADOR LATERAL TOY STARLET 92/93;TW;DEPO;UNI;17,00;7,45
229183;212-1586R-AE;GUIÑADOR LATERAL TOY STARLET 92/93;TW;DEPO;UNI;17,00;7,45
226028;212-15A1L-AE;GUIÑADOR LATERAL TOY STARLET 96/98 NARANJA;TW;DEPO;UNI;7,00;12,20
226029;212-15A1R-AE;GUIÑADOR LATERAL TOY STARLET 96/98 NARANJA;TW;DEPO;UNI;1,00;12,35
229016;312-1541L-AS;GUIÑADOR LATERAL TOY TUNDRA 2000 C/NARANJA;TW;DEPO;UNI;32,00;12,20
229017;312-1541R-AS;GUIÑADOR LATERAL TOY TUNDRA 2000 C/NARANJA;TW;DEPO;UNI;21,00;12,20
232809;212-1524-L-KO;GUIÑADOR LATERAL TOY/COROLLA 88/90 KO;KO;S/M;UNI;25,00;2,90
232810;212-1524-R-KO;GUIÑADOR LATERAL TOY/COROLLA 88/90 KO;KO;S/M;UNI;46,00;2,90
226118;773-1504L-UE;GUIÑADOR LATERAL VOLVO 760/940/960 92/97 BLAN;TW;DEPO;UNI;11,00;7,75
226119;773-1504R-UE;GUIÑADOR LATERAL VOLVO 760/940/960 92/97 BLAN;TW;DEPO;UNI;10,00;7,75
226215;216-1551L-AE;GUIÑADOR MAZDA BONGO E SERIES VAN 99;TW;DEPO;UNI;75,00;18,00
226216;216-1551R-AE;GUIÑADOR MAZDA BONGO E SERIES VAN 99;TW;DEPO;UNI;74,00;18,00
226186;215-1665R-A;GUIÑADOR PARACHOQUE CONDOR PKC212 /PK250 95/9;TW;DEPO;UNI;5,00;9,09
226185;215-1665L-A;GUIÑADOR PARACHOQUE CONDOR PKC212/PK250 95/98;TW;DEPO;UNI;5,00;9,09
226014;213-1609L-X;GUIÑADOR PARACHOQUE ISUZU LUV 83/89 NARANJA;TW;DEPO;UNI;10,00;1,90
226015;213-1609R-X;GUIÑADOR PARACHOQUE ISUZU LUV 83/89 NARANJA;TW;DEPO;UNI;10,00;1,90
223133;213-1619L-AE;GUIÑADOR PARACHOQUE ISUZU LUV 99 TFR NARAN;TW;DEPO;UNI;10,00;1,92
223135;213-1619R-AE;GUIÑADOR PARACHOQUE ISUZU LUV 99 TFR NARANJA;TW;DEPO;UNI;10,00;1,92
223199;314-1609L-AS;GUIÑADOR PARACHOQUE MITSUBISHI GALANT 85/87;TW;DEPO;UNI;15,00;3,70
223155;315-1609L-AS;GUIÑADOR PARACHOQUE NISSAN PATHFINDER 96;TW;DEPO;UNI;31,00;4,00
223156;315-1609R-AS;GUIÑADOR PARACHOQUE NISSAN PATHFINDER 96;TW;DEPO;UNI;13,00;4,00
229186;215-1659R-YA;GUIÑADOR PARACHOQUE NISSAN SERENA C23 92 NARA;TW;DEPO;UNI;9,00;11,00
229185;215-1659L-YA;GUIÑADOR PARACHOQUE NISSAN SERENA C23 92 NARANJA;TW;DEPO;UNI;10,00;11,00
229187;215-1660L-YU;GUIÑADOR PARACHOQUE NISSAN SERENA C23 94 NARA;TW;DEPO;UNI;47,00;10,80
229188;215-1660R-YU;GUIÑADOR PARACHOQUE NISSAN SERENA C23 94 NARA;TW;DEPO;UNI;46,00;10,80
223058;215-1603R;GUIÑADOR PARACHOQUE NISSAN URVAN E23 81/87;TW;DEPO;UNI;20,00;1,40
232851;212-1647-L-KO;GUIÑADOR PARACHOQUE TOY COROLLA 88/90 KO;KO;S/M;UNI;10,00;2,25
232825;212-1654-L-KO-LL;GUIÑADOR PARACHOQUE TOY COROLLA 92 LL;KO;S/M;UNI;12,00;1,70
223025;212-1654L-AE;GUIÑADOR PARACHOQUE TOY COROLLA 92-94;TW;DEPO;UNI;100,00;2,70
223026;212-1654R-AE;GUIÑADOR PARACHOQUE TOY COROLLA 92-94;TW;DEPO;UNI;100,00;2,70
223029;212-1661R-AE;GUIÑADOR PARACHOQUE TOY COROLLA 93/85;TW;DEPO;UNI;100,00;3,20
223030;212-1661L-AE;GUIÑADOR PARACHOQUE TOY COROLLA 93/85;TW;DEPO;UNI;100,00;3,20
232876;212-1661-C-L-KO;GUIÑADOR PARACHOQUE TOY COROLLA 93/95 CRISTAL KO;KO;S/M;UNI;110,00;2,50
232877;212-1661-C-R-KO;GUIÑADOR PARACHOQUE TOY COROLLA 93/95 CRISTAL KO;KO;S/M;UNI;110,00;2,50
233210;212-2022-L-KO;GUIÑADOR PARACHOQUE TOY COROLLA ALEX 01 KO;KO;S/M;UNI;15,00;10,50
233211;212-2022-R-KO;GUIÑADOR PARACHOQUE TOY COROLLA ALEX 01 KO;KO;S/M;UNI;15,00;10,50
229059;212-2021L-U-Y;GUIÑADOR PARACHOQUE TOY DYNA 04/05 HALOGENO;TW;DEPO;UNI;6,00;16,92
229060;212-2021R-U-Y;GUIÑADOR PARACHOQUE TOY DYNA 04/05 HALOGENO;TW;DEPO;UNI;5,00;16,92
226012;212-1678L-U;GUIÑADOR PARACHOQUE TOY HIACE 93/94 NARANJA;TW;DEPO;UNI;65,00;11,80
226013;212-1678R-U;GUIÑADOR PARACHOQUE TOY HIACE 93/94 NARANJA;TW;DEPO;UNI;65,00;11,80
232855;212-1678-Y-L-KO;GUIÑADOR PARACHOQUE TOY HIACE 93/94 NARANJA KO;KO;S/M;UNI;40,00;5,50
232856;212-1678-Y-R-KO;GUIÑADOR PARACHOQUE TOY HIACE 93/94 NARANJA KO;KO;S/M;UNI;20,00;5,50
223169;212-1638PXA-C;GUIÑADOR PARACHOQUE TOY HILUX 89 TUNING GRIS;TW;DEPO;SET;5,00;5,35
142823;212-15Y011-L;GUIÑADOR PARACHOQUE TOY NOAH 00/02 KO;KO;S/M;UNI;16,00;8,20
142824;212-15Y011-R;GUIÑADOR PARACHOQUE TOY NOAH 00/02 KO;KO;S/M;UNI;10,00;8,20
229061;312-1635L-US;GUIÑADOR PARACHOQUE TOY RAV4 98/00 BLANCO/NARANJA;TW;DEPO;UNI;8,00;13,99
229062;312-1635R-US;GUIÑADOR PARACHOQUE TOY RAV4 98/00 BLANCO/NARANJA;TW;DEPO;UNI;8,00;13,99
226124;212-1682L-AE;GUIÑADOR PARACHOQUE TOY RAV4 98/00 CRISTAL;TW;DEPO;UNI;16,00;15,99
226125;212-1682R-AE;GUIÑADOR PARACHOQUE TOY RAV4 98/00 CRISTAL;TW;DEPO;UNI;14,00;15,99
229184;212-1660-P-1CA;GUIÑADOR PARACHOQUE TOY RUNNER/HILUX 90/95 TU;TW;DEPO;SET;29,50;13,45
325842;VF0152C;HALOGENO NIQUELADO GRANDE BLANCO;TW;DENNY;UNI;219,00;3,85
325847;VF0151C;HALOGENO NIQUELADO MEDIANO BLANCO C/100W;TW;S/M;UNI;224,00;3,85
232482;HLL02-1745-L;HALOGENO NISS. E25 06/12 KO;KO;S/M;UNI;144,00;13,00
232483;HLL02-1745-R;HALOGENO NISS. E25 06/12 KO;KO;S/M;UNI;143,00;13,00
227127;315-2016L-UQ;HALOGENO NISS. PATHFINDER 2004/05,FRONTIER,NAVARA 2005/06;TW;DEPO;PCS;12,00;25,50
227128;315-2016R-UQ;HALOGENO NISS. PATHFINDER 2004/05,FRONTIER,NAVARA 2005/06;TW;DEPO;PCS;12,00;25,50
232484;212-2025P-AE-L-KO;HALOGENO TOY HIACE YH 99 KO CRISTAL;KO;S/M;UNI;5,00;8,20
232485;212-2025P-AE-R-KO;HALOGENO TOY HIACE YH 99 KO CRISTAL;KO;S/M;UNI;5,00;8,20
221883;212-2084P-AE;HALOGENO TOY.HILUX VIGO 2012.;TW;DEPO;SET;4,00;45,00
221473;773-2014L-UE;HALOGENO VOLVO FH12 98-2002 - 93;TW;DEPO;UNI;4,00;22,30
221474;773-2014R-UE;HALOGENO VOLVO FH12 98-2002 - 93;TW;DEPO;UNI;8,00;22,30
223284;HLL01-2839-R;JALADOR DE PUERTA EXTERIOR TOY HIACE 90 KO;KO;S/M;UNI;125,00;2,40
223286;HLL01-2833-R;JALADOR DE PUERTA INTERIOR TOY HIACE 90 KO;KO;S/M;UNI;25,00;2,40
223207;69210-12110-R;JALADOR EXT DELANTERO TOY COROLLA 90;TW;NAK;UNI;99,00;3,74
223278;69240-16050;JALADOR EXT TRAS LH TOY TERCEL 98 STARLET;TW;NAK;UNI;530,00;5,20
223276;69230-16050;JALADOR EXT TRAS RH TOY TERCEL 98 STARTEL;TW;NAK;UNI;533,00;5,20
223275;69220-16070;JALADOR EXT. DEL. LH TOY TERCEL 98 STARLET;TW;NAK;UNI;397,00;5,00
223279;HU-TY3184A-FR;JALADOR EXT. DEL. RH TOY TERCEL 95/98 STARLET;TW;NAK;UNI;119,00;1,60
223277;69210-16070;JALADOR EXT. TRAS. RH TOY TERCEL 98 STARLET;TW;NAK;UNI;520,00;5,20
223281;HU-TY3184A-RR;JALADOR EXTERIOR TRAS/RH TOY TERCEL 95/98 STA;TW;NAK;UNI;37,00;1,45
123216;TO-1-1020;JUNTA HOMOCINETICA TERCEL/CORSA EL51/EL53 90/;KO;YOI;UNI;27,00;12,50
123221;TO-1-1011-ABS;JUNTA HOMOCINETICA TOY AE100 92/AE92 C/ABS 26;KO;YOI;UNI;1,00;11,90
226385;00-212-1613-L;LENTE GUIÑADOR LATERAL;TW;DEPO;UNI;70,00;0,58
226386;00-212-1613-R;LENTE GUIÑADOR LATERAL;TW;DEPO;UNI;49,00;0,58
226302;00-214-1507L;LENTE GUIÑADOR LATERAL MITSUBISHI PAJERO 83/9;TW;DEPO;UNI;19,00;1,05
226306;00-212-1611-R;LENTE GUIÑADOR LATERAL TOY AE80;TW;DEPO;UNI;14,00;0,65
233205;00-212-1626-L-KO;LENTE GUIÑADOR LATERAL TOY HIACE 84/89 KO;KO;S/M;UNI;45,00;0,70
233202;00-212-1549-R-KO;LENTE GUIÑADOR LATERAL TOY HIACE 90 KO;KO;S/M;UNI;39,00;1,12
226333;00-212-1615-L;LENTE GUIÑADOR PARACHOQUE TOY AE81 84/87;TW;DEPO;UNI;99,00;0,71
226334;00-212-1615-R;LENTE GUIÑADOR PARACHOQUE TOY AE81 84/87;TW;DEPO;UNI;100,00;0,71
226367;00-212-1988-R;LENTE STOP TOY COROLLA 85/87 KE 3 CUERPOS;TW;DEPO;UNI;9,00;4,25
225885;FD07379GA;MASCARA DE PARACHOQUE DEL FORD ECSPORT '13- DARK GRAY;TW;TYG;UNI;2,00;45,00
225879;HLL01-1446;MASCARA HIACE 2005/08 KO;KO;S/M;UNI;25,00;27,60
223544;HLL01-4175;MASCARA INF PARACHOQUE TOY PROBOX SUCCEED 200;KO;S/M;UNI;106,00;8,50
223558;MB07054GA;MASCARA MITSUBISHI LANCER 92/96 MAT-GRIS-OSCURO;TW;TYG;UNI;5,00;7,00
223575;MB07123GA;MASCARA MITSUBISHI MONTERO/PAJERO  03/06 Cromada-Negra;TW;TYG;UNI;4,00;91,30
223468;MB07053GA-TYG;MASCARA MITSUBISHI MONTERO/PAJERO 92/97 TYG;TW;NAK;UNI;5,00;20,50
223559;MB07092GB;MASCARA MITSUBISHI SPORT/NATIVA97/98 NEGRA;TW;TYG;UNI;2,00;36,50
223551;DS07197GA;MASCARA NISSAN ALMERA 98/00 MAT-BLANCA;TW;TYG;UNI;2,00;41,20
223550;DS07186GA;MASCARA NISSAN FRONTIER 720 98/00 PICKUP CROM-PLATA-GRIS;TW;TYG;UNI;4,00;23,50
223505;DS07247GAZ;MASCARA NISSAN MURANO 03/05 CROMADO;TW;TYG;UNI;2,00;49,99
223501;DS07064GA;MASCARA NISSAN PATHFINDER PICKUP 86-87 D21 NEGRA (FXX);TW;TYG;UNI;2,00;28,90
223504;DS07230GA;MASCARA NISSAN PATROL 95/97 CROMADA GRIS;TW;TYG;UNI;10,00;60,05
223546;DS07050GA;MASCARA NISSAN SUNNY/ B11 84/85 ARG;TW;TYG;UNI;2,00;8,50
223584;DS07279GA;MASCARA NISSAN URVAN 05/07  Mat-Osc. Gris;TW;TYG;UNI;69,00;25,20
223409;62310-01N27;MASCARA NISSAN URVAN 90 ADELANTE PLATA/GRIS;TW;TYG;UNI;144,00;16,99
223562;SB07022GA;MASCARA SUBARU FORESTER 98/00 MAT-NEG;TW;TYG;UNI;3,00;48,00
223527;TY07330GA;MASCARA TOY  DYNA TRUCK '00  PINTADO/BLANCO;TW;TYG;UNI;8,00;65,50
223519;TY07176GA;MASCARA TOY 4 RUNNER  96/97 CROM-DARK;TW;TYG;UNI;3,00;55,35
223574;53111-2010-C-KO;MASCARA TOY CALDINA (CROMADO);KO;S/M;UNI;125,00;12,80
223497;HLL01-2612-001;MASCARA TOY CHACER JZX100 99;KO;S/M;UNI;94,00;17,00
223517;TY07158GA;MASCARA TOY COROLLA  AE101 92/95 MASCARA OSC.GRIS;TW;TYG;UNI;40,00;5,99
223482;TY07035GB;MASCARA TOY COROLLA 83/84 AUTO TYG;TW;NAK;UNI;64,00;13,14
223455;53101-12620;MASCARA TOY COROLLA 87/89/90 CROMADO/NEGRO;TW;TYG;UNI;101,00;7,30
223459;53101-12780;MASCARA TOY COROLLA 90/91 AE92 CROMADO/GRIS;TW;TYG;UNI;98,00;15,60
223488;53111-13031-KO;MASCARA TOY COROLLA 90/91 CE90 VAGONETA;TW;NAK;UNI;370,00;6,50
223420;TY07134GA;MASCARA TOY COROLLA 92/93 AE100 CROMADO;TW;TYG;UNI;372,00;7,35
223464;53101-1A060-KO;MASCARA TOY COROLLA 92/95 CROMADO KO;TW;NAK;UNI;201,00;9,00
223489;53111-1A330-KO;MASCARA TOY COROLLA 95 AUTO KO;KO;S/M;UNI;76,00;9,00
223515;TY07148GA;MASCARA TOY COROLLA AE101 93/95 CROM/PLATA GRIS;TW;TYG;UNI;65,00;11,19
223486;TY07161GB;MASCARA TOY COROLLA AE110 96/98 CROMO TYG;TW;NAK;UNI;5,00;11,50
223490;53111-2010-KO;MASCARA TOY CORONA ST190 92/96 AUTO KO;KO;S/M;UNI;50,00;8,95
223516;TY07153GB;MASCARA TOY HIACE 94/95 OSCURO GRIS CON AGUJERO DE MARCA;TW;TYG;UNI;4,00;13,25
225890;TY07191GB;MASCARA TOY HIACE 96/98  Crom-Plata;TW;TYG;UNI;5,00;22,20
223460;53111-26130;MASCARA TOY HIACE 99 ADELANTE CROM C/LOGO;TW;NAK;UNI;25,00;9,70
223475;HLL01-2704;MASCARA TOY HIACE RHZ 101/102/103/104 VAN KO;KO;S/M;UNI;61,00;13,80
223513;TY07009GA;MASCARA TOY HILUX 79/81 RN3 PLATA GRIS;TW;TYG;UNI;4,00;11,89
223494;HLL01-4104-B;MASCARA TOY NOAH 96/98 NEGRO GRIS;KO;S/M;UNI;11,00;15,50
223536;TY07199GB;MASCARA TOY PRADO 97/99 CHRM-NEGRA (PERSIANA);TW;TYG;UNI;10,00;32,99
223540;HLL01-4173;MASCARA TOY PROBOX SUCCEED 2005;KO;S/M;UNI;225,00;19,00
223467;TY07250GA-TYG;MASCARA TOY RAV 4 2001/2005 TYG;TW;TYG;UNI;11,00;35,17
223499;53101-13160-KO;MASCARA TOY SPACIO 98/00/01 GREY;KO;S/M;UNI;278,00;16,00
223570;TY07372GB;MASCARA TOY TUNDRA 07 /09 Negra  C/MARCO CROMADO;TW;TYG;UNI;14,00;80,00
223445;69810-22210-R;MECANISMO PUERTA TRASERO TOY EE90;TW;NAK;UNI;19,00;7,00
223446;69810-22220-L;MECANISMO PUERTA TRASERO TOY EE90;TW;NAK;UNI;27,00;7,00
123404;FAN-0002-CH;MOTOR ELECTRICO ASPA VENTILADOR CHICO KO;TW;DENNY;UNI;643,00;8,00
860100;860100;MUÑON DE  ESTABILIZADOR TOYOTA RAV4 TUERCA 19;KO;YOI;UNI;4,00;2,15
860139;HQ-51320-S04-003;MUÑON DE ESTAB HONDA CIVIC / CRV;KO;YOI;UNI;456,00;2,08
860127;48810-OK010-M;MUÑON DE ESTAB TOY HILUX VIGO/RUNNER ( L );KO;YOI;UNI;58,00;2,98
860119;48820-OK030-M;MUÑON DE ESTAB TOY HILUX VIGO/RUNNER ( R );KO;YOI;UNI;28,00;2,98
860120;48820-42030;MUÑON DE ESTAB TOY RAV4 2013;KO;YOI;UNI;730,00;2,82
860140;48820-47010;MUÑON DE ESTAB TOYOTA NOAH MODERNO;KO;YOI;UNI;298,00;2,34
860170;HQ-860170;MUÑON DE ESTAB UNIVERSAL;KO;YOI;UNI;99,00;5,53
860021;HQ-YOI-264;MUÑON DE ESTAB.  NISSAN B12/B13;KO;YOI;UNI;1.156,00;2,32
860018;HQ-YOI-261;MUÑON DE ESTAB.  NISSAN PATHFINDER;KO;YOI;UNI;939,00;2,51
860023;HQ-YOI-283;MUÑON DE ESTAB.  NISSAN TERRANO 1996-1999 L/R;KO;YOI;UNI;196,00;2,47
860017;HQ-YOI-260;MUÑON DE ESTAB.  TOYOTA CAMRY;KO;YOI;UNI;1.416,00;2,36
860015;HQ-YOI-258;MUÑON DE ESTAB.  TOYOTA CAMRY 97/01;KO;YOI;UNI;308,00;2,24
860019;HQ-YOI-262;MUÑON DE ESTAB.  TOYOTA RUNNER;KO;YOI;UNI;776,00;2,34
860016;HQ-YOI-259;MUÑON DE ESTAB. MITSUBISHI MONTERO 92/00;KO;YOI;UNI;224,00;2,47
860088;860088-L;MUÑON DE ESTAB. REGIUS/GRAN VIA/HIACE 98/99 (LH);KO;YOI;UNI;298,00;2,46
860087;860087-R;MUÑON DE ESTAB. REGIUS/GRAN VIA/HIACE 98/99 (RH);KO;YOI;UNI;298,00;2,46
860011;HQ-48810-20020-M-L-Y;MUÑON DE ESTAB. TRAS. L TOY AE92/ST190/NOAH/CARINA;KO;YOI;UNI;7.090,00;2,89
860012;HQ-48820-20040-R-Y;MUÑON DE ESTAB. TRAS. R TOY AE92/AT190/NOAH/CARINA;KO;YOI;UNI;8.652,00;2,89
860010;HQ-48820-33010-Y;MUÑON DE ESTAB. TRAS. TOY AE101/UNIV RECTO PERNO AR;KO;YOI;UNI;5.077,00;2,89
860009;HQ-48830-20010-Y;MUÑON DE ESTAB. TRAS. TOY EE90/EE COROL/UNIVERSAL;KO;YOI;UNI;13.464,00;2,89
860125;40160-1HJ0A;MUÑON DE SUSPENSION NISSAN MARCH 10;KO;YOI;UNI;150,00;2,51
860123;40160-ED00A;MUÑON DE SUSPENSION NISSAN TIIDA SB-4952;KO;YOI;UNI;462,00;2,51
860130;43330-29235;MUÑON DE SUSPENSION TOY LUCIDA/ESTIMA/EMINA ´90-2000;KO;YOI;UNI;348,00;3,50
860251;HQ-860251;MUÑON ESTAB (L) DE TOYOTA TCR20/ESTIMA/LUCIDA/EMINA '1998;KO;YOI;UNI;28,00;3,28
860158;HQ-860158;MUÑON ESTAB (RH) DE TOYOTA REGIUS  RCH41 '1996-1999 CORTO;KO;YOI;UNI;646,00;3,05
860162;HQ-860162;MUÑON ESTAB DE TOYOTA TCR20/ESTIMA/LUCIDA/EMINA '1998;KO;YOI;UNI;28,00;3,28
860155;HQ-860155;MUÑON ESTAB DELANTERO DE KING LONG '2016-2020;KO;YOI;UNI;248,00;3,15
860156;HQ-860156;MUÑON ESTAB DELANTERO DE KING LONG '2016-2020;KO;YOI;UNI;238,00;3,15
860110;HQ-860110;MUÑON ESTABILIZADOR DEL TOY RAV4 96/98;KO;YOI;UNI;1.876,00;2,37
860348;HQ-54830-2W000;MUÑON ESTABILIZADOR HYUNDAI SANTA FE 2013-2018;KO;YOI;UNI;190,00;2,46
860108;48810-28030;MUÑON ESTABILIZADOR LH TOY NOAH 4X4;KO;YOI;UNI;1.208,00;2,37
860109;48820-28040;MUÑON ESTABILIZADOR RH TOY NOAH 4X4;KO;YOI;UNI;1.278,00;2,37
221863;315-1160L-US;NS.XTERA..05-07.HEAD LAMP.UNIT..SAE.;TW;DEPO;UNI;1,00;70,00
221864;315-1160R-US;NS.XTERA..05-07.HEAD LAMP.UNIT..SAE.;TW;DEPO;UNI;1,00;70,00
223651;AM04010BB;PARACHOQUE DEL JEEP GRAND CKEROKEE 99/00 PRIMED;TW;TYG;UNI;2,00;68,00
223662;HLL02-4010;PARACHOQUE DEL NISS WINGROAD 98/99;KO;S/M;UNI;78,00;30,50
223661;DS04221BB;PARACHOQUE DEL NISSAN MURANO 06/08  P/NEGRO;TW;TYG;UNI;2,00;151,56
223653;DS04217BA;PARACHOQUE DEL NISSAN PATHFINDER 05/07 GRIS/OSC/MAT;TW;TYG;UNI;2,00;130,00
223714;TY40056AW;PARACHOQUE DEL ROY Hilux 2WD 89/95 crom.;TW;TYG;UNI;3,00;38,00
223684;52119-26440;PARACHOQUE DEL TOY HIACE 05 HALOGENO  W/O F.L.HOLE DK GRAY;TW;TYG;UNI;9,00;38,50
223659;TY04305BB;PARACHOQUE DEL TOY IST  SO.XA '04-'05 DEPOTIBO COLOR PRIMARIO S/P;TW;TYG;UNI;3,00;39,00
223704;TY40425B;PARACHOQUE DEL TOY PROBOX 02 BLANCO;TW;TYG;UNI;10,00;79,90
223664;HLL01-4176;PARACHOQUE DEL TOY PROBOX SUCCEED 2005;KO;S/M;UNI;122,00;35,00
223656;TY04209BA;PARACHOQUE DEL TOY YARIS 03/06 SEDAN  OSC.GRIS C/AGUJERO DE LUZ NEBLINA;TW;TYG;UNI;13,00;36,90
223669;DS04171BA;PARACHOQUE DEL. NISSAN FRONTIER USA 01/04  XE/SE/SC MAT-NEGRA;TW;TYG;UNI;4,00;59,50
223719;MB04139BAS;PARACHOQUE MITSUBISHI LANCER 88  Del. Mat-Negro;TW;TYG;UNI;8,00;27,00
223628;SZ04044BA-TYG;PARACHOQUE SUZUKI GRAND VITARA/ESCUDO 99/00 TYG USA C/OJO LAT.;TW;TYG;UNI;8,00;63,99
223646;TY04212BB;PARACHOQUE TOY 4 RUNNER 03/05 TYG PINTADO PRI;TW;NAK;UNI;4,00;91,00
223608;TY04048BAS;PARACHOQUE TOY COROLLA AE100 92 NEGRO;TW;TYG;UNI;211,00;17,50
223611;TY04020BCS;PARACHOQUE TOY HIACE 90 MINIBUS;TW;TYG;UNI;2,00;22,75
223626;TY04112BA;PARACHOQUE TOY PRADO 98;TW;NAK;UNI;2,00;75,00
223695;TY04280BAS;PARACHOQUE TOY RAV 4 DEL 06/08 -Neg. S/Flare Base(=Ltd w/o Flare);TW;TYG;UNI;9,00;21,70
223723;TY04360BB;PARACHOQUE TOY RUNNER 010  Del. Pintado Limited/SR5 USA (OTN) ';TW;TYG;UNI;2,00;115,00
223634;TY04123BA;PARACHOQUE TOYOTA HIACE 96/98 C/MOLDURA;TW;TYG;UNI;22,00;37,99
223635;TY04123BCS;PARACHOQUE TOYOTA HIACE 96/98 CON ROMPENIEBLA;TW;TYG;UNI;77,00;27,90
223633;52119-10330;PARACHOQUE TOYOTA STARLET 95/99;TW;NAK;UNI;4,00;48,50
223666;HLL01-4155;PARACHOQUE TRAS TOY PROBOX NCP55 1998;KO;S/M;UNI;69,00;21,50
123635;YOI-227;PERNO ESTABILIZADOR CHICO TOY/ UNIV 152MMX8MM (11PC);KO;YOI;UNI;519,00;1,70
860254;860254;PERNO ESTABILIZADOR LH MINIBUS FOTON VIWE C2/HIACE;KO;YOI;UNI;70,00;3,33
123638;YOI-229;PERNO ESTABILIZADOR MEDIANO TOY UNI 14 PC 164,5MMX8MM);KO;YOI;UNI;519,00;1,70
860255;860255;PERNO ESTABILIZADOR RH MINIBUS FOTON VIWE C2/HIACE;KO;YOI;UNI;70,00;3,33
860025;HQ-YOI-236;PERNO/B  DE ESTAB. NISS PATHFINDER/TERRANO;KO;YOI;UNI;698,00;3,28
860026;HQ-YOI-237;PERNO/B  DE ESTAB. NOAH TERMINA EN U;KO;YOI;UNI;358,00;2,94
860024;HQ-YOI-235;PERNO/B  DE ESTAB. TOY TURING 97/98 LARGO;KO;YOI;UNI;630,00;3,05
323917;TS1818P;PISO 4 PCS PLOMO/GRIS RAYADOS ANCHOS PVC CON;TW;BIG;SET;232,00;9,00
323930;TS1821P;PISO DE PVC CON NBR;KO;BIG;SET;70,00;11,76
323928;TS10014P;PISO DE PVC CON NBR SET 4 PCS;KO;BIG;SET;1,00;9,52
323931;TS3388P;PISO DE PVC CON NBR Y ALFOMBRA;KO;BIG;SET;51,00;14,07
323826;TS7001F;PISO LOGO MOTO+LLAMA FUEGO ROJO  4PC SET 2F 7;TW;BIG;SET;164,00;9,50
860030;RACK-H-Y;PRECAP CREMALLERA HIDRAULICO UNIV/TOY/NISS/MIT;KO;YOI;UNI;176,00;2,86
860168;HQ-D8521JG00A;PRECAP DE CREMALLERA DE NISSAN X-Trail (T31) '2007-2013;KO;YOI;UNI;118,00;3,77
860171;HQ-860171;PRECAP KING LONG CORTO 30cm.;KO;YOI;UNI;118,00;3,54
860029;RACK-L-Y;PRECAP LARGO CREMALLERA;KO;YOI;UNI;11.178,00;2,86
123626;HQ-RACK-L-Y;PRECAP LARGO CREMALLERA YOITOKI;KO;YOI;UNI;1,00;2,82
860131;MR510267;PRECAP MITSUBISHI PAJERO;KO;YOI;UNI;448,00;2,68
860095;HQ-860095;PRECAP MIXTO MITSUBISHI/CALDINA/HIACE;KO;YOI;UNI;858,00;2,95
860092;M16X1,5-M12X1,25;PRECAP MIXTO MITSUBISHI/NISSAN;KO;YOI;UNI;38,00;2,86
860091;M16X1-M12X1,25;PRECAP MIXTO NISSAN MARCH/NOTE/CUBE;KO;YOI;UNI;1.038,00;2,86
860094;HQ-860094;PRECAP MIXTO NISSAN/CALDINA/HIACE;KO;YOI;UNI;808,00;2,91
860104;HQ-48521-EA000;PRECAP NISSAN TERRANO/FORD TUERCA 22;KO;YOI;UNI;238,00;2,68
860121;45503-09321;PRECAP TOY HILUX VIGO;KO;YOI;UNI;478,00;2,68
860035;18x14x1,5;PRECAP TOY PROBOX IPSUM;KO;YOI;UNI;488,00;2,95
860034;HQ-YOI-189;PRECAP TOY RAV4 / PRADO / CALDINA;KO;YOI;UNI;625,00;2,86
860032;HQ-YOI-187;PRECAP TOY STARLET NISSAN ROSCA FINA LADO;KO;YOI;UNI;608,00;2,82
860249;HQ-860249;PRECAP TOYOTA COROLLA   2015-2018;KO;YOI;UNI;688,00;3,12
860105;45503-39075;PRECAP TOYOTA RUNNER HILO NORMAL 18;KO;YOI;UNI;118,00;3,16
224021;212-1316L-A;REFLECTOR DE MALETERO TOY. LAND CRUISER FJ100 HZJ105 98;TW;DEPO;UNI;4,00;22,00
224022;212-1316R-A;REFLECTOR DE MALETERO TOY. LAND CRUISER FJ100 HZJ105 98;TW;DEPO;UNI;4,00;22,00
224016;215-1318-L-A;REFLECTOR MALETERO NISSAN 00/01 SUNNY ALMERA;TW;DEPO;UNI;20,00;15,20
224017;215-1318-R-A;REFLECTOR MALETERO NISSAN 00/01 SUNNY ALMERA;TW;DEPO;UNI;23,00;15,20
224014;212-1305-L-AE;REFLECTOR MALETERO TOY COROLLA AE98;TW;DEPO;UNI;10,00;15,85
224015;212-1305R-AE;REFLECTOR MALETERO TOY COROLLA AE98;TW;DEPO;UNI;9,00;15,85
114258;IVR-510J;REGULADOR DE ALTERNADOR TOY 2E/5A/3Y;JAP;NW;UNI;2,00;14,10
860151;HQ-860151;REGULADOR DE TERMINAL DE TOYOTA COASTER/JUMBO '1983-2005;KO;YOI;UNI;154,00;4,72
124081;CP5180;RELAY VOLTAJE 6 SALIDAS 24V COASTER/DYNA;TW;S/M;UNI;477,00;1,50
124195;RESD-04-TOY;RESORTE TRACERO TOY COROLLA ALARGADO CONICO;TW;NAK;UNI;1,00;7,50
124214;68149/10;RODAMIENTO CANASTILLO KOYO;KO;GPC;UNI;794,00;2,30
124215;LM67048/10;RODAMIENTO CONICO 31x75x59 RDA.DEL.NIS.C22/C3/VANETTE/LAURE;KO;GPC;UNI;64,00;2,10
134047;90369-38011-KO;RODAMIENTO MACERO 3872;KO;S/M;UNI;1.600,00;5,80
124217;90369-38011;RODAMIENTO MACERO TOY COROLLA 90  3872;KO;GPC;UNI;1.211,00;5,40
124218;LM-11749/10;RODAMIENTO PALIER KE Y ALGUN CORONA;KO;GPC;UNI;258,00;1,19
124220;90369-35029;RODAMIENTO RDA.DEL.TOY.STARLET/NIS.MA;KO;GPC;UNI;379,00;5,52
124221;LM11949/10;RODAMIENTO RDA.TRAS.EXT.TOY/NIS/MAZ.626;KO;GPC;UNI;198,00;1,55
124222;6206-2RS;RODAMIENTO RUEDA DEL.SUZ.LJ80 PIN 5a  DAEWO RAC;KO;GPC;UNI;1.684,00;1,30
124224;90369-38018;RODAMIENTO RUEDA TRACERA TOY AE111/114/96 COR/CAL/;KO;GPC;UNI;656,00;7,10
124225;LM12749/10;RODAMIENTO RUEDA TRAS KE TRACC/DELN/;KO;GPC;UNI;1.383,00;1,44
124226;L45449/10;RODAMIENTO RUEDA TRAS TOY CORONA KE/1C/;KO;GPC;UNI;1.384,00;1,75
124212;6202-2RS;RODAMIENTO UNIV;KO;GPC;UNI;1.582,00;0,55
860164;HQ-SB-4592;ROTULA DE SUSPENSION DE NISSAN X-Trail (T30) '2001-2013;KO;YOI;UNI;298,00;3,30
860169;HQ-43330-09295;ROTULA DELANTERA DE TOYOTA HILUX ( PICK -UP 2WD- 4WD ) '2005-2016;KO;YOI;UNI;118,00;3,90
860041;HQ-40160-01N25-Y;ROTULA MUÑON SUSP. NISSAN URVAN E24 INFERIOR;KO;YOI;UNI;268,00;4,10
860154;HQ-43350-29095;ROTULA SUPERIOR DE KING LONG '2016-2020;KO;YOI;UNI;69,00;8,91
860061;HQ-YOI-279;ROTULA/MUÑON  SUSPENSION  INFERIOR NISSAN VANETTE,BONGO 2000-2006 L/R;KO;YOI;UNI;762,00;4,88
860062;HQ-YOI-280;ROTULA/MUÑON  SUSPENSION  SUPERIOR NISSAN VANETTE,BONGO 2000-2006 L/R;KO;YOI;UNI;502,00;3,56
860049;HQ-YOI-183-L;ROTULA/MUÑON  TOY STARLET CARAT / GLANZA 95/98 L;KO;YOI;UNI;468,00;4,04
860050;HQ-YOI-184-R;ROTULA/MUÑON  TOY STARLET CARAT GLANZA 95/98 R;KO;YOI;UNI;488,00;4,04
860054;HQ-YOI-232;ROTULA/MUÑON CHICO L TOY COASTER CAJA;KO;YOI;UNI;416,00;1,91
860053;HQ-YOI-231;ROTULA/MUÑON CHICO R TOY COASTER CAJA;KO;YOI;UNI;296,00;1,91
860046;HQ-43330-29225-Y;ROTULA/MUÑON SUPERIOR TOY RAV4 /CELICA 89/ST180/89 R/L /SXA10 89;KO;YOI;UNI;98,00;4,67
860044;HQ-45350-29098-Y;ROTULA/MUÑON SUSPENSION DER/IZQ TOY HIACE 88/91 L/R;KO;YOI;UNI;78,00;7,30
860058;HQ-YOI-277;ROTULA/MUÑON SUSPENSION NISSAN NOTE 2002-2006 L/R;KO;YOI;UNI;2,00;2,55
860039;43330-19095-Y;ROTULA/MUÑON SUSPENSION TOY AE100 92;KO;YOI;UNI;3.030,00;3,78
860038;43308-12030-Y;ROTULA/MUÑON SUSPENSION TOY COR KE70 78/87;KO;YOI;UNI;658,00;3,15
850028;HQ SHG0768009;SEGURO METALICO P/CAPUCHON JUNTA GRANDE;KO;YOI;UNI;4.952,00;0,25
850029;HQ SHG0735009;SEGURO METALICO P/CAPUCHON JUNTA PEQUEÑO;KO;YOI;UNI;5.080,00;0,14
234442;TCABLES-S;SEGURO PLASTICO P/CAPUCHONES CORTO;KO;S/M;UNI;4.197,00;0,06
124459;SINFIN-5;SINFIN CREMALLERA 5 ESTRIAS COROLLA;TW;S/M;UNI;79,00;3,60
124472;SINFIN-Y;SINFIN CREMALLERA ESTRIAS COROLLA C;KO;S/M;UNI;736,00;2,80
124498;YOI-276-L;SOPORTE AMORTIGUADOR TRACERO TOY COROLLA 90/92 L;KO;YOI;UNI;404,00;4,75
124499;YOI-276-R;SOPORTE AMORTIGUADOR TRACERO TOY COROLLA 90/92 R;KO;YOI;UNI;394,00;4,75
124478;YOI-146;SOPORTE CAJA TOY 5S/3S/4S90 AE100 3 PERNOS MO;KO;YOI;UNI;488,00;5,80
124495;YOI-214;SOPORTE DE CAJA AUTOMATICA5A/4E;KO;YOI;UNI;1.045,00;7,00
124488;YOI-208;SOPORTE DE CAJA COASTER;KO;YOI;UNI;259,00;3,00
124491;YOI-211;SOPORTE DE MOTOR COASTER;KO;YOI;UNI;200,00;7,00
124492;YOI-220;SOPORTE DE MOTOR NISSAN Z20;KO;YOI;UNI;673,00;3,60
124475;12361-16040-R-Y;SOPORTE MOTOR TOY 1C SE/CE AE90/92 S/PERNO B/;KO;YOI;UNI;1.684,00;5,30
124467;12371-64120-R;SOPORTE MOTOR TOY 1C/AE /CE CON PERNO REDONDO;TW;NAK;UNI;1,00;6,90
124474;YOI-142;SOPORTE MOTOR TOY 1C/AE/CE 88/92 CON PERNO YO;KO;YOI;UNI;337,00;4,70
124477;YOI-145;SOPORTE MOTOR TOY COROLLA AE100 2E/5A/S-PERNO;KO;YOI;UNI;554,00;5,00
124486;YOI-191;SOPORTE TOY IPSUM 3S  3 PERNOS LARGO;KO;YOI;UNI;927,00;8,90
224762;221-1905L-UE;STOP HYUNDAI ACCENT 98/99;TW;DEPO;UNI;4,00;13,00
224763;221-1905R-UE;STOP HYUNDAI ACCENT 98/99;TW;DEPO;UNI;3,00;13,00
228241;221-1934-L-UE;STOP HYUNDAI ACCENT.06. 4D CRISTAL LIGHT;TW;DEPO;UNI;3,00;29,00
228242;221-1934-R-UE;STOP HYUNDAI ACCENT.06. 4D CRISTAL LIGHT;TW;DEPO;UNI;2,00;29,00
224027;221-1302R-U;STOP HYUNDAI H-1/STAREX 2005;TW;DEPO;PCS;8,00;15,00
224028;221-1302L-U;STOP HYUNDAI H-1/STAREX 2005;TW;DEPO;PCS;9,00;15,00
228111;216-1969R-AE;STOP MAZDA BONGO 99 E SERIES VAN;TW;DEPO;UNI;24,00;15,99
224568;216-1911L-A;STOP MAZDA BONGO MINIBUS 86 E1800;TW;DEPO;UNI;8,00;8,25
228273;216-1985L-AE;STOP MAZDA BT-50 - 2009-2011.;TW;DEPO;UNI;6,00;27,00
228274;216-1985R-AE;STOP MAZDA BT-50 - 2009-2011.;TW;DEPO;UNI;6,00;27,00
228305;216-1974L-UE;STOP MAZDA DEMIO 2007-2010;TW;DEPO;UNI;11,00;43,00
228306;216-1974R-UE;STOP MAZDA DEMIO 2007-2010;TW;DEPO;UNI;11,00;43,00
224723;331-1951-L-US;STOP MERCURY SPORTS 97 MOUNTAINEER USA;TW;DEPO;UNI;3,00;23,00
224724;331-1951-R-US;STOP MERCURY SPORTS 97 MOUNTAINEER USA;TW;DEPO;UNI;3,00;23,00
228221;214-19A9L-AE;STOP MIT.LANCER 2008/2009 ROJO/NARANJA;TW;DEPO;UNI;9,00;46,50
228222;214-19A9R-AE;STOP MIT.LANCER 2008/2009 ROJO/NARANJA;TW;DEPO;UNI;9,00;46,50
224776;214-1977L-A;STOP MITSUBISHI MINI PAJERO 2002;TW;DEPO;UNI;22,00;31,00
224777;214-1977R-A;STOP MITSUBISHI MINI PAJERO 2002;TW;DEPO;UNI;23,00;31,00
224618;214-1938L-2A;STOP MITSUBISHI PAJERO/MONTERO 95 BORDE NEGRO;TW;DEPO;UNI;21,00;15,00
224619;214-1938R-2A;STOP MITSUBISHI PAJERO/MONTERO 95 BORDE NEGRO;TW;DEPO;UNI;15,00;15,00
228235;214-19A1L-U;STOP MITSUBISHI SPORT/PAJERO 06/NATIVA 00-04;TW;DEPO;UNI;7,00;35,00
228236;214-19A1R-U;STOP MITSUBISHI SPORT/PAJERO 06/NATIVA 00-04;TW;DEPO;UNI;7,00;35,00
228388;215-19L6L-UE;STOP NISS. MARCH / MICRA 2010-11;TW;DEPO;PCS;3,00;25,00
228389;215-19L6R-UE;STOP NISS. MARCH / MICRA 2010-11;TW;DEPO;PCS;3,00;25,00
228400;115-1934L-LD-UE;STOP NISS. N-V200  2010.;TW;DEPO;PCS;10,00;47,00
228513;115-1936L-U;STOP NISS. SUNNY 2012-14.;TW;DEPO;PCS;23,00;47,00
228514;115-1936R-U;STOP NISS. SUNNY 2012-14.;TW;DEPO;PCS;23,00;47,00
228390;215-19M4L-A;STOP NISS. URVAN / CARAVAN 2013;TW;DEPO;UNI;6,00;33,50
228391;215-19M4R-A;STOP NISS. URVAN / CARAVAN 2013;TW;DEPO;UNI;6,00;33,50
228426;315-1983L-AS;STOP NISS. VERSA. 2014-15 /NOTE 2013;TW;DEPO;PCS;1,00;51,00
228427;315-1983R-AS;STOP NISS. VERSA. 2014-15 /NOTE 2013;TW;DEPO;PCS;1,00;51,00
228313;315-1956L-AS;STOP NISS. XTERRA  2005-2010 ROJO-BLANCO;TW;DEPO;UNI;7,00;53,00
228314;315-1956R-AS;STOP NISS. XTERRA  2005-2010 ROJO-BLANCO;TW;DEPO;UNI;7,00;53,00
228515;115-1937L-U;STOP NISS.TIDA 2014./ PULSAR 2014;TW;DEPO;PCS;4,00;52,00
228516;115-1937R-U;STOP NISS.TIDA 2014./ PULSAR 2014;TW;DEPO;PCS;4,00;52,00
228197;215-19F9L-AE;STOP NISSAN 720 '98/2000 ROJO/BLANCO;TW;DEPO;UNI;16,00;13,40
228198;215-19F9R-AE;STOP NISSAN 720 '98/2000 ROJO/BLANCO;TW;DEPO;UNI;16,00;13,40
234458;215-19J1-L-A KO;STOP NISSAN CARAVAN E25 02/08 KO;KO;S/M;UNI;19,00;14,50
234459;215-19J1-R-A KO;STOP NISSAN CARAVAN E25 02/08 KO;KO;S/M;UNI;28,00;14,50
224463;215-1919L-2;STOP NISSAN DATSUN CAMIONETA 84/87 UP720 PICK;TW;DEPO;UNI;5,00;4,60
228065;215-19G2PXA;STOP NISSAN FRONTIER CAMIONETA 97/99 TUNING SE;TW;DEPO;SET;5,00;40,50
228303;215-19H1L-UE;STOP NISSAN SUNNY 2003.;TW;DEPO;UNI;4,00;21,50
228304;215-19H1R-UE;STOP NISSAN SUNNY 2003.;TW;DEPO;UNI;4,00;21,50
228297;215-19A8L-U;STOP NISSAN SUNNY SENTRA B14 94/98  ROJO;TW;DEPO;UNI;2,00;13,75
228298;215-19A8R-U;STOP NISSAN SUNNY SENTRA B14 94/98  ROJO;TW;DEPO;UNI;1,00;13,75
228100;215-19A8L-U;STOP NISSAN SUNNY SENTRA B14 94/98 ROJO;TW;DEPO;UNI;3,00;13,75
228185;115-1923L-U;STOP NISSAN TIIDA 2005/2006;TW;DEPO;UNI;22,00;30,00
228186;115-1923R-U;STOP NISSAN TIIDA 2005/2006;TW;DEPO;UNI;21,00;30,00
228201;215-19K9L-AE;STOP NISSAN TIIDA 4D 2007;TW;DEPO;UNI;2,00;37,50
228202;215-19K9R-AE;STOP NISSAN TIIDA 4D 2007;TW;DEPO;UNI;2,00;37,50
224701;315-1906-R-AS;STOP NISSAN URVAN PATHFINDER 96/98;TW;DEPO;UNI;10,00;32,90
224753;212-2922L;STOP REFLECTOR PEQUEÑO TOY HILUX 90/00 YN140/;TW;DEPO;UNI;50,00;3,00
224754;212-2922R;STOP REFLECTOR PEQUEÑO TOY HILUX 98/00 YN140/;TW;DEPO;UNI;50,00;3,00
228311;231-1942L1U;STOP SUZUKI  EVERY-PRONTO 99-2004;TW;DEPO;UNI;12,00;17,00
228312;231-1942R1U;STOP SUZUKI  EVERY-PRONTO 99-2004;TW;DEPO;UNI;12,00;17,00
228096;218-1943L-UE;STOP SUZUKI SWIFT 04-05;TW;DEPO;UNI;6,00;28,00
228097;218-1943R-UE;STOP SUZUKI SWIFT 04-05;TW;DEPO;UNI;6,00;28,00
228327;218-1955L-LD-UE;STOP SUZUKI SX4- 4D.2008 SEDAN;TW;DEPO;PCS;5,00;57,50
228328;218-1955R-LD-UE;STOP SUZUKI SX4- 4D.2008 SEDAN;TW;DEPO;PCS;5,00;57,50
224719;218-1937L-AS;STOP SUZUKI VITARA 98/03 TUNING CRISTAL;TW;DEPO;UNI;4,00;27,00
224720;218-1937R-AS;STOP SUZUKI VITARA 98/03 TUNING CRISTAL;TW;DEPO;UNI;4,00;27,00
224764;318-1906L-AS;STOP SUZUKI VITARA 98/05 Y CHEBROLET TRACKER;TW;DEPO;UNI;2,00;24,50
224765;318-1906R-AS;STOP SUZUKI VITARA 98/05 Y CHEBROLET TRACKER;TW;DEPO;UNI;1,00;24,50
224785;312-1936L-AS;STOP TOY 4 RUNNER 01-02 USA;TW;DEPO;UNI;18,00;41,00
224786;312-1936R-AS;STOP TOY 4 RUNNER 01-02 USA;TW;DEPO;UNI;18,00;41,00
224511;212-1935R-1A;STOP TOY AE91 88/90 CROMADO;TW;DEPO;UNI;12,00;10,00
224512;212-1935L-1A;STOP TOY AE91 88/90 CROMADO;TW;DEPO;UNI;13,00;10,00
224488;212-1930R-A;STOP TOY COASTER 84/90;TW;DEPO;UNI;1,00;8,90
228051;212-19L2L-A;STOP TOY COASTER BB42 93-03/05 BLANCO/ROJO;TW;DEPO;UNI;5,00;21,80
228052;212-19L2R-A;STOP TOY COASTER BB42 93-03/05 BLANCO/ROJO;TW;DEPO;UNI;5,00;21,80
224492;212-1980R-2A;STOP TOY COASTER JUMBO 92/9...;TW;DEPO;UNI;6,00;18,50
224493;212-1980L-2A;STOP TOY COASTER JUMBO 92/9...;TW;DEPO;UNI;1,00;18,50
224497;212-1954L-A;STOP TOY COROLLA 90/91 AUTO;TW;DEPO;UNI;4,00;13,10
224498;212-1967R-A;STOP TOY COROLLA 92 AUTO;TW;DEPO;UNI;10,00;14,90
224499;212-1967L-A;STOP TOY COROLLA 92 AUTO;TW;DEPO;UNI;10,00;14,90
228013;312-1910-R-C-LED;STOP TOY COROLLA 92 VAGONETA C/LED TUNING BLA;KO;S/M;UNI;5,00;9,20
228010;312-1910-L-B-LED;STOP TOY COROLLA 92 VAGONETA C/LED TUNING NE;KO;S/M;UNI;66,00;9,20
228011;312-1910-R-B-LED;STOP TOY COROLLA 92 VAGONETA C/LED TUNING NEG;KO;S/M;UNI;55,00;9,20
224503;212-19B9L-UE;STOP TOY COROLLA 98/2000;TW;DEPO;UNI;19,00;15,10
224504;212-19B9R-UE;STOP TOY COROLLA 98/2000;TW;DEPO;UNI;19,00;15,10
224506;212-1979L-A;STOP TOY COROLLA AE101 92/94 AUTO;TW;DEPO;UNI;7,00;13,92
224715;212-1994L-AE;STOP TOY COROLLA AE110 95 AUTO;TW;DEPO;UNI;15,00;14,50
224716;212-1994R-AE;STOP TOY COROLLA AE110 95 AUTO;TW;DEPO;UNI;9,00;14,50
224743;212-19B7L-A;STOP TOY COROLLA AE110/111 95/98/99 WAGON;TW;DEPO;UNI;20,00;22,80
224744;212-19B7R-A;STOP TOY COROLLA AE110/111 95/98/99 WAGON;TW;DEPO;UNI;10,00;22,80
224517;212-1988R-A;STOP TOY COROLLA CE71, KE 85/87 3 CUERPOS;TW;DEPO;UNI;9,00;11,60
228014;212-1989-U-L-KO;STOP TOY COROLLA CE96 88/91 KO;KO;S/M;UNI;50,00;5,20
228015;212-1989-U-R-KO;STOP TOY COROLLA CE96 88/91 KO;KO;S/M;UNI;50,00;5,20
224509;212-1935R-2A;STOP TOY COROLLA EE90/88/90 NEGRO;TW;DEPO;UNI;19,00;9,40
224510;212-1935L-2A;STOP TOY COROLLA EE90/88/90 NEGRO;TW;DEPO;UNI;9,00;9,40
228146;212-19H1L-UE;STOP TOY COROLLA H/B 01-03 3D/5D;TW;DEPO;UNI;17,00;29,80
228147;212-19H1R-UE;STOP TOY COROLLA H/B 01-03 3D/5D;TW;DEPO;UNI;14,00;29,80
224666;212-1911-R;STOP TOY COROLLA KE30 76/79;TW;DEPO;UNI;4,00;14,25
224683;212-1912R-A;STOP TOY COROLLA KE70 78/81 AUTO;TW;DEPO;UNI;4,00;7,80
234432;212-1941-R-KO;STOP TOY COROLLA KE70 84/87 S/BORDE 2 CUERPOS;KO;S/M;UNI;4,00;3,15
224515;212-1913R-A;STOP TOY COROLLA KE75 82/83 AUTO;TW;DEPO;UNI;9,00;12,00
228148;212-19K4L-UE;STOP TOY COROLLA RUN X 3D/5D 04;TW;DEPO;UNI;10,00;32,00
228149;212-19K4R-UE;STOP TOY COROLLA RUN X 3D/5D 04;TW;DEPO;UNI;10,00;32,00
234456;212-19A5-A-L-KO;STOP TOY CORONA/CALDINA 92 KO;KO;S/M;UNI;1,00;10,00
224526;212-1916R-A;STOP TOY HIACE 84/87;TW;DEPO;UNI;1,00;6,00
224527;212-1916L-A;STOP TOY HIACE 84/87;TW;DEPO;UNI;47,00;6,00
224539;212-1914L-1;STOP TOY HILUX/RUNNER 84/87 CROME;TW;DEPO;UNI;38,00;4,80
234453;HLL01-2539-R;STOP TOY IPSUM ACM26 CA21 2001-2003;KO;S/M;UNI;55,00;13,00
234450;HLL01-2627-001-L;STOP TOY IPSUM SXN20 96;KO;S/M;UNI;69,00;11,20
234451;HLL01-2627-001-R;STOP TOY IPSUM SXN20 96;KO;S/M;UNI;73,00;11,20
224796;212-19B6L-A;STOP TOY LAND CRUISER 98/2002 HZ206/FJ10;TW;DEPO;UNI;14,00;20,00
224797;212-19B6R-A;STOP TOY LAND CRUISER 98/2002 HZ206/FJ10;TW;DEPO;UNI;14,00;20,00
224684;212-1955L-X;STOP TOY LAND CRUISER FJ82 AÑO 93/97;TW;DEPO;UNI;1,00;9,00
224685;212-1955R-X;STOP TOY LAND CRUISER FJ82 AÑO 93/97;TW;DEPO;UNI;31,00;9,00
228191;212-1955L-U;STOP TOY LAND CRUISER FJ82 AÑO 93/97;TW;DEPO;UNI;19,00;6,50
221869;212-19T7L-UE;STOP TOY LAND CRUISER PRADO FJ150-2009 TYPE LED;TW;DEPO;UNI;6,00;63,00
221870;212-19T7R-UE;STOP TOY LAND CRUISER PRADO FJ150-2009 TYPE LED;TW;DEPO;UNI;5,00;63,00
224789;212-1984-L-U;STOP TOY LITE ACE 90 YM31/CM31/KM50;TW;DEPO;UNI;3,00;23,90
224641;212-19D5PXA;STOP TOY PRADO CRISTAL TUNING 95/99 FJ90 VAGO;TW;DEPO;SET;2,00;50,00
224774;212-19G5L-UE;STOP TOY PRADO LAND CRUISER 03/05/06 FJ90 VAGONETA;TW;DEPO;UNI;6,00;29,00
224775;212-19G5R-UE;STOP TOY PRADO LAND CRUISER 03/05/06 FJ90 VAGONETA;TW;DEPO;UNI;6,00;29,00
224636;212-19B0L-A;STOP TOY PRADO/LAND CRUISER 97/99 FJ90 VAGONE;TW;DEPO;UNI;2,00;17,00
224637;212-19B0R-A;STOP TOY PRADO/LAND CRUISER 97/99 FJ90 VAGONE;TW;DEPO;UNI;2,00;17,00
144005;212-19Y002-R;STOP TOY PROBOX 2005;KO;S/M;UNI;6,00;16,00
228061;212-19H6L-UE;STOP TOY RAV 4 03/04;TW;DEPO;UNI;2,00;39,55
228062;212-19H6R-UE;STOP TOY RAV 4 03/04;TW;DEPO;UNI;3,00;39,55
228215;212-19N2L-UE;STOP TOY RAV 4 2005/2007 TIPO LED;TW;DEPO;UNI;6,00;57,00
228216;212-19N2R-UE;STOP TOY RAV 4 2005/2007 TIPO LED;TW;DEPO;UNI;6,00;57,00
224733;212-19K7-L-AQ;STOP TOY RAV 4 98/2001/02;TW;DEPO;UNI;13,00;22,80
224734;212-19K7-R-AQ;STOP TOY RAV 4 98/2001/02;TW;DEPO;UNI;12,00;22,80
224552;212-1970R-A;STOP TOY RUNNER 88/9....;TW;DEPO;UNI;5,00;15,00
144000;212-19Y000-R;STOP TOY SPRINTER 98/2000 AUTO KO;KO;S/M;UNI;2,00;16,00
144001;212-19Y000-R;STOP TOY SPRINTER 98/2000 AUTO KO;KO;S/M;UNI;1,00;16,00
234440;212-19A2-L-KO;STOP TOY STARLET 96 EP90 99 KO;KO;S/M;UNI;256,00;12,50
234441;212-19A2-R-KO;STOP TOY STARLET 96 EP90 99 KO;KO;S/M;UNI;264,00;12,50
228125;312-1969R-AS;STOP TOY TACOMA 05/08 USA;TW;DEPO;UNI;5,00;49,90
228124;312-1969L-AS;STOP TOY TACOMA 05/08/ USA;TW;DEPO;UNI;5,00;49,90
228140;112-1902L-U;STOP TOY TERCEL 99-02;TW;DEPO;UNI;4,00;25,25
228141;112-1902R-U;STOP TOY TERCEL 99-02;TW;DEPO;UNI;4,00;25,25
228134;312-1967L-AS;STOP TOY TUNDRA  2005/0606 DOBLE CABIN;TW;DEPO;UNI;4,00;58,00
228135;312-1967R-AS;STOP TOY TUNDRA  2005/0606 DOBLE CABIN;TW;DEPO;UNI;4,00;58,00
224562;212-1941L;STOP TOY VAGONETA 85/87 S/BORDE KE70 2 CUERPO;TW;DEPO;UNI;12,00;4,80
228179;212-19P3L-LD-AE;STOP TOY VITZ/YARIS. 5D.'05/06;TW;DEPO;UNI;12,00;33,99
234454;212-19B7-L-KO;STOP TOY. COROLLA 98 KO;KO;S/M;UNI;27,00;8,50
234455;212-19B7-R-KO;STOP TOY. COROLLA 98 KO;KO;S/M;UNI;37,00;8,50
228277;312-1981L-US;STOP TOY. CRUISER FJ 2007-11 ROJO/BLANCO CRISTAL;TW;DEPO;UNI;4,00;69,00
228278;312-1981R-US;STOP TOY. CRUISER FJ 2007-11 ROJO/BLANCO CRISTAL;TW;DEPO;UNI;4,00;69,00
228270;212-19R2L-UE;STOP TOY. RAV4 08. TIPO LED;TW;DEPO;PCS;6,00;63,50
228271;212-19R2R-UE;STOP TOY. RAV4 08. TIPO LED;TW;DEPO;PCS;6,00;63,50
228396;212-19T3L-RD-UE;STOP TOY. VITZ/YARIS 2009-10.;TW;DEPO;UNI;6,00;43,50
228397;212-19T3R-LD-UE;STOP TOY. VITZ/YARIS 2009-10.;TW;DEPO;UNI;6,00;43,50
228287;212-19Q3L-UE;STOP TOY.COROLLA SEDAN 07-08;TW;DEPO;UNI;10,00;24,00
228288;212-19Q3R-UE;STOP TOY.COROLLA SEDAN 07-08;TW;DEPO;UNI;10,00;24,00
228448;212-19X1L-UE;STOP TOY.YARIS / VITZ. 2011-13.;TW;DEPO;PCS;3,00;27,00
228449;212-19X1R-UE;STOP TOY.YARIS / VITZ. 2011-13.;TW;DEPO;PCS;3,00;27,00
144003;212-19Y001-L;STOP TOYOTA SPACIO 99/00 KO;KO;S/M;UNI;5,00;11,20
214806;C-12D;TAPA DE RADIADOR TOY 0,9 KG 92/95 UNIV CHICO HKT;JAP;HKT;UNI;949,00;2,50
860142;HQ-48810-65J00;TERMINAL DE DIREC. DE SUZUKI ESCUDO/ GRAND VITARA /SX4;KO;YOI;UNI;518,00;2,18
860129;4504729065;TERMINAL DE DIREC. TOY LUCIDA/ESTIMA/EMINA ( L ) '90-2000;KO;YOI;UNI;918,00;3,50
860128;4504629235;TERMINAL DE DIREC. TOY LUCIDA/ESTIMA/EMINA ( R ) '90-2000;KO;YOI;UNI;958,00;3,50
860161;HQ-860161;TERMINAL DE DIRECCION  DE TOYOTA STARLET EP91 '1994-1998;KO;YOI;UNI;378,00;3,15
860148;HQ-45046-39275;TERMINAL DE DIRECCION LARGO-CORTO DE TOYOTA COASTER JUMBO  ´1999-2005;KO;YOI;UNI;128,00;5,83
124846;45047-29075-Y-L;TERMINAL DIREC TOY CALDINA L COR CT190 ST;KO;YOI;UNI;1.518,00;2,89
860067;HQ-45046-19175-Y;TERMINAL DIREC TOY COROLLA 84/95 T/DEL;KO;YOI;UNI;5,00;2,24
860068;HQ-45047-29075-Y-L;TERMINAL DIREC. TOY CALDINA L COR CT190 ST;KO;YOI;UNI;1.730,00;2,89
860070;45046-39165-Y;TERMINAL DIREC. TOY HILUX/HIACE R/L LN30/YN61/YN5;KO;YOI;UNI;598,00;2,48
860090;45046-29325;TERMINAL DIRECCION TOY HIACE  2002;KO;YOI;UNI;1.268,00;3,19
860250;HQ-860250;TERMINAL DIRECION TOYOTA COROLLA   2015-2018;KO;YOI;UNI;148,00;3,15
850065;HQ NI-1-1009A;TERMINAL EXT DE JUNTA H. NISS 25X22 B13 ABS;KO;YOI;UNI;29,00;14,40
850045;HQ NI-1-1134;TERMINAL EXT DE JUNTA H. NISS AD 05/ADEL;KO;YOI;UNI;29,00;13,40
850039;HQ NI-1-1102;TERMINAL EXT DE JUNTA H. NISS VERSA/TIIDA;KO;YOI;UNI;115,00;13,40
850008;HQ NI-1-1014;TERMINAL EXT DE JUNTA H. NISS. MAXIMA/SERENA 85/92;KO;YOI;UNI;79,00;15,60
850047;HQ NI-1-1072;TERMINAL EXT JUNTA H. NISS. NV200, APV;KO;YOI;UNI;59,00;12,30
850064;HQ NI-1-1045A1;TERMINAL EXT JUNTA NISS MAXIMA 29x56x25ABS;KO;YOI;UNI;139,00;18,55
850043;HQ TO-1-1058A;TERMINAL EXT JUNTA TOY 24X26 R58 C/ABS VITZ /YARIS /PLATZ;KO;YOI;UNI;149,00;13,00
850058;HQ TO-1-1152A;TERMINAL EXT JUNTA TOY 26X56X29 COROLLA 03/08 MATRIX;KO;YOI;UNI;29,00;14,20
850052;HQ SK-1-1009;TERMINAL EXT,DE H. JUNTA SZ GRAND VITARA;KO;YOI;UNI;29,00;12,80
850051;HQ TO-1-1107;TERMINAL EXT,DE JUNTA H. TY HILUX VIGO 06/08/12;KO;YOI;UNI;155,00;19,20
850006;HQ NI-1-1043;TERMINAL EXT. DE JUNTA H. NISS. (BLUEBIRD / PRESEA);KO;YOI;UNI;60,00;13,45
850059;HQ NI-1-1093;TERMINAL EXT. DE JUNTA H. NISS. FRONTIER/NP300/PATHFINDER;KO;YOI;UNI;28,00;17,80
850012;HQ NI-1-1034;TERMINAL EXT. DE JUNTA H. NISS. PICK UP 4X4WD -SERENA;KO;YOI;UNI;318,00;16,90
850013;HQ NI-1-1022;TERMINAL EXT. DE JUNTA H. NISS. PICK UP 6 Cyl. 89/97 (PATHFINDER);KO;YOI;UNI;59,00;17,10
850016;HQ TO-1-1011;TERMINAL EXT. DE JUNTA H. TOY. AE100 92/AE92 26X24X56;KO;YOI;UNI;1.348,00;12,70
850019;HQ TO-1-1010;TERMINAL EXT. DE JUNTA H. TOY. AE90/EE80  26X23X56 TO-1-1001-(133208);KO;YOI;UNI;1.480,00;12,30
850020;HQ TO-1-1010A;TERMINAL EXT. DE JUNTA H. TOY. AE90/EE80 C/ABS 26X23X56 TO-1-1001-ABS (133220);KO;YOI;UNI;4.230,00;13,30
850021;HQ TO-1-1025;TERMINAL EXT. DE JUNTA H. TOY. CELICA/CORONA/CARINA/ 85/97 ST162/ST171 CAMRY 2,2L;KO;YOI;UNI;280,00;13,80
850022;HQ TO-1-1027A;TERMINAL EXT. DE JUNTA H. TOY. PROBOX 24x58x23 C/ABS;KO;YOI;UNI;2.009,00;13,70
850060;HQ TO-1-1192;TERMINAL EXT. DE JUNTA H. TOY. RAV-4 2.4/2.5L;KO;YOI;UNI;69,00;13,10
850024;HQ TO-1-1004A;TERMINAL EXT. DE JUNTA H. TOY. STARLET 90 EP81 ABS;KO;YOI;UNI;89,00;13,85
850025;HQ TO-1-1019;TERMINAL EXT. DE JUNTA H. TOY. T100 4WD 93/98;KO;YOI;UNI;119,00;15,80
850082;HQ NI-3-5037;TERMINAL IN. DE JUNTA H. NISS. B12-B13 90/2006 ;KO;YOI;UNI;39,00;15,25
850080;HQ TO-3-5010;TERMINAL IN. DE JUNTA H. TOY.   IPSUM SXM10 1996-2001 ;KO;YOI;UNI;28,00;28,20
850033;HQ TO-3-5009;TERMINAL IN. DE JUNTA H. TOY. AE80  23X34X23;KO;YOI;UNI;2,00;16,20
850034;HQ TO-3-5025;TERMINAL IN. DE JUNTA H. TOY. AE80 TERCEL 93/94  23X24X23;KO;YOI;UNI;40,00;16,60
850035;HQ TO-3-5034;TERMINAL IN. DE JUNTA H. TOY. CE100 CE90/92 20X35X23 - 88.6;KO;YOI;UNI;129,00;17,60
860152;HQ-45047-39165;TERMINAL LARGO DE TOYOTA COASTER BB20/JUMBO '1984-2005;KO;YOI;UNI;152,00;9,41
860107;860107;TERMINAL TOYOTA RUNNER HILO NORMAL 20 (L);KO;YOI;UNI;274,00;3,41
860126;860126;TERMINAL TOYOTA RUNNER HILO NORMAL 20 (R);KO;YOI;UNI;244,00;3,41
860081;HQ-48068-;TIJERAL DER.TOY. PROBOX 2WD/ 2NZ/ YARIS 99/ CON BUJE;KO;YOI;UNI;84,00;14,68
860080;HQ-48069-59035-L-Y;TIJERAL IZQ.TOY. PROBOX 2WD/ 2NZ/ YARIS 99/ CON BUJE;KO;YOI;UNI;86,00;14,68
860076;HQ-48069-19045-L;TIJERAL/BANDEJA C/ROTULA TOY KE70 LH C/TETON;KO;YOI;UNI;79,00;14,81
860077;HQ-48068-19045-R;TIJERAL/BANDEJA C/ROTULA TOY KE70 RH C/TETON;KO;YOI;UNI;80,00;14,81
860111;HQ-48069-12250-L;TIJERAL/BANDEJA TOY 2002 LH;KO;YOI;UNI;123,00;15,06
860112;HQ-48068-12250-R;TIJERAL/BANDEJA TOY 2002 RH;KO;YOI;UNI;122,00;15,06
860079;48069-12180-L-Y;TIJERAL/BANDEJA TOY AE100 98 LH;KO;YOI;UNI;49,00;15,06
860078;48068-12180-R-Y;TIJERAL/BANDEJA TOY AE100 98 RH;KO;YOI;UNI;69,00;15,06
860113;HQ-48069-12130-L ;TIJERAL/BANDEJA TOY COROLLA AE81/92 LH;KO;YOI;UNI;67,00;15,55
860114;HQ-48068-;TIJERAL/BANDEJA TOY COROLLA AE81/92 RH;KO;YOI;UNI;85,00;15,55
325037;JM-967C;TOMA AIRE C/CARBON C/PEGAMENTO T/OJITO AA;TW;NAK;SET;43,00;2,80
225552;215-1219L;VICEL DE FARO NISS UD10 1984 / CONDOR;TW;DEPO;PCS;50,00;9,00
225553;215-1219R;VICEL DE FARO NISS UD10 1984 / CONDOR;TW;DEPO;PCS;50,00;9,00
225550;215-1213L;VICEL DE FARO NISS.UD340 / CONDOR;TW;DEPO;PCS;50,00;9,00
225551;215-1213R;VICEL DE FARO NISS.UD340 / CONDOR;TW;DEPO;PCS;50,00;9,00
225400;212-1207-KO-R;VICEL FOCO REDONDO TOY COASTER 87 2DA;KO;DENNY;UNI;172,00;3,99
225401;212-1207-KO-L;VICEL FOCO REDONDO TOY COASTER 87 2DA;KO;DENNY;UNI;180,00;3,99
225462;MZ07054HAL;VICEL MAZDA B2200 97/98 PLATA-NEG;TW;TYG;UNI;2,00;6,50
225463;MZ07054HAR;VICEL MAZDA B2200 97/98 PLATA-NEG;TW;TYG;UNI;1,00;6,50
225532;MZ07046HAL;VICEL MAZDA E2200 92/93 VAN  PLATA;TW;TYG;UNI;10,00;14,39
225533;MZ07046HAR;VICEL MAZDA E2200 92/93 VAN  PLATA;TW;TYG;UNI;9,00;14,39
225530;DS07041HAL;VICEL NISSAN SENTRA/B11 84/86 CROME/ ARG;TW;TYG;UNI;10,00;4,90
225531;DS07041HAR;VICEL NISSAN SENTRA/B11 84/86 CROME/ ARG;TW;TYG;UNI;9,00;4,90
225474;215-1209-2-L;VICEL NISSAN URVAN E23 81/82 LH PLATA-GRIS;TW;TYG;UNI;5,00;3,85
225475;215-1209-2-R;VICEL NISSAN URVAN E23 81/82 RH PLATA-GRIS;TW;TYG;UNI;4,00;3,85
225496;215-2505L;VICEL TOMA AIRE NISSAN PATHFINDER 87/95 CAMI;TW;DEPO;UNI;25,00;1,80
225497;215-2505R;VICEL TOMA AIRE NISSAN PATHFINDER 87/95 CAMI;TW;DEPO;UNI;24,00;1,80
225429;212-1203-L;VICEL TOY COROLLA KE70/KE75 82/83;TW;TYG;UNI;50,00;5,11
225517;212-1217-R;VICEL TOY CORONA 79/80  CROM NEG RH (53131-29125);TW;TYG;UNI;9,00;6,48
225438;212-1223-R;VICEL TOY HIACE 89/93 LOBO GRIS/OSCURO;TW;TYG;UNI;184,00;3,15
225439;212-1223-L;VICEL TOY HIACE 89/93 LOBO GRIS/OSCURO;TW;TYG;UNI;185,00;3,15
225464;53140-26010-HL;VICEL TOY HIACE 95/98 LOBO HL;TW;TYG;UNI;103,00;9,50
225465;53130-26010-HR;VICEL TOY HIACE 95/98 LOBO RH;TW;TYG;UNI;103,00;9,50
225442;212-1226-1R;VICEL TOY HILUX 89/91 CROME/NEGRO;TW;TYG;UNI;4,00;5,00
225443;212-1226-1L;VICEL TOY HILUX 89/91 CROME/NEGRO;TW;TYG;UNI;5,00;5,00
225408;53131-35050-R;VICEL TOY HILUX 92/95 NEGRO;TW;DENNY;UNI;5,00;5,00
225409;TY07132HAL;VICEL TOY HILUX 92/95 NEGRO;TW;DENNY;UNI;5,00;5,00
144902;212-20Y001-L-KO;VICEL TOY NOAH 96/98;KO;S/M;UNI;52,00;7,10
144903;212-20Y001-R-KO;VICEL TOY NOAH 96/98;KO;S/M;UNI;32,00;7,10
235411;53132-28061-R-KO;VICEL TOY. NOAH 98-00 KO;KO;S/M;UNI;132,00;5,00
235412;53132-28061-L-KO;VICEL TOY. NOAH 98-00 KO;KO;S/M;UNI;133,00;5,00
235404;212-1231-2-L-KO;VICEL TOY/COROLLA VAGONETA 87 NEGRO KO;KO;S/M;UNI;1,00;4,35
235400;212-1223-R-KO;VICEL TOY/HIACE 90 LOBO;KO;DENNY;UNI;192,00;2,45
235401;212-1223-L-KO;VICEL TOY/HIACE 90 LOBO;KO;DENNY;UNI;193,00;2,45
225484;47-212-1112-KO-L;VIDRIO DE FAROL TOY COROLLA 88/91 KO;KO;S/M;UNI;3,00;3,50
225486;47-212-1142-KO-L;VIDRIO DE FAROL TOY COROLLA 92 KO;KO;S/M;UNI;9,00;3,50
225487;47-212-1142-KO-R;VIDRIO DE FAROL TOY COROLLA 92 KO;KO;S/M;UNI;23,00;3,50
225488;47-212-1193P-LD-KO;VIDRIO DE FAROL TOY COROLLA 99 CRISTAL NEGRO;TW;DEPO;UNI;2,00;3,50
225489;47-212-1193P-RD-KO;VIDRIO DE FAROL TOY COROLLA 99 CRISTAL NEGRO;TW;DEPO;UNI;1,00;3,50
225454;47-212-1128-L;VIDRIO DE FAROL TOY CORONA AT151 88/89;TW;DEPO;UNI;13,00;6,40
;;;;;;;
;;;;;;;
;;;;;;;
;;;;;;;
;;;;;;;
;;;;;;;
;;;;;;;
;;;;;;;
;;;;;;;
;;;;;;;
;;;;;;;
;;;;;;;
;;;;;;;
;;;;;;;
;;;;;;;
;;;;;;;
;;;;;;;
;;;;;;;
;;;;;;;
;;;;;;;
;;;;;;;
;;;;;;;
;;;;;;;
;;;;;;;
;;;;;;;
;;;;;;;
;;;;;;;
;;;;;;;
;;;;;;;
;;;;;;;
;;;;;;;
;;;;;;;
;;;;;;;
;;;;;;;
;;;;;;;
;;;;;;;
;;;;;;;
;;;;;;;
;;;;;;;
;;;;;;;
;;;;;;;
;;;;;;;
;;;;;;;
;;;;;;;
;;;;;;;
;;;;;;;
;;;;;;;
;;;;;;;
;;;;;;;
;;;;;;;
;;;;;;;
;;;;;;;
;;;;;;;
;;;;;;;
;;;;;;;
;;;;;;;
;;;;;;;
;;;;;;;
;;;;;;;
;;;;;;;
;;;;;;;
;;;;;;;
;;;;;;;
;;;;;;;
;;;;;;;
;;;;;;;
;;;;;;;
;;;;;;;
;;;;;;;
;;;;;;;
;;;;;;;
;;;;;;;
;;;;;;;
;;;;;;;
;;;;;;;
;;;;;;;
;;;;;;;
;;;;;;;
;;;;;;;
;;;;;;;
;;;;;;;
;;;;;;;
;;;;;;;
;;;;;;;
;;;;;;;
;;;;;;;
;;;;;;;
;;;;;;;
;;;;;;;
;;;;;;;
;;;;;;;
;;;;;;;
;;;;;;;
;;;;;;;
;;;;;;;
;;;;;;;
;;;;;;;
;;;;;;;
;;;;;;;
;;;;;;;
;;;;;;;
;;;;;;;
;;;;;;;
;;;;;;;
;;;;;;;
;;;;;;;
;;;;;;;
;;;;;;;
;;;;;;;
;;;;;;;
;;;;;;;
;;;;;;;
;;;;;;;
;;;;;;;
;;;;;;;
;;;;;;;
;;;;;;;
;;;;;;;
;;;;;;;
;;;;;;;
;;;;;;;
;;;;;;;
;;;;;;;
;;;;;;;
;;;;;;;
;;;;;;;
;;;;;;;
;;;;;;;
;;;;;;;
;;;;;;;
;;;;;;;
;;;;;;;
;;;;;;;
;;;;;;;
;;;;;;;
;;;;;;;
;;;;;;;
;;;;;;;
;;;;;;;
;;;;;;;
;;;;;;;
;;;;;;;
;;;;;;;
;;;;;;;
;;;;;;;
;;;;;;;
;;;;;;;
;;;;;;;
;;;;;;;
;;;;;;;
;;;;;;;
;;;;;;;
;;;;;;;
;;;;;;;
;;;;;;;
;;;;;;;
;;;;;;;
;;;;;;;
;;;;;;;
;;;;;;;
;;;;;;;
;;;;;;;
;;;;;;;
;;;;;;;
;;;;TOTAL GENERAL:;;226.352,50;